[2026-04-11 19:13:54] production.ERROR: The C:\Users\USUARIO\Downloads\laravelProgramacion3\holalaravel-main\bootstrap\cache directory must be present and writable. {"exception":"[object] (Exception(code: 0): The C:\\Users\\USUARIO\\Downloads\\laravelProgramacion3\\holalaravel-main\\bootstrap\\cache directory must be present and writable. at C:/Users/USUARIO/Downloads/laravelProgramacion3/holalaravel-main/vendor/laravel/framework/src/Illuminate/Foundation/PackageManifest.php:179)
[stacktrace]
#0 C:/Users/USUARIO/Downloads/laravelProgramacion3/holalaravel-main/vendor/laravel/framework/src/Illuminate/Foundation/PackageManifest.php(132): Illuminate/Foundation/PackageManifest->write(Array)
#1 C:/Users/USUARIO/Downloads/laravelProgramacion3/holalaravel-main/vendor/laravel/framework/src/Illuminate/Foundation/PackageManifest.php(108): Illuminate/Foundation/PackageManifest->build()
#2 C:/Users/USUARIO/Downloads/laravelProgramacion3/holalaravel-main/vendor/laravel/framework/src/Illuminate/Foundation/PackageManifest.php(90): Illuminate/Foundation/PackageManifest->getManifest()
#3 C:/Users/USUARIO/Downloads/laravelProgramacion3/holalaravel-main/vendor/laravel/framework/src/Illuminate/Foundation/PackageManifest.php(79): Illuminate/Foundation/PackageManifest->config('aliases')
#4 C:/Users/USUARIO/Downloads/laravelProgramacion3/holalaravel-main/vendor/laravel/framework/src/Illuminate/Foundation/Bootstrap/RegisterFacades.php(26): Illuminate/Foundation/PackageManifest->aliases()
#5 C:/Users/USUARIO/Downloads/laravelProgramacion3/holalaravel-main/vendor/laravel/framework/src/Illuminate/Foundation/Application.php(342): Illuminate/Foundation/Bootstrap/RegisterFacades->bootstrap(Object(Illuminate/Foundation/Application))
#6 C:/Users/USUARIO/Downloads/laravelProgramacion3/holalaravel-main/vendor/laravel/framework/src/Illuminate/Foundation/Console/Kernel.php(494): Illuminate/Foundation/Application->bootstrapWith(Array)
#7 C:/Users/USUARIO/Downloads/laravelProgramacion3/holalaravel-main/vendor/laravel/framework/src/Illuminate/Foundation/Console/Kernel.php(196): Illuminate/Foundation/Console/Kernel->bootstrap()
#8 C:/Users/USUARIO/Downloads/laravelProgramacion3/holalaravel-main/vendor/laravel/framework/src/Illuminate/Foundation/Application.php(1235): Illuminate/Foundation/Console/Kernel->handle(Object(Symfony/Component/Console/Input/ArgvInput), Object(Symfony/Component/Console/Output/ConsoleOutput))
#9 C:/Users/USUARIO/Downloads/laravelProgramacion3/holalaravel-main/artisan(16): Illuminate/Foundation/Application->handleCommand(Object(Symfony/Component/Console/Input/ArgvInput))
#10 {main}
"} 
[2026-04-11 19:23:12] production.ERROR: The C:\Users\USUARIO\Downloads\laravelProgramacion3\holalaravel-main\bootstrap\cache directory must be present and writable. {"exception":"[object] (Exception(code: 0): The C:\\Users\\USUARIO\\Downloads\\laravelProgramacion3\\holalaravel-main\\bootstrap\\cache directory must be present and writable. at C:/Users/USUARIO/Downloads/laravelProgramacion3/holalaravel-main/vendor/laravel/framework/src/Illuminate/Foundation/PackageManifest.php:179)
[stacktrace]
#0 C:/Users/USUARIO/Downloads/laravelProgramacion3/holalaravel-main/vendor/laravel/framework/src/Illuminate/Foundation/PackageManifest.php(132): Illuminate/Foundation/PackageManifest->write(Array)
#1 C:/Users/USUARIO/Downloads/laravelProgramacion3/holalaravel-main/vendor/laravel/framework/src/Illuminate/Foundation/PackageManifest.php(108): Illuminate/Foundation/PackageManifest->build()
#2 C:/Users/USUARIO/Downloads/laravelProgramacion3/holalaravel-main/vendor/laravel/framework/src/Illuminate/Foundation/PackageManifest.php(90): Illuminate/Foundation/PackageManifest->getManifest()
#3 C:/Users/USUARIO/Downloads/laravelProgramacion3/holalaravel-main/vendor/laravel/framework/src/Illuminate/Foundation/PackageManifest.php(79): Illuminate/Foundation/PackageManifest->config('aliases')
#4 C:/Users/USUARIO/Downloads/laravelProgramacion3/holalaravel-main/vendor/laravel/framework/src/Illuminate/Foundation/Bootstrap/RegisterFacades.php(26): Illuminate/Foundation/PackageManifest->aliases()
#5 C:/Users/USUARIO/Downloads/laravelProgramacion3/holalaravel-main/vendor/laravel/framework/src/Illuminate/Foundation/Application.php(342): Illuminate/Foundation/Bootstrap/RegisterFacades->bootstrap(Object(Illuminate/Foundation/Application))
#6 C:/Users/USUARIO/Downloads/laravelProgramacion3/holalaravel-main/vendor/laravel/framework/src/Illuminate/Foundation/Console/Kernel.php(494): Illuminate/Foundation/Application->bootstrapWith(Array)
#7 C:/Users/USUARIO/Downloads/laravelProgramacion3/holalaravel-main/vendor/laravel/framework/src/Illuminate/Foundation/Console/Kernel.php(196): Illuminate/Foundation/Console/Kernel->bootstrap()
#8 C:/Users/USUARIO/Downloads/laravelProgramacion3/holalaravel-main/vendor/laravel/framework/src/Illuminate/Foundation/Application.php(1235): Illuminate/Foundation/Console/Kernel->handle(Object(Symfony/Component/Console/Input/ArgvInput), Object(Symfony/Component/Console/Output/ConsoleOutput))
#9 C:/Users/USUARIO/Downloads/laravelProgramacion3/holalaravel-main/artisan(16): Illuminate/Foundation/Application->handleCommand(Object(Symfony/Component/Console/Input/ArgvInput))
#10 {main}
"} 
[2026-04-11 19:23:44] production.ERROR: The C:\Users\USUARIO\Downloads\laravelProgramacion3\holalaravel-main\bootstrap\cache directory must be present and writable. {"exception":"[object] (Exception(code: 0): The C:\\Users\\USUARIO\\Downloads\\laravelProgramacion3\\holalaravel-main\\bootstrap\\cache directory must be present and writable. at C:/Users/USUARIO/Downloads/laravelProgramacion3/holalaravel-main/vendor/laravel/framework/src/Illuminate/Foundation/PackageManifest.php:179)
[stacktrace]
#0 C:/Users/USUARIO/Downloads/laravelProgramacion3/holalaravel-main/vendor/laravel/framework/src/Illuminate/Foundation/PackageManifest.php(132): Illuminate/Foundation/PackageManifest->write(Array)
#1 C:/Users/USUARIO/Downloads/laravelProgramacion3/holalaravel-main/vendor/laravel/framework/src/Illuminate/Foundation/PackageManifest.php(108): Illuminate/Foundation/PackageManifest->build()
#2 C:/Users/USUARIO/Downloads/laravelProgramacion3/holalaravel-main/vendor/laravel/framework/src/Illuminate/Foundation/PackageManifest.php(90): Illuminate/Foundation/PackageManifest->getManifest()
#3 C:/Users/USUARIO/Downloads/laravelProgramacion3/holalaravel-main/vendor/laravel/framework/src/Illuminate/Foundation/PackageManifest.php(79): Illuminate/Foundation/PackageManifest->config('aliases')
#4 C:/Users/USUARIO/Downloads/laravelProgramacion3/holalaravel-main/vendor/laravel/framework/src/Illuminate/Foundation/Bootstrap/RegisterFacades.php(26): Illuminate/Foundation/PackageManifest->aliases()
#5 C:/Users/USUARIO/Downloads/laravelProgramacion3/holalaravel-main/vendor/laravel/framework/src/Illuminate/Foundation/Application.php(342): Illuminate/Foundation/Bootstrap/RegisterFacades->bootstrap(Object(Illuminate/Foundation/Application))
#6 C:/Users/USUARIO/Downloads/laravelProgramacion3/holalaravel-main/vendor/laravel/framework/src/Illuminate/Foundation/Console/Kernel.php(494): Illuminate/Foundation/Application->bootstrapWith(Array)
#7 C:/Users/USUARIO/Downloads/laravelProgramacion3/holalaravel-main/vendor/laravel/framework/src/Illuminate/Foundation/Console/Kernel.php(196): Illuminate/Foundation/Console/Kernel->bootstrap()
#8 C:/Users/USUARIO/Downloads/laravelProgramacion3/holalaravel-main/vendor/laravel/framework/src/Illuminate/Foundation/Application.php(1235): Illuminate/Foundation/Console/Kernel->handle(Object(Symfony/Component/Console/Input/ArgvInput), Object(Symfony/Component/Console/Output/ConsoleOutput))
#9 C:/Users/USUARIO/Downloads/laravelProgramacion3/holalaravel-main/artisan(16): Illuminate/Foundation/Application->handleCommand(Object(Symfony/Component/Console/Input/ArgvInput))
#10 {main}
"} 
[2026-04-11 19:25:16] production.ERROR: No application encryption key has been specified. {"exception":"[object] (Illuminate\\Encryption\\MissingAppKeyException(code: 0): No application encryption key has been specified. at C:/Users/USUARIO/Downloads/laravelProgramacion3/holalaravel-main/vendor/laravel/framework/src/Illuminate/Encryption/EncryptionServiceProvider.php:83)
[stacktrace]
#0 C:/Users/USUARIO/Downloads/laravelProgramacion3/holalaravel-main/vendor/laravel/framework/src/Illuminate/Support/helpers.php(393): Illuminate/Encryption/EncryptionServiceProvider->Illuminate/Encryption/{closure}(NULL)
#1 C:/Users/USUARIO/Downloads/laravelProgramacion3/holalaravel-main/vendor/laravel/framework/src/Illuminate/Encryption/EncryptionServiceProvider.php(81): tap(NULL, Object(Closure))
#2 C:/Users/USUARIO/Downloads/laravelProgramacion3/holalaravel-main/vendor/laravel/framework/src/Illuminate/Encryption/EncryptionServiceProvider.php(64): Illuminate/Encryption/EncryptionServiceProvider->key(Array)
#3 C:/Users/USUARIO/Downloads/laravelProgramacion3/holalaravel-main/vendor/laravel/framework/src/Illuminate/Encryption/EncryptionServiceProvider.php(32): Illuminate/Encryption/EncryptionServiceProvider->parseKey(Array)
#4 C:/Users/USUARIO/Downloads/laravelProgramacion3/holalaravel-main/vendor/laravel/framework/src/Illuminate/Container/Container.php(1115): Illuminate/Encryption/EncryptionServiceProvider->Illuminate/Encryption/{closure}(Object(Illuminate/Foundation/Application), Array)
#5 C:/Users/USUARIO/Downloads/laravelProgramacion3/holalaravel-main/vendor/laravel/framework/src/Illuminate/Container/Container.php(933): Illuminate/Container/Container->build(Object(Closure))
#6 C:/Users/USUARIO/Downloads/laravelProgramacion3/holalaravel-main/vendor/laravel/framework/src/Illuminate/Foundation/Application.php(1078): Illuminate/Container/Container->resolve('encrypter', Array, true)
#7 C:/Users/USUARIO/Downloads/laravelProgramacion3/holalaravel-main/vendor/laravel/framework/src/Illuminate/Container/Container.php(864): Illuminate/Foundation/Application->resolve('encrypter', Array)
#8 C:/Users/USUARIO/Downloads/laravelProgramacion3/holalaravel-main/vendor/laravel/framework/src/Illuminate/Foundation/Application.php(1058): Illuminate/Container/Container->make('encrypter', Array)
#9 C:/Users/USUARIO/Downloads/laravelProgramacion3/holalaravel-main/vendor/laravel/framework/src/Illuminate/Container/Container.php(1336): Illuminate/Foundation/Application->make('encrypter')
#10 C:/Users/USUARIO/Downloads/laravelProgramacion3/holalaravel-main/vendor/laravel/framework/src/Illuminate/Container/Container.php(1237): Illuminate/Container/Container->resolveClass(Object(ReflectionParameter), 'Illuminate//Cont...')
#11 C:/Users/USUARIO/Downloads/laravelProgramacion3/holalaravel-main/vendor/laravel/framework/src/Illuminate/Container/Container.php(1162): Illuminate/Container/Container->resolveDependencies(Array)
#12 C:/Users/USUARIO/Downloads/laravelProgramacion3/holalaravel-main/vendor/laravel/framework/src/Illuminate/Container/Container.php(933): Illuminate/Container/Container->build('Illuminate//Cook...')
#13 C:/Users/USUARIO/Downloads/laravelProgramacion3/holalaravel-main/vendor/laravel/framework/src/Illuminate/Foundation/Application.php(1078): Illuminate/Container/Container->resolve('Illuminate//Cook...', Array, true)
#14 C:/Users/USUARIO/Downloads/laravelProgramacion3/holalaravel-main/vendor/laravel/framework/src/Illuminate/Container/Container.php(864): Illuminate/Foundation/Application->resolve('Illuminate//Cook...', Array)
#15 C:/Users/USUARIO/Downloads/laravelProgramacion3/holalaravel-main/vendor/laravel/framework/src/Illuminate/Foundation/Application.php(1058): Illuminate/Container/Container->make('Illuminate//Cook...', Array)
#16 C:/Users/USUARIO/Downloads/laravelProgramacion3/holalaravel-main/vendor/laravel/framework/src/Illuminate/Pipeline/Pipeline.php(208): Illuminate/Foundation/Application->make('Illuminate//Cook...')
#17 C:/Users/USUARIO/Downloads/laravelProgramacion3/holalaravel-main/vendor/laravel/framework/src/Illuminate/Pipeline/Pipeline.php(137): Illuminate/Pipeline/Pipeline->Illuminate/Pipeline/{closure}(Object(Illuminate/Http/Request))
#18 C:/Users/USUARIO/Downloads/laravelProgramacion3/holalaravel-main/vendor/laravel/framework/src/Illuminate/Routing/Router.php(821): Illuminate/Pipeline/Pipeline->then(Object(Closure))
#19 C:/Users/USUARIO/Downloads/laravelProgramacion3/holalaravel-main/vendor/laravel/framework/src/Illuminate/Routing/Router.php(800): Illuminate/Routing/Router->runRouteWithinStack(Object(Illuminate/Routing/Route), Object(Illuminate/Http/Request))
#20 C:/Users/USUARIO/Downloads/laravelProgramacion3/holalaravel-main/vendor/laravel/framework/src/Illuminate/Routing/Router.php(764): Illuminate/Routing/Router->runRoute(Object(Illuminate/Http/Request), Object(Illuminate/Routing/Route))
#21 C:/Users/USUARIO/Downloads/laravelProgramacion3/holalaravel-main/vendor/laravel/framework/src/Illuminate/Routing/Router.php(753): Illuminate/Routing/Router->dispatchToRoute(Object(Illuminate/Http/Request))
#22 C:/Users/USUARIO/Downloads/laravelProgramacion3/holalaravel-main/vendor/laravel/framework/src/Illuminate/Foundation/Http/Kernel.php(200): Illuminate/Routing/Router->dispatch(Object(Illuminate/Http/Request))
#23 C:/Users/USUARIO/Downloads/laravelProgramacion3/holalaravel-main/vendor/laravel/framework/src/Illuminate/Pipeline/Pipeline.php(180): Illuminate/Foundation/Http/Kernel->Illuminate/Foundation/Http/{closure}(Object(Illuminate/Http/Request))
#24 C:/Users/USUARIO/Downloads/laravelProgramacion3/holalaravel-main/vendor/laravel/framework/src/Illuminate/Foundation/Http/Middleware/TransformsRequest.php(21): Illuminate/Pipeline/Pipeline->Illuminate/Pipeline/{closure}(Object(Illuminate/Http/Request))
#25 C:/Users/USUARIO/Downloads/laravelProgramacion3/holalaravel-main/vendor/laravel/framework/src/Illuminate/Foundation/Http/Middleware/ConvertEmptyStringsToNull.php(31): Illuminate/Foundation/Http/Middleware/TransformsRequest->handle(Object(Illuminate/Http/Request), Object(Closure))
#26 C:/Users/USUARIO/Downloads/laravelProgramacion3/holalaravel-main/vendor/laravel/framework/src/Illuminate/Pipeline/Pipeline.php(219): Illuminate/Foundation/Http/Middleware/ConvertEmptyStringsToNull->handle(Object(Illuminate/Http/Request), Object(Closure))
#27 C:/Users/USUARIO/Downloads/laravelProgramacion3/holalaravel-main/vendor/laravel/framework/src/Illuminate/Foundation/Http/Middleware/TransformsRequest.php(21): Illuminate/Pipeline/Pipeline->Illuminate/Pipeline/{closure}(Object(Illuminate/Http/Request))
#28 C:/Users/USUARIO/Downloads/laravelProgramacion3/holalaravel-main/vendor/laravel/framework/src/Illuminate/Foundation/Http/Middleware/TrimStrings.php(51): Illuminate/Foundation/Http/Middleware/TransformsRequest->handle(Object(Illuminate/Http/Request), Object(Closure))
#29 C:/Users/USUARIO/Downloads/laravelProgramacion3/holalaravel-main/vendor/laravel/framework/src/Illuminate/Pipeline/Pipeline.php(219): Illuminate/Foundation/Http/Middleware/TrimStrings->handle(Object(Illuminate/Http/Request), Object(Closure))
#30 C:/Users/USUARIO/Downloads/laravelProgramacion3/holalaravel-main/vendor/laravel/framework/src/Illuminate/Http/Middleware/ValidatePostSize.php(27): Illuminate/Pipeline/Pipeline->Illuminate/Pipeline/{closure}(Object(Illuminate/Http/Request))
#31 C:/Users/USUARIO/Downloads/laravelProgramacion3/holalaravel-main/vendor/laravel/framework/src/Illuminate/Pipeline/Pipeline.php(219): Illuminate/Http/Middleware/ValidatePostSize->handle(Object(Illuminate/Http/Request), Object(Closure))
#32 C:/Users/USUARIO/Downloads/laravelProgramacion3/holalaravel-main/vendor/laravel/framework/src/Illuminate/Foundation/Http/Middleware/PreventRequestsDuringMaintenance.php(109): Illuminate/Pipeline/Pipeline->Illuminate/Pipeline/{closure}(Object(Illuminate/Http/Request))
#33 C:/Users/USUARIO/Downloads/laravelProgramacion3/holalaravel-main/vendor/laravel/framework/src/Illuminate/Pipeline/Pipeline.php(219): Illuminate/Foundation/Http/Middleware/PreventRequestsDuringMaintenance->handle(Object(Illuminate/Http/Request), Object(Closure))
#34 C:/Users/USUARIO/Downloads/laravelProgramacion3/holalaravel-main/vendor/laravel/framework/src/Illuminate/Http/Middleware/HandleCors.php(61): Illuminate/Pipeline/Pipeline->Illuminate/Pipeline/{closure}(Object(Illuminate/Http/Request))
#35 C:/Users/USUARIO/Downloads/laravelProgramacion3/holalaravel-main/vendor/laravel/framework/src/Illuminate/Pipeline/Pipeline.php(219): Illuminate/Http/Middleware/HandleCors->handle(Object(Illuminate/Http/Request), Object(Closure))
#36 C:/Users/USUARIO/Downloads/laravelProgramacion3/holalaravel-main/vendor/laravel/framework/src/Illuminate/Http/Middleware/TrustProxies.php(58): Illuminate/Pipeline/Pipeline->Illuminate/Pipeline/{closure}(Object(Illuminate/Http/Request))
#37 C:/Users/USUARIO/Downloads/laravelProgramacion3/holalaravel-main/vendor/laravel/framework/src/Illuminate/Pipeline/Pipeline.php(219): Illuminate/Http/Middleware/TrustProxies->handle(Object(Illuminate/Http/Request), Object(Closure))
#38 C:/Users/USUARIO/Downloads/laravelProgramacion3/holalaravel-main/vendor/laravel/framework/src/Illuminate/Foundation/Http/Middleware/InvokeDeferredCallbacks.php(22): Illuminate/Pipeline/Pipeline->Illuminate/Pipeline/{closure}(Object(Illuminate/Http/Request))
#39 C:/Users/USUARIO/Downloads/laravelProgramacion3/holalaravel-main/vendor/laravel/framework/src/Illuminate/Pipeline/Pipeline.php(219): Illuminate/Foundation/Http/Middleware/InvokeDeferredCallbacks->handle(Object(Illuminate/Http/Request), Object(Closure))
#40 C:/Users/USUARIO/Downloads/laravelProgramacion3/holalaravel-main/vendor/laravel/framework/src/Illuminate/Http/Middleware/ValidatePathEncoding.php(26): Illuminate/Pipeline/Pipeline->Illuminate/Pipeline/{closure}(Object(Illuminate/Http/Request))
#41 C:/Users/USUARIO/Downloads/laravelProgramacion3/holalaravel-main/vendor/laravel/framework/src/Illuminate/Pipeline/Pipeline.php(219): Illuminate/Http/Middleware/ValidatePathEncoding->handle(Object(Illuminate/Http/Request), Object(Closure))
#42 C:/Users/USUARIO/Downloads/laravelProgramacion3/holalaravel-main/vendor/laravel/framework/src/Illuminate/Pipeline/Pipeline.php(137): Illuminate/Pipeline/Pipeline->Illuminate/Pipeline/{closure}(Object(Illuminate/Http/Request))
#43 C:/Users/USUARIO/Downloads/laravelProgramacion3/holalaravel-main/vendor/laravel/framework/src/Illuminate/Foundation/Http/Kernel.php(175): Illuminate/Pipeline/Pipeline->then(Object(Closure))
#44 C:/Users/USUARIO/Downloads/laravelProgramacion3/holalaravel-main/vendor/laravel/framework/src/Illuminate/Foundation/Http/Kernel.php(144): Illuminate/Foundation/Http/Kernel->sendRequestThroughRouter(Object(Illuminate/Http/Request))
#45 C:/Users/USUARIO/Downloads/laravelProgramacion3/holalaravel-main/vendor/laravel/framework/src/Illuminate/Foundation/Application.php(1220): Illuminate/Foundation/Http/Kernel->handle(Object(Illuminate/Http/Request))
#46 C:/Users/USUARIO/Downloads/laravelProgramacion3/holalaravel-main/public/index.php(20): Illuminate/Foundation/Application->handleRequest(Object(Illuminate/Http/Request))
#47 C:/Users/USUARIO/Downloads/laravelProgramacion3/holalaravel-main/vendor/laravel/framework/src/Illuminate/Foundation/resources/server.php(23): require_once('C://Users//USUARI...')
#48 {main}
"} 
[2026-04-11 19:25:16] production.ERROR: Please provide a valid cache path. {"exception":"[object] (InvalidArgumentException(code: 0): Please provide a valid cache path. at C:/Users/USUARIO/Downloads/laravelProgramacion3/holalaravel-main/vendor/laravel/framework/src/Illuminate/View/Compilers/Compiler.php:75)
[stacktrace]
#0 C:/Users/USUARIO/Downloads/laravelProgramacion3/holalaravel-main/vendor/laravel/framework/src/Illuminate/View/ViewServiceProvider.php(97): Illuminate/View/Compilers/Compiler->__construct(Object(Illuminate/Filesystem/Filesystem), false, '', true, 'php', true)
#1 C:/Users/USUARIO/Downloads/laravelProgramacion3/holalaravel-main/vendor/laravel/framework/src/Illuminate/Container/Container.php(1115): Illuminate/View/ViewServiceProvider->Illuminate/View/{closure}(Object(Illuminate/Foundation/Application), Array)
#2 C:/Users/USUARIO/Downloads/laravelProgramacion3/holalaravel-main/vendor/laravel/framework/src/Illuminate/Container/Container.php(933): Illuminate/Container/Container->build(Object(Closure))
#3 C:/Users/USUARIO/Downloads/laravelProgramacion3/holalaravel-main/vendor/laravel/framework/src/Illuminate/Foundation/Application.php(1078): Illuminate/Container/Container->resolve('blade.compiler', Array, true)
#4 C:/Users/USUARIO/Downloads/laravelProgramacion3/holalaravel-main/vendor/laravel/framework/src/Illuminate/Container/Container.php(864): Illuminate/Foundation/Application->resolve('blade.compiler', Array)
#5 C:/Users/USUARIO/Downloads/laravelProgramacion3/holalaravel-main/vendor/laravel/framework/src/Illuminate/Foundation/Application.php(1058): Illuminate/Container/Container->make('blade.compiler', Array)
#6 C:/Users/USUARIO/Downloads/laravelProgramacion3/holalaravel-main/vendor/laravel/framework/src/Illuminate/View/ViewServiceProvider.php(169): Illuminate/Foundation/Application->make('blade.compiler')
#7 [internal function]: Illuminate/View/ViewServiceProvider->Illuminate/View/{closure}()
#8 C:/Users/USUARIO/Downloads/laravelProgramacion3/holalaravel-main/vendor/laravel/framework/src/Illuminate/View/Engines/EngineResolver.php(55): call_user_func(Object(Closure))
#9 C:/Users/USUARIO/Downloads/laravelProgramacion3/holalaravel-main/vendor/laravel/framework/src/Illuminate/View/Factory.php(325): Illuminate/View/Engines/EngineResolver->resolve('blade')
#10 C:/Users/USUARIO/Downloads/laravelProgramacion3/holalaravel-main/vendor/laravel/framework/src/Illuminate/View/Factory.php(287): Illuminate/View/Factory->getEngineFromPath('C://Users//USUARI...')
#11 C:/Users/USUARIO/Downloads/laravelProgramacion3/holalaravel-main/vendor/laravel/framework/src/Illuminate/View/Factory.php(159): Illuminate/View/Factory->viewInstance('errors::500', 'C://Users//USUARI...', Array)
#12 C:/Users/USUARIO/Downloads/laravelProgramacion3/holalaravel-main/vendor/laravel/framework/src/Illuminate/Routing/ResponseFactory.php(91): Illuminate/View/Factory->make('errors::500', Array)
#13 C:/Users/USUARIO/Downloads/laravelProgramacion3/holalaravel-main/vendor/laravel/framework/src/Illuminate/Foundation/Exceptions/Handler.php(926): Illuminate/Routing/ResponseFactory->view('errors::500', Array, 500, Array)
#14 C:/Users/USUARIO/Downloads/laravelProgramacion3/holalaravel-main/vendor/laravel/framework/src/Illuminate/Foundation/Exceptions/Handler.php(847): Illuminate/Foundation/Exceptions/Handler->renderHttpException(Object(Symfony/Component/HttpKernel/Exception/HttpException))
#15 C:/Users/USUARIO/Downloads/laravelProgramacion3/holalaravel-main/vendor/laravel/framework/src/Illuminate/Foundation/Exceptions/Handler.php(738): Illuminate/Foundation/Exceptions/Handler->prepareResponse(Object(Illuminate/Http/Request), Object(Symfony/Component/HttpKernel/Exception/HttpException))
#16 C:/Users/USUARIO/Downloads/laravelProgramacion3/holalaravel-main/vendor/laravel/framework/src/Illuminate/Foundation/Exceptions/Handler.php(626): Illuminate/Foundation/Exceptions/Handler->renderExceptionResponse(Object(Illuminate/Http/Request), Object(Illuminate/Encryption/MissingAppKeyException))
#17 C:/Users/USUARIO/Downloads/laravelProgramacion3/holalaravel-main/vendor/laravel/framework/src/Illuminate/Routing/Pipeline.php(51): Illuminate/Foundation/Exceptions/Handler->render(Object(Illuminate/Http/Request), Object(Illuminate/Encryption/MissingAppKeyException))
#18 C:/Users/USUARIO/Downloads/laravelProgramacion3/holalaravel-main/vendor/laravel/framework/src/Illuminate/Pipeline/Pipeline.php(224): Illuminate/Routing/Pipeline->handleException(Object(Illuminate/Http/Request), Object(Illuminate/Encryption/MissingAppKeyException))
#19 C:/Users/USUARIO/Downloads/laravelProgramacion3/holalaravel-main/vendor/laravel/framework/src/Illuminate/Pipeline/Pipeline.php(137): Illuminate/Pipeline/Pipeline->Illuminate/Pipeline/{closure}(Object(Illuminate/Http/Request))
#20 C:/Users/USUARIO/Downloads/laravelProgramacion3/holalaravel-main/vendor/laravel/framework/src/Illuminate/Routing/Router.php(821): Illuminate/Pipeline/Pipeline->then(Object(Closure))
#21 C:/Users/USUARIO/Downloads/laravelProgramacion3/holalaravel-main/vendor/laravel/framework/src/Illuminate/Routing/Router.php(800): Illuminate/Routing/Router->runRouteWithinStack(Object(Illuminate/Routing/Route), Object(Illuminate/Http/Request))
#22 C:/Users/USUARIO/Downloads/laravelProgramacion3/holalaravel-main/vendor/laravel/framework/src/Illuminate/Routing/Router.php(764): Illuminate/Routing/Router->runRoute(Object(Illuminate/Http/Request), Object(Illuminate/Routing/Route))
#23 C:/Users/USUARIO/Downloads/laravelProgramacion3/holalaravel-main/vendor/laravel/framework/src/Illuminate/Routing/Router.php(753): Illuminate/Routing/Router->dispatchToRoute(Object(Illuminate/Http/Request))
#24 C:/Users/USUARIO/Downloads/laravelProgramacion3/holalaravel-main/vendor/laravel/framework/src/Illuminate/Foundation/Http/Kernel.php(200): Illuminate/Routing/Router->dispatch(Object(Illuminate/Http/Request))
#25 C:/Users/USUARIO/Downloads/laravelProgramacion3/holalaravel-main/vendor/laravel/framework/src/Illuminate/Pipeline/Pipeline.php(180): Illuminate/Foundation/Http/Kernel->Illuminate/Foundation/Http/{closure}(Object(Illuminate/Http/Request))
#26 C:/Users/USUARIO/Downloads/laravelProgramacion3/holalaravel-main/vendor/laravel/framework/src/Illuminate/Foundation/Http/Middleware/TransformsRequest.php(21): Illuminate/Pipeline/Pipeline->Illuminate/Pipeline/{closure}(Object(Illuminate/Http/Request))
#27 C:/Users/USUARIO/Downloads/laravelProgramacion3/holalaravel-main/vendor/laravel/framework/src/Illuminate/Foundation/Http/Middleware/ConvertEmptyStringsToNull.php(31): Illuminate/Foundation/Http/Middleware/TransformsRequest->handle(Object(Illuminate/Http/Request), Object(Closure))
#28 C:/Users/USUARIO/Downloads/laravelProgramacion3/holalaravel-main/vendor/laravel/framework/src/Illuminate/Pipeline/Pipeline.php(219): Illuminate/Foundation/Http/Middleware/ConvertEmptyStringsToNull->handle(Object(Illuminate/Http/Request), Object(Closure))
#29 C:/Users/USUARIO/Downloads/laravelProgramacion3/holalaravel-main/vendor/laravel/framework/src/Illuminate/Foundation/Http/Middleware/TransformsRequest.php(21): Illuminate/Pipeline/Pipeline->Illuminate/Pipeline/{closure}(Object(Illuminate/Http/Request))
#30 C:/Users/USUARIO/Downloads/laravelProgramacion3/holalaravel-main/vendor/laravel/framework/src/Illuminate/Foundation/Http/Middleware/TrimStrings.php(51): Illuminate/Foundation/Http/Middleware/TransformsRequest->handle(Object(Illuminate/Http/Request), Object(Closure))
#31 C:/Users/USUARIO/Downloads/laravelProgramacion3/holalaravel-main/vendor/laravel/framework/src/Illuminate/Pipeline/Pipeline.php(219): Illuminate/Foundation/Http/Middleware/TrimStrings->handle(Object(Illuminate/Http/Request), Object(Closure))
#32 C:/Users/USUARIO/Downloads/laravelProgramacion3/holalaravel-main/vendor/laravel/framework/src/Illuminate/Http/Middleware/ValidatePostSize.php(27): Illuminate/Pipeline/Pipeline->Illuminate/Pipeline/{closure}(Object(Illuminate/Http/Request))
#33 C:/Users/USUARIO/Downloads/laravelProgramacion3/holalaravel-main/vendor/laravel/framework/src/Illuminate/Pipeline/Pipeline.php(219): Illuminate/Http/Middleware/ValidatePostSize->handle(Object(Illuminate/Http/Request), Object(Closure))
#34 C:/Users/USUARIO/Downloads/laravelProgramacion3/holalaravel-main/vendor/laravel/framework/src/Illuminate/Foundation/Http/Middleware/PreventRequestsDuringMaintenance.php(109): Illuminate/Pipeline/Pipeline->Illuminate/Pipeline/{closure}(Object(Illuminate/Http/Request))
#35 C:/Users/USUARIO/Downloads/laravelProgramacion3/holalaravel-main/vendor/laravel/framework/src/Illuminate/Pipeline/Pipeline.php(219): Illuminate/Foundation/Http/Middleware/PreventRequestsDuringMaintenance->handle(Object(Illuminate/Http/Request), Object(Closure))
#36 C:/Users/USUARIO/Downloads/laravelProgramacion3/holalaravel-main/vendor/laravel/framework/src/Illuminate/Http/Middleware/HandleCors.php(61): Illuminate/Pipeline/Pipeline->Illuminate/Pipeline/{closure}(Object(Illuminate/Http/Request))
#37 C:/Users/USUARIO/Downloads/laravelProgramacion3/holalaravel-main/vendor/laravel/framework/src/Illuminate/Pipeline/Pipeline.php(219): Illuminate/Http/Middleware/HandleCors->handle(Object(Illuminate/Http/Request), Object(Closure))
#38 C:/Users/USUARIO/Downloads/laravelProgramacion3/holalaravel-main/vendor/laravel/framework/src/Illuminate/Http/Middleware/TrustProxies.php(58): Illuminate/Pipeline/Pipeline->Illuminate/Pipeline/{closure}(Object(Illuminate/Http/Request))
#39 C:/Users/USUARIO/Downloads/laravelProgramacion3/holalaravel-main/vendor/laravel/framework/src/Illuminate/Pipeline/Pipeline.php(219): Illuminate/Http/Middleware/TrustProxies->handle(Object(Illuminate/Http/Request), Object(Closure))
#40 C:/Users/USUARIO/Downloads/laravelProgramacion3/holalaravel-main/vendor/laravel/framework/src/Illuminate/Foundation/Http/Middleware/InvokeDeferredCallbacks.php(22): Illuminate/Pipeline/Pipeline->Illuminate/Pipeline/{closure}(Object(Illuminate/Http/Request))
#41 C:/Users/USUARIO/Downloads/laravelProgramacion3/holalaravel-main/vendor/laravel/framework/src/Illuminate/Pipeline/Pipeline.php(219): Illuminate/Foundation/Http/Middleware/InvokeDeferredCallbacks->handle(Object(Illuminate/Http/Request), Object(Closure))
#42 C:/Users/USUARIO/Downloads/laravelProgramacion3/holalaravel-main/vendor/laravel/framework/src/Illuminate/Http/Middleware/ValidatePathEncoding.php(26): Illuminate/Pipeline/Pipeline->Illuminate/Pipeline/{closure}(Object(Illuminate/Http/Request))
#43 C:/Users/USUARIO/Downloads/laravelProgramacion3/holalaravel-main/vendor/laravel/framework/src/Illuminate/Pipeline/Pipeline.php(219): Illuminate/Http/Middleware/ValidatePathEncoding->handle(Object(Illuminate/Http/Request), Object(Closure))
#44 C:/Users/USUARIO/Downloads/laravelProgramacion3/holalaravel-main/vendor/laravel/framework/src/Illuminate/Pipeline/Pipeline.php(137): Illuminate/Pipeline/Pipeline->Illuminate/Pipeline/{closure}(Object(Illuminate/Http/Request))
#45 C:/Users/USUARIO/Downloads/laravelProgramacion3/holalaravel-main/vendor/laravel/framework/src/Illuminate/Foundation/Http/Kernel.php(175): Illuminate/Pipeline/Pipeline->then(Object(Closure))
#46 C:/Users/USUARIO/Downloads/laravelProgramacion3/holalaravel-main/vendor/laravel/framework/src/Illuminate/Foundation/Http/Kernel.php(144): Illuminate/Foundation/Http/Kernel->sendRequestThroughRouter(Object(Illuminate/Http/Request))
#47 C:/Users/USUARIO/Downloads/laravelProgramacion3/holalaravel-main/vendor/laravel/framework/src/Illuminate/Foundation/Application.php(1220): Illuminate/Foundation/Http/Kernel->handle(Object(Illuminate/Http/Request))
#48 C:/Users/USUARIO/Downloads/laravelProgramacion3/holalaravel-main/public/index.php(20): Illuminate/Foundation/Application->handleRequest(Object(Illuminate/Http/Request))
#49 C:/Users/USUARIO/Downloads/laravelProgramacion3/holalaravel-main/vendor/laravel/framework/src/Illuminate/Foundation/resources/server.php(23): require_once('C://Users//USUARI...')
#50 {main}
"} 
[2026-04-11 19:25:16] production.ERROR: No application encryption key has been specified. {"exception":"[object] (Illuminate\\Encryption\\MissingAppKeyException(code: 0): No application encryption key has been specified. at C:/Users/USUARIO/Downloads/laravelProgramacion3/holalaravel-main/vendor/laravel/framework/src/Illuminate/Encryption/EncryptionServiceProvider.php:83)
[stacktrace]
#0 C:/Users/USUARIO/Downloads/laravelProgramacion3/holalaravel-main/vendor/laravel/framework/src/Illuminate/Support/helpers.php(393): Illuminate/Encryption/EncryptionServiceProvider->Illuminate/Encryption/{closure}(NULL)
#1 C:/Users/USUARIO/Downloads/laravelProgramacion3/holalaravel-main/vendor/laravel/framework/src/Illuminate/Encryption/EncryptionServiceProvider.php(81): tap(NULL, Object(Closure))
#2 C:/Users/USUARIO/Downloads/laravelProgramacion3/holalaravel-main/vendor/laravel/framework/src/Illuminate/Encryption/EncryptionServiceProvider.php(64): Illuminate/Encryption/EncryptionServiceProvider->key(Array)
#3 C:/Users/USUARIO/Downloads/laravelProgramacion3/holalaravel-main/vendor/laravel/framework/src/Illuminate/Encryption/EncryptionServiceProvider.php(32): Illuminate/Encryption/EncryptionServiceProvider->parseKey(Array)
#4 C:/Users/USUARIO/Downloads/laravelProgramacion3/holalaravel-main/vendor/laravel/framework/src/Illuminate/Container/Container.php(1115): Illuminate/Encryption/EncryptionServiceProvider->Illuminate/Encryption/{closure}(Object(Illuminate/Foundation/Application), Array)
#5 C:/Users/USUARIO/Downloads/laravelProgramacion3/holalaravel-main/vendor/laravel/framework/src/Illuminate/Container/Container.php(933): Illuminate/Container/Container->build(Object(Closure))
#6 C:/Users/USUARIO/Downloads/laravelProgramacion3/holalaravel-main/vendor/laravel/framework/src/Illuminate/Foundation/Application.php(1078): Illuminate/Container/Container->resolve('encrypter', Array, true)
#7 C:/Users/USUARIO/Downloads/laravelProgramacion3/holalaravel-main/vendor/laravel/framework/src/Illuminate/Container/Container.php(864): Illuminate/Foundation/Application->resolve('encrypter', Array)
#8 C:/Users/USUARIO/Downloads/laravelProgramacion3/holalaravel-main/vendor/laravel/framework/src/Illuminate/Foundation/Application.php(1058): Illuminate/Container/Container->make('encrypter', Array)
#9 C:/Users/USUARIO/Downloads/laravelProgramacion3/holalaravel-main/vendor/laravel/framework/src/Illuminate/Container/Container.php(1336): Illuminate/Foundation/Application->make('encrypter')
#10 C:/Users/USUARIO/Downloads/laravelProgramacion3/holalaravel-main/vendor/laravel/framework/src/Illuminate/Container/Container.php(1237): Illuminate/Container/Container->resolveClass(Object(ReflectionParameter), 'Illuminate//Cont...')
#11 C:/Users/USUARIO/Downloads/laravelProgramacion3/holalaravel-main/vendor/laravel/framework/src/Illuminate/Container/Container.php(1162): Illuminate/Container/Container->resolveDependencies(Array)
#12 C:/Users/USUARIO/Downloads/laravelProgramacion3/holalaravel-main/vendor/laravel/framework/src/Illuminate/Container/Container.php(933): Illuminate/Container/Container->build('Illuminate//Cook...')
#13 C:/Users/USUARIO/Downloads/laravelProgramacion3/holalaravel-main/vendor/laravel/framework/src/Illuminate/Foundation/Application.php(1078): Illuminate/Container/Container->resolve('Illuminate//Cook...', Array, true)
#14 C:/Users/USUARIO/Downloads/laravelProgramacion3/holalaravel-main/vendor/laravel/framework/src/Illuminate/Container/Container.php(864): Illuminate/Foundation/Application->resolve('Illuminate//Cook...', Array)
#15 C:/Users/USUARIO/Downloads/laravelProgramacion3/holalaravel-main/vendor/laravel/framework/src/Illuminate/Foundation/Application.php(1058): Illuminate/Container/Container->make('Illuminate//Cook...', Array)
#16 C:/Users/USUARIO/Downloads/laravelProgramacion3/holalaravel-main/vendor/laravel/framework/src/Illuminate/Foundation/Http/Kernel.php(257): Illuminate/Foundation/Application->make('Illuminate//Cook...')
#17 C:/Users/USUARIO/Downloads/laravelProgramacion3/holalaravel-main/vendor/laravel/framework/src/Illuminate/Foundation/Http/Kernel.php(215): Illuminate/Foundation/Http/Kernel->terminateMiddleware(Object(Illuminate/Http/Request), Object(Illuminate/Http/Response))
#18 C:/Users/USUARIO/Downloads/laravelProgramacion3/holalaravel-main/vendor/laravel/framework/src/Illuminate/Foundation/Application.php(1222): Illuminate/Foundation/Http/Kernel->terminate(Object(Illuminate/Http/Request), Object(Illuminate/Http/Response))
#19 C:/Users/USUARIO/Downloads/laravelProgramacion3/holalaravel-main/public/index.php(20): Illuminate/Foundation/Application->handleRequest(Object(Illuminate/Http/Request))
#20 C:/Users/USUARIO/Downloads/laravelProgramacion3/holalaravel-main/vendor/laravel/framework/src/Illuminate/Foundation/resources/server.php(23): require_once('C://Users//USUARI...')
#21 {main}
"} 
[2026-04-11 19:25:16] production.ERROR: Please provide a valid cache path. {"exception":"[object] (InvalidArgumentException(code: 0): Please provide a valid cache path. at C:/Users/USUARIO/Downloads/laravelProgramacion3/holalaravel-main/vendor/laravel/framework/src/Illuminate/View/Compilers/Compiler.php:75)
[stacktrace]
#0 C:/Users/USUARIO/Downloads/laravelProgramacion3/holalaravel-main/vendor/laravel/framework/src/Illuminate/View/ViewServiceProvider.php(97): Illuminate/View/Compilers/Compiler->__construct(Object(Illuminate/Filesystem/Filesystem), false, '', true, 'php', true)
#1 C:/Users/USUARIO/Downloads/laravelProgramacion3/holalaravel-main/vendor/laravel/framework/src/Illuminate/Container/Container.php(1115): Illuminate/View/ViewServiceProvider->Illuminate/View/{closure}(Object(Illuminate/Foundation/Application), Array)
#2 C:/Users/USUARIO/Downloads/laravelProgramacion3/holalaravel-main/vendor/laravel/framework/src/Illuminate/Container/Container.php(933): Illuminate/Container/Container->build(Object(Closure))
#3 C:/Users/USUARIO/Downloads/laravelProgramacion3/holalaravel-main/vendor/laravel/framework/src/Illuminate/Foundation/Application.php(1078): Illuminate/Container/Container->resolve('blade.compiler', Array, true)
#4 C:/Users/USUARIO/Downloads/laravelProgramacion3/holalaravel-main/vendor/laravel/framework/src/Illuminate/Container/Container.php(864): Illuminate/Foundation/Application->resolve('blade.compiler', Array)
#5 C:/Users/USUARIO/Downloads/laravelProgramacion3/holalaravel-main/vendor/laravel/framework/src/Illuminate/Foundation/Application.php(1058): Illuminate/Container/Container->make('blade.compiler', Array)
#6 C:/Users/USUARIO/Downloads/laravelProgramacion3/holalaravel-main/vendor/laravel/framework/src/Illuminate/View/ViewServiceProvider.php(169): Illuminate/Foundation/Application->make('blade.compiler')
#7 [internal function]: Illuminate/View/ViewServiceProvider->Illuminate/View/{closure}()
#8 C:/Users/USUARIO/Downloads/laravelProgramacion3/holalaravel-main/vendor/laravel/framework/src/Illuminate/View/Engines/EngineResolver.php(55): call_user_func(Object(Closure))
#9 C:/Users/USUARIO/Downloads/laravelProgramacion3/holalaravel-main/vendor/laravel/framework/src/Illuminate/View/Factory.php(318): Illuminate/View/Engines/EngineResolver->resolve('blade')
#10 C:/Users/USUARIO/Downloads/laravelProgramacion3/holalaravel-main/vendor/laravel/framework/src/Illuminate/View/Factory.php(287): Illuminate/View/Factory->getEngineFromPath('C://Users//USUARI...')
#11 C:/Users/USUARIO/Downloads/laravelProgramacion3/holalaravel-main/vendor/laravel/framework/src/Illuminate/View/Factory.php(159): Illuminate/View/Factory->viewInstance('errors::500', 'C://Users//USUARI...', Array)
#12 C:/Users/USUARIO/Downloads/laravelProgramacion3/holalaravel-main/vendor/laravel/framework/src/Illuminate/Routing/ResponseFactory.php(91): Illuminate/View/Factory->make('errors::500', Array)
#13 C:/Users/USUARIO/Downloads/laravelProgramacion3/holalaravel-main/vendor/laravel/framework/src/Illuminate/Foundation/Exceptions/Handler.php(926): Illuminate/Routing/ResponseFactory->view('errors::500', Array, 500, Array)
#14 C:/Users/USUARIO/Downloads/laravelProgramacion3/holalaravel-main/vendor/laravel/framework/src/Illuminate/Foundation/Exceptions/Handler.php(847): Illuminate/Foundation/Exceptions/Handler->renderHttpException(Object(Symfony/Component/HttpKernel/Exception/HttpException))
#15 C:/Users/USUARIO/Downloads/laravelProgramacion3/holalaravel-main/vendor/laravel/framework/src/Illuminate/Foundation/Exceptions/Handler.php(738): Illuminate/Foundation/Exceptions/Handler->prepareResponse(Object(Illuminate/Http/Request), Object(Symfony/Component/HttpKernel/Exception/HttpException))
#16 C:/Users/USUARIO/Downloads/laravelProgramacion3/holalaravel-main/vendor/laravel/framework/src/Illuminate/Foundation/Exceptions/Handler.php(626): Illuminate/Foundation/Exceptions/Handler->renderExceptionResponse(Object(Illuminate/Http/Request), Object(Illuminate/Encryption/MissingAppKeyException))
#17 C:/Users/USUARIO/Downloads/laravelProgramacion3/holalaravel-main/vendor/laravel/framework/src/Illuminate/Foundation/Bootstrap/HandleExceptions.php(221): Illuminate/Foundation/Exceptions/Handler->render(Object(Illuminate/Http/Request), Object(Illuminate/Encryption/MissingAppKeyException))
#18 C:/Users/USUARIO/Downloads/laravelProgramacion3/holalaravel-main/vendor/laravel/framework/src/Illuminate/Foundation/Bootstrap/HandleExceptions.php(198): Illuminate/Foundation/Bootstrap/HandleExceptions->renderHttpResponse(Object(Illuminate/Encryption/MissingAppKeyException))
#19 C:/Users/USUARIO/Downloads/laravelProgramacion3/holalaravel-main/vendor/laravel/framework/src/Illuminate/Foundation/Bootstrap/HandleExceptions.php(258): Illuminate/Foundation/Bootstrap/HandleExceptions->handleException(Object(Illuminate/Encryption/MissingAppKeyException))
#20 [internal function]: Illuminate/Foundation/Bootstrap/HandleExceptions->Illuminate/Foundation/Bootstrap/{closure}(Object(Illuminate/Encryption/MissingAppKeyException))
#21 {main}
"} 
[2026-04-11 19:29:30] production.ERROR: file_get_contents(C:\Users\USUARIO\Downloads\laravelProgramacion3\holalaravel-main\.env): Failed to open stream: No such file or directory {"exception":"[object] (ErrorException(code: 0): file_get_contents(C:\\Users\\USUARIO\\Downloads\\laravelProgramacion3\\holalaravel-main\\.env): Failed to open stream: No such file or directory at C:/Users/USUARIO/Downloads/laravelProgramacion3/holalaravel-main/vendor/laravel/framework/src/Illuminate/Foundation/Console/KeyGenerateCommand.php:100)
[stacktrace]
#0 C:/Users/USUARIO/Downloads/laravelProgramacion3/holalaravel-main/vendor/laravel/framework/src/Illuminate/Foundation/Bootstrap/HandleExceptions.php(258): Illuminate/Foundation/Bootstrap/HandleExceptions->handleError(2, 'file_get_conten...', 'C://Users//USUARI...', 100)
#1 [internal function]: Illuminate/Foundation/Bootstrap/HandleExceptions->Illuminate/Foundation/Bootstrap/{closure}(2, 'file_get_conten...', 'C://Users//USUARI...', 100)
#2 C:/Users/USUARIO/Downloads/laravelProgramacion3/holalaravel-main/vendor/laravel/framework/src/Illuminate/Foundation/Console/KeyGenerateCommand.php(100): file_get_contents('C://Users//USUARI...')
#3 C:/Users/USUARIO/Downloads/laravelProgramacion3/holalaravel-main/vendor/laravel/framework/src/Illuminate/Foundation/Console/KeyGenerateCommand.php(82): Illuminate/Foundation/Console/KeyGenerateCommand->writeNewEnvironmentFileWith('base64:o1z0/Ee6...')
#4 C:/Users/USUARIO/Downloads/laravelProgramacion3/holalaravel-main/vendor/laravel/framework/src/Illuminate/Foundation/Console/KeyGenerateCommand.php(47): Illuminate/Foundation/Console/KeyGenerateCommand->setKeyInEnvironmentFile('base64:o1z0/Ee6...')
#5 C:/Users/USUARIO/Downloads/laravelProgramacion3/holalaravel-main/vendor/laravel/framework/src/Illuminate/Container/BoundMethod.php(36): Illuminate/Foundation/Console/KeyGenerateCommand->handle()
#6 C:/Users/USUARIO/Downloads/laravelProgramacion3/holalaravel-main/vendor/laravel/framework/src/Illuminate/Container/Util.php(43): Illuminate/Container/BoundMethod::Illuminate/Container/{closure}()
#7 C:/Users/USUARIO/Downloads/laravelProgramacion3/holalaravel-main/vendor/laravel/framework/src/Illuminate/Container/BoundMethod.php(96): Illuminate/Container/Util::unwrapIfClosure(Object(Closure))
#8 C:/Users/USUARIO/Downloads/laravelProgramacion3/holalaravel-main/vendor/laravel/framework/src/Illuminate/Container/BoundMethod.php(35): Illuminate/Container/BoundMethod::callBoundMethod(Object(Illuminate/Foundation/Application), Array, Object(Closure))
#9 C:/Users/USUARIO/Downloads/laravelProgramacion3/holalaravel-main/vendor/laravel/framework/src/Illuminate/Container/Container.php(799): Illuminate/Container/BoundMethod::call(Object(Illuminate/Foundation/Application), Array, Array, NULL)
#10 C:/Users/USUARIO/Downloads/laravelProgramacion3/holalaravel-main/vendor/laravel/framework/src/Illuminate/Console/Command.php(211): Illuminate/Container/Container->call(Array)
#11 C:/Users/USUARIO/Downloads/laravelProgramacion3/holalaravel-main/vendor/symfony/console/Command/Command.php(341): Illuminate/Console/Command->execute(Object(Symfony/Component/Console/Input/ArgvInput), Object(Illuminate/Console/OutputStyle))
#12 C:/Users/USUARIO/Downloads/laravelProgramacion3/holalaravel-main/vendor/laravel/framework/src/Illuminate/Console/Command.php(180): Symfony/Component/Console/Command/Command->run(Object(Symfony/Component/Console/Input/ArgvInput), Object(Illuminate/Console/OutputStyle))
#13 C:/Users/USUARIO/Downloads/laravelProgramacion3/holalaravel-main/vendor/symfony/console/Application.php(1117): Illuminate/Console/Command->run(Object(Symfony/Component/Console/Input/ArgvInput), Object(Symfony/Component/Console/Output/ConsoleOutput))
#14 C:/Users/USUARIO/Downloads/laravelProgramacion3/holalaravel-main/vendor/symfony/console/Application.php(356): Symfony/Component/Console/Application->doRunCommand(Object(Illuminate/Foundation/Console/KeyGenerateCommand), Object(Symfony/Component/Console/Input/ArgvInput), Object(Symfony/Component/Console/Output/ConsoleOutput))
#15 C:/Users/USUARIO/Downloads/laravelProgramacion3/holalaravel-main/vendor/symfony/console/Application.php(195): Symfony/Component/Console/Application->doRun(Object(Symfony/Component/Console/Input/ArgvInput), Object(Symfony/Component/Console/Output/ConsoleOutput))
#16 C:/Users/USUARIO/Downloads/laravelProgramacion3/holalaravel-main/vendor/laravel/framework/src/Illuminate/Foundation/Console/Kernel.php(198): Symfony/Component/Console/Application->run(Object(Symfony/Component/Console/Input/ArgvInput), Object(Symfony/Component/Console/Output/ConsoleOutput))
#17 C:/Users/USUARIO/Downloads/laravelProgramacion3/holalaravel-main/vendor/laravel/framework/src/Illuminate/Foundation/Application.php(1235): Illuminate/Foundation/Console/Kernel->handle(Object(Symfony/Component/Console/Input/ArgvInput), Object(Symfony/Component/Console/Output/ConsoleOutput))
#18 C:/Users/USUARIO/Downloads/laravelProgramacion3/holalaravel-main/artisan(16): Illuminate/Foundation/Application->handleCommand(Object(Symfony/Component/Console/Input/ArgvInput))
#19 {main}
"} 
[2026-04-11 19:29:41] production.ERROR: No application encryption key has been specified. {"exception":"[object] (Illuminate\\Encryption\\MissingAppKeyException(code: 0): No application encryption key has been specified. at C:/Users/USUARIO/Downloads/laravelProgramacion3/holalaravel-main/vendor/laravel/framework/src/Illuminate/Encryption/EncryptionServiceProvider.php:83)
[stacktrace]
#0 C:/Users/USUARIO/Downloads/laravelProgramacion3/holalaravel-main/vendor/laravel/framework/src/Illuminate/Support/helpers.php(393): Illuminate/Encryption/EncryptionServiceProvider->Illuminate/Encryption/{closure}(NULL)
#1 C:/Users/USUARIO/Downloads/laravelProgramacion3/holalaravel-main/vendor/laravel/framework/src/Illuminate/Encryption/EncryptionServiceProvider.php(81): tap(NULL, Object(Closure))
#2 C:/Users/USUARIO/Downloads/laravelProgramacion3/holalaravel-main/vendor/laravel/framework/src/Illuminate/Encryption/EncryptionServiceProvider.php(64): Illuminate/Encryption/EncryptionServiceProvider->key(Array)
#3 C:/Users/USUARIO/Downloads/laravelProgramacion3/holalaravel-main/vendor/laravel/framework/src/Illuminate/Encryption/EncryptionServiceProvider.php(32): Illuminate/Encryption/EncryptionServiceProvider->parseKey(Array)
#4 C:/Users/USUARIO/Downloads/laravelProgramacion3/holalaravel-main/vendor/laravel/framework/src/Illuminate/Container/Container.php(1115): Illuminate/Encryption/EncryptionServiceProvider->Illuminate/Encryption/{closure}(Object(Illuminate/Foundation/Application), Array)
#5 C:/Users/USUARIO/Downloads/laravelProgramacion3/holalaravel-main/vendor/laravel/framework/src/Illuminate/Container/Container.php(933): Illuminate/Container/Container->build(Object(Closure))
#6 C:/Users/USUARIO/Downloads/laravelProgramacion3/holalaravel-main/vendor/laravel/framework/src/Illuminate/Foundation/Application.php(1078): Illuminate/Container/Container->resolve('encrypter', Array, true)
#7 C:/Users/USUARIO/Downloads/laravelProgramacion3/holalaravel-main/vendor/laravel/framework/src/Illuminate/Container/Container.php(864): Illuminate/Foundation/Application->resolve('encrypter', Array)
#8 C:/Users/USUARIO/Downloads/laravelProgramacion3/holalaravel-main/vendor/laravel/framework/src/Illuminate/Foundation/Application.php(1058): Illuminate/Container/Container->make('encrypter', Array)
#9 C:/Users/USUARIO/Downloads/laravelProgramacion3/holalaravel-main/vendor/laravel/framework/src/Illuminate/Container/Container.php(1336): Illuminate/Foundation/Application->make('encrypter')
#10 C:/Users/USUARIO/Downloads/laravelProgramacion3/holalaravel-main/vendor/laravel/framework/src/Illuminate/Container/Container.php(1237): Illuminate/Container/Container->resolveClass(Object(ReflectionParameter), 'Illuminate//Cont...')
#11 C:/Users/USUARIO/Downloads/laravelProgramacion3/holalaravel-main/vendor/laravel/framework/src/Illuminate/Container/Container.php(1162): Illuminate/Container/Container->resolveDependencies(Array)
#12 C:/Users/USUARIO/Downloads/laravelProgramacion3/holalaravel-main/vendor/laravel/framework/src/Illuminate/Container/Container.php(933): Illuminate/Container/Container->build('Illuminate//Cook...')
#13 C:/Users/USUARIO/Downloads/laravelProgramacion3/holalaravel-main/vendor/laravel/framework/src/Illuminate/Foundation/Application.php(1078): Illuminate/Container/Container->resolve('Illuminate//Cook...', Array, true)
#14 C:/Users/USUARIO/Downloads/laravelProgramacion3/holalaravel-main/vendor/laravel/framework/src/Illuminate/Container/Container.php(864): Illuminate/Foundation/Application->resolve('Illuminate//Cook...', Array)
#15 C:/Users/USUARIO/Downloads/laravelProgramacion3/holalaravel-main/vendor/laravel/framework/src/Illuminate/Foundation/Application.php(1058): Illuminate/Container/Container->make('Illuminate//Cook...', Array)
#16 C:/Users/USUARIO/Downloads/laravelProgramacion3/holalaravel-main/vendor/laravel/framework/src/Illuminate/Pipeline/Pipeline.php(208): Illuminate/Foundation/Application->make('Illuminate//Cook...')
#17 C:/Users/USUARIO/Downloads/laravelProgramacion3/holalaravel-main/vendor/laravel/framework/src/Illuminate/Pipeline/Pipeline.php(137): Illuminate/Pipeline/Pipeline->Illuminate/Pipeline/{closure}(Object(Illuminate/Http/Request))
#18 C:/Users/USUARIO/Downloads/laravelProgramacion3/holalaravel-main/vendor/laravel/framework/src/Illuminate/Routing/Router.php(821): Illuminate/Pipeline/Pipeline->then(Object(Closure))
#19 C:/Users/USUARIO/Downloads/laravelProgramacion3/holalaravel-main/vendor/laravel/framework/src/Illuminate/Routing/Router.php(800): Illuminate/Routing/Router->runRouteWithinStack(Object(Illuminate/Routing/Route), Object(Illuminate/Http/Request))
#20 C:/Users/USUARIO/Downloads/laravelProgramacion3/holalaravel-main/vendor/laravel/framework/src/Illuminate/Routing/Router.php(764): Illuminate/Routing/Router->runRoute(Object(Illuminate/Http/Request), Object(Illuminate/Routing/Route))
#21 C:/Users/USUARIO/Downloads/laravelProgramacion3/holalaravel-main/vendor/laravel/framework/src/Illuminate/Routing/Router.php(753): Illuminate/Routing/Router->dispatchToRoute(Object(Illuminate/Http/Request))
#22 C:/Users/USUARIO/Downloads/laravelProgramacion3/holalaravel-main/vendor/laravel/framework/src/Illuminate/Foundation/Http/Kernel.php(200): Illuminate/Routing/Router->dispatch(Object(Illuminate/Http/Request))
#23 C:/Users/USUARIO/Downloads/laravelProgramacion3/holalaravel-main/vendor/laravel/framework/src/Illuminate/Pipeline/Pipeline.php(180): Illuminate/Foundation/Http/Kernel->Illuminate/Foundation/Http/{closure}(Object(Illuminate/Http/Request))
#24 C:/Users/USUARIO/Downloads/laravelProgramacion3/holalaravel-main/vendor/laravel/framework/src/Illuminate/Foundation/Http/Middleware/TransformsRequest.php(21): Illuminate/Pipeline/Pipeline->Illuminate/Pipeline/{closure}(Object(Illuminate/Http/Request))
#25 C:/Users/USUARIO/Downloads/laravelProgramacion3/holalaravel-main/vendor/laravel/framework/src/Illuminate/Foundation/Http/Middleware/ConvertEmptyStringsToNull.php(31): Illuminate/Foundation/Http/Middleware/TransformsRequest->handle(Object(Illuminate/Http/Request), Object(Closure))
#26 C:/Users/USUARIO/Downloads/laravelProgramacion3/holalaravel-main/vendor/laravel/framework/src/Illuminate/Pipeline/Pipeline.php(219): Illuminate/Foundation/Http/Middleware/ConvertEmptyStringsToNull->handle(Object(Illuminate/Http/Request), Object(Closure))
#27 C:/Users/USUARIO/Downloads/laravelProgramacion3/holalaravel-main/vendor/laravel/framework/src/Illuminate/Foundation/Http/Middleware/TransformsRequest.php(21): Illuminate/Pipeline/Pipeline->Illuminate/Pipeline/{closure}(Object(Illuminate/Http/Request))
#28 C:/Users/USUARIO/Downloads/laravelProgramacion3/holalaravel-main/vendor/laravel/framework/src/Illuminate/Foundation/Http/Middleware/TrimStrings.php(51): Illuminate/Foundation/Http/Middleware/TransformsRequest->handle(Object(Illuminate/Http/Request), Object(Closure))
#29 C:/Users/USUARIO/Downloads/laravelProgramacion3/holalaravel-main/vendor/laravel/framework/src/Illuminate/Pipeline/Pipeline.php(219): Illuminate/Foundation/Http/Middleware/TrimStrings->handle(Object(Illuminate/Http/Request), Object(Closure))
#30 C:/Users/USUARIO/Downloads/laravelProgramacion3/holalaravel-main/vendor/laravel/framework/src/Illuminate/Http/Middleware/ValidatePostSize.php(27): Illuminate/Pipeline/Pipeline->Illuminate/Pipeline/{closure}(Object(Illuminate/Http/Request))
#31 C:/Users/USUARIO/Downloads/laravelProgramacion3/holalaravel-main/vendor/laravel/framework/src/Illuminate/Pipeline/Pipeline.php(219): Illuminate/Http/Middleware/ValidatePostSize->handle(Object(Illuminate/Http/Request), Object(Closure))
#32 C:/Users/USUARIO/Downloads/laravelProgramacion3/holalaravel-main/vendor/laravel/framework/src/Illuminate/Foundation/Http/Middleware/PreventRequestsDuringMaintenance.php(109): Illuminate/Pipeline/Pipeline->Illuminate/Pipeline/{closure}(Object(Illuminate/Http/Request))
#33 C:/Users/USUARIO/Downloads/laravelProgramacion3/holalaravel-main/vendor/laravel/framework/src/Illuminate/Pipeline/Pipeline.php(219): Illuminate/Foundation/Http/Middleware/PreventRequestsDuringMaintenance->handle(Object(Illuminate/Http/Request), Object(Closure))
#34 C:/Users/USUARIO/Downloads/laravelProgramacion3/holalaravel-main/vendor/laravel/framework/src/Illuminate/Http/Middleware/HandleCors.php(61): Illuminate/Pipeline/Pipeline->Illuminate/Pipeline/{closure}(Object(Illuminate/Http/Request))
#35 C:/Users/USUARIO/Downloads/laravelProgramacion3/holalaravel-main/vendor/laravel/framework/src/Illuminate/Pipeline/Pipeline.php(219): Illuminate/Http/Middleware/HandleCors->handle(Object(Illuminate/Http/Request), Object(Closure))
#36 C:/Users/USUARIO/Downloads/laravelProgramacion3/holalaravel-main/vendor/laravel/framework/src/Illuminate/Http/Middleware/TrustProxies.php(58): Illuminate/Pipeline/Pipeline->Illuminate/Pipeline/{closure}(Object(Illuminate/Http/Request))
#37 C:/Users/USUARIO/Downloads/laravelProgramacion3/holalaravel-main/vendor/laravel/framework/src/Illuminate/Pipeline/Pipeline.php(219): Illuminate/Http/Middleware/TrustProxies->handle(Object(Illuminate/Http/Request), Object(Closure))
#38 C:/Users/USUARIO/Downloads/laravelProgramacion3/holalaravel-main/vendor/laravel/framework/src/Illuminate/Foundation/Http/Middleware/InvokeDeferredCallbacks.php(22): Illuminate/Pipeline/Pipeline->Illuminate/Pipeline/{closure}(Object(Illuminate/Http/Request))
#39 C:/Users/USUARIO/Downloads/laravelProgramacion3/holalaravel-main/vendor/laravel/framework/src/Illuminate/Pipeline/Pipeline.php(219): Illuminate/Foundation/Http/Middleware/InvokeDeferredCallbacks->handle(Object(Illuminate/Http/Request), Object(Closure))
#40 C:/Users/USUARIO/Downloads/laravelProgramacion3/holalaravel-main/vendor/laravel/framework/src/Illuminate/Http/Middleware/ValidatePathEncoding.php(26): Illuminate/Pipeline/Pipeline->Illuminate/Pipeline/{closure}(Object(Illuminate/Http/Request))
#41 C:/Users/USUARIO/Downloads/laravelProgramacion3/holalaravel-main/vendor/laravel/framework/src/Illuminate/Pipeline/Pipeline.php(219): Illuminate/Http/Middleware/ValidatePathEncoding->handle(Object(Illuminate/Http/Request), Object(Closure))
#42 C:/Users/USUARIO/Downloads/laravelProgramacion3/holalaravel-main/vendor/laravel/framework/src/Illuminate/Pipeline/Pipeline.php(137): Illuminate/Pipeline/Pipeline->Illuminate/Pipeline/{closure}(Object(Illuminate/Http/Request))
#43 C:/Users/USUARIO/Downloads/laravelProgramacion3/holalaravel-main/vendor/laravel/framework/src/Illuminate/Foundation/Http/Kernel.php(175): Illuminate/Pipeline/Pipeline->then(Object(Closure))
#44 C:/Users/USUARIO/Downloads/laravelProgramacion3/holalaravel-main/vendor/laravel/framework/src/Illuminate/Foundation/Http/Kernel.php(144): Illuminate/Foundation/Http/Kernel->sendRequestThroughRouter(Object(Illuminate/Http/Request))
#45 C:/Users/USUARIO/Downloads/laravelProgramacion3/holalaravel-main/vendor/laravel/framework/src/Illuminate/Foundation/Application.php(1220): Illuminate/Foundation/Http/Kernel->handle(Object(Illuminate/Http/Request))
#46 C:/Users/USUARIO/Downloads/laravelProgramacion3/holalaravel-main/public/index.php(20): Illuminate/Foundation/Application->handleRequest(Object(Illuminate/Http/Request))
#47 C:/Users/USUARIO/Downloads/laravelProgramacion3/holalaravel-main/vendor/laravel/framework/src/Illuminate/Foundation/resources/server.php(23): require_once('C://Users//USUARI...')
#48 {main}
"} 
[2026-04-11 19:29:41] production.ERROR: Please provide a valid cache path. {"exception":"[object] (InvalidArgumentException(code: 0): Please provide a valid cache path. at C:/Users/USUARIO/Downloads/laravelProgramacion3/holalaravel-main/vendor/laravel/framework/src/Illuminate/View/Compilers/Compiler.php:75)
[stacktrace]
#0 C:/Users/USUARIO/Downloads/laravelProgramacion3/holalaravel-main/vendor/laravel/framework/src/Illuminate/View/ViewServiceProvider.php(97): Illuminate/View/Compilers/Compiler->__construct(Object(Illuminate/Filesystem/Filesystem), false, '', true, 'php', true)
#1 C:/Users/USUARIO/Downloads/laravelProgramacion3/holalaravel-main/vendor/laravel/framework/src/Illuminate/Container/Container.php(1115): Illuminate/View/ViewServiceProvider->Illuminate/View/{closure}(Object(Illuminate/Foundation/Application), Array)
#2 C:/Users/USUARIO/Downloads/laravelProgramacion3/holalaravel-main/vendor/laravel/framework/src/Illuminate/Container/Container.php(933): Illuminate/Container/Container->build(Object(Closure))
#3 C:/Users/USUARIO/Downloads/laravelProgramacion3/holalaravel-main/vendor/laravel/framework/src/Illuminate/Foundation/Application.php(1078): Illuminate/Container/Container->resolve('blade.compiler', Array, true)
#4 C:/Users/USUARIO/Downloads/laravelProgramacion3/holalaravel-main/vendor/laravel/framework/src/Illuminate/Container/Container.php(864): Illuminate/Foundation/Application->resolve('blade.compiler', Array)
#5 C:/Users/USUARIO/Downloads/laravelProgramacion3/holalaravel-main/vendor/laravel/framework/src/Illuminate/Foundation/Application.php(1058): Illuminate/Container/Container->make('blade.compiler', Array)
#6 C:/Users/USUARIO/Downloads/laravelProgramacion3/holalaravel-main/vendor/laravel/framework/src/Illuminate/View/ViewServiceProvider.php(169): Illuminate/Foundation/Application->make('blade.compiler')
#7 [internal function]: Illuminate/View/ViewServiceProvider->Illuminate/View/{closure}()
#8 C:/Users/USUARIO/Downloads/laravelProgramacion3/holalaravel-main/vendor/laravel/framework/src/Illuminate/View/Engines/EngineResolver.php(55): call_user_func(Object(Closure))
#9 C:/Users/USUARIO/Downloads/laravelProgramacion3/holalaravel-main/vendor/laravel/framework/src/Illuminate/View/Factory.php(325): Illuminate/View/Engines/EngineResolver->resolve('blade')
#10 C:/Users/USUARIO/Downloads/laravelProgramacion3/holalaravel-main/vendor/laravel/framework/src/Illuminate/View/Factory.php(287): Illuminate/View/Factory->getEngineFromPath('C://Users//USUARI...')
#11 C:/Users/USUARIO/Downloads/laravelProgramacion3/holalaravel-main/vendor/laravel/framework/src/Illuminate/View/Factory.php(159): Illuminate/View/Factory->viewInstance('errors::500', 'C://Users//USUARI...', Array)
#12 C:/Users/USUARIO/Downloads/laravelProgramacion3/holalaravel-main/vendor/laravel/framework/src/Illuminate/Routing/ResponseFactory.php(91): Illuminate/View/Factory->make('errors::500', Array)
#13 C:/Users/USUARIO/Downloads/laravelProgramacion3/holalaravel-main/vendor/laravel/framework/src/Illuminate/Foundation/Exceptions/Handler.php(926): Illuminate/Routing/ResponseFactory->view('errors::500', Array, 500, Array)
#14 C:/Users/USUARIO/Downloads/laravelProgramacion3/holalaravel-main/vendor/laravel/framework/src/Illuminate/Foundation/Exceptions/Handler.php(847): Illuminate/Foundation/Exceptions/Handler->renderHttpException(Object(Symfony/Component/HttpKernel/Exception/HttpException))
#15 C:/Users/USUARIO/Downloads/laravelProgramacion3/holalaravel-main/vendor/laravel/framework/src/Illuminate/Foundation/Exceptions/Handler.php(738): Illuminate/Foundation/Exceptions/Handler->prepareResponse(Object(Illuminate/Http/Request), Object(Symfony/Component/HttpKernel/Exception/HttpException))
#16 C:/Users/USUARIO/Downloads/laravelProgramacion3/holalaravel-main/vendor/laravel/framework/src/Illuminate/Foundation/Exceptions/Handler.php(626): Illuminate/Foundation/Exceptions/Handler->renderExceptionResponse(Object(Illuminate/Http/Request), Object(Illuminate/Encryption/MissingAppKeyException))
#17 C:/Users/USUARIO/Downloads/laravelProgramacion3/holalaravel-main/vendor/laravel/framework/src/Illuminate/Routing/Pipeline.php(51): Illuminate/Foundation/Exceptions/Handler->render(Object(Illuminate/Http/Request), Object(Illuminate/Encryption/MissingAppKeyException))
#18 C:/Users/USUARIO/Downloads/laravelProgramacion3/holalaravel-main/vendor/laravel/framework/src/Illuminate/Pipeline/Pipeline.php(224): Illuminate/Routing/Pipeline->handleException(Object(Illuminate/Http/Request), Object(Illuminate/Encryption/MissingAppKeyException))
#19 C:/Users/USUARIO/Downloads/laravelProgramacion3/holalaravel-main/vendor/laravel/framework/src/Illuminate/Pipeline/Pipeline.php(137): Illuminate/Pipeline/Pipeline->Illuminate/Pipeline/{closure}(Object(Illuminate/Http/Request))
#20 C:/Users/USUARIO/Downloads/laravelProgramacion3/holalaravel-main/vendor/laravel/framework/src/Illuminate/Routing/Router.php(821): Illuminate/Pipeline/Pipeline->then(Object(Closure))
#21 C:/Users/USUARIO/Downloads/laravelProgramacion3/holalaravel-main/vendor/laravel/framework/src/Illuminate/Routing/Router.php(800): Illuminate/Routing/Router->runRouteWithinStack(Object(Illuminate/Routing/Route), Object(Illuminate/Http/Request))
#22 C:/Users/USUARIO/Downloads/laravelProgramacion3/holalaravel-main/vendor/laravel/framework/src/Illuminate/Routing/Router.php(764): Illuminate/Routing/Router->runRoute(Object(Illuminate/Http/Request), Object(Illuminate/Routing/Route))
#23 C:/Users/USUARIO/Downloads/laravelProgramacion3/holalaravel-main/vendor/laravel/framework/src/Illuminate/Routing/Router.php(753): Illuminate/Routing/Router->dispatchToRoute(Object(Illuminate/Http/Request))
#24 C:/Users/USUARIO/Downloads/laravelProgramacion3/holalaravel-main/vendor/laravel/framework/src/Illuminate/Foundation/Http/Kernel.php(200): Illuminate/Routing/Router->dispatch(Object(Illuminate/Http/Request))
#25 C:/Users/USUARIO/Downloads/laravelProgramacion3/holalaravel-main/vendor/laravel/framework/src/Illuminate/Pipeline/Pipeline.php(180): Illuminate/Foundation/Http/Kernel->Illuminate/Foundation/Http/{closure}(Object(Illuminate/Http/Request))
#26 C:/Users/USUARIO/Downloads/laravelProgramacion3/holalaravel-main/vendor/laravel/framework/src/Illuminate/Foundation/Http/Middleware/TransformsRequest.php(21): Illuminate/Pipeline/Pipeline->Illuminate/Pipeline/{closure}(Object(Illuminate/Http/Request))
#27 C:/Users/USUARIO/Downloads/laravelProgramacion3/holalaravel-main/vendor/laravel/framework/src/Illuminate/Foundation/Http/Middleware/ConvertEmptyStringsToNull.php(31): Illuminate/Foundation/Http/Middleware/TransformsRequest->handle(Object(Illuminate/Http/Request), Object(Closure))
#28 C:/Users/USUARIO/Downloads/laravelProgramacion3/holalaravel-main/vendor/laravel/framework/src/Illuminate/Pipeline/Pipeline.php(219): Illuminate/Foundation/Http/Middleware/ConvertEmptyStringsToNull->handle(Object(Illuminate/Http/Request), Object(Closure))
#29 C:/Users/USUARIO/Downloads/laravelProgramacion3/holalaravel-main/vendor/laravel/framework/src/Illuminate/Foundation/Http/Middleware/TransformsRequest.php(21): Illuminate/Pipeline/Pipeline->Illuminate/Pipeline/{closure}(Object(Illuminate/Http/Request))
#30 C:/Users/USUARIO/Downloads/laravelProgramacion3/holalaravel-main/vendor/laravel/framework/src/Illuminate/Foundation/Http/Middleware/TrimStrings.php(51): Illuminate/Foundation/Http/Middleware/TransformsRequest->handle(Object(Illuminate/Http/Request), Object(Closure))
#31 C:/Users/USUARIO/Downloads/laravelProgramacion3/holalaravel-main/vendor/laravel/framework/src/Illuminate/Pipeline/Pipeline.php(219): Illuminate/Foundation/Http/Middleware/TrimStrings->handle(Object(Illuminate/Http/Request), Object(Closure))
#32 C:/Users/USUARIO/Downloads/laravelProgramacion3/holalaravel-main/vendor/laravel/framework/src/Illuminate/Http/Middleware/ValidatePostSize.php(27): Illuminate/Pipeline/Pipeline->Illuminate/Pipeline/{closure}(Object(Illuminate/Http/Request))
#33 C:/Users/USUARIO/Downloads/laravelProgramacion3/holalaravel-main/vendor/laravel/framework/src/Illuminate/Pipeline/Pipeline.php(219): Illuminate/Http/Middleware/ValidatePostSize->handle(Object(Illuminate/Http/Request), Object(Closure))
#34 C:/Users/USUARIO/Downloads/laravelProgramacion3/holalaravel-main/vendor/laravel/framework/src/Illuminate/Foundation/Http/Middleware/PreventRequestsDuringMaintenance.php(109): Illuminate/Pipeline/Pipeline->Illuminate/Pipeline/{closure}(Object(Illuminate/Http/Request))
#35 C:/Users/USUARIO/Downloads/laravelProgramacion3/holalaravel-main/vendor/laravel/framework/src/Illuminate/Pipeline/Pipeline.php(219): Illuminate/Foundation/Http/Middleware/PreventRequestsDuringMaintenance->handle(Object(Illuminate/Http/Request), Object(Closure))
#36 C:/Users/USUARIO/Downloads/laravelProgramacion3/holalaravel-main/vendor/laravel/framework/src/Illuminate/Http/Middleware/HandleCors.php(61): Illuminate/Pipeline/Pipeline->Illuminate/Pipeline/{closure}(Object(Illuminate/Http/Request))
#37 C:/Users/USUARIO/Downloads/laravelProgramacion3/holalaravel-main/vendor/laravel/framework/src/Illuminate/Pipeline/Pipeline.php(219): Illuminate/Http/Middleware/HandleCors->handle(Object(Illuminate/Http/Request), Object(Closure))
#38 C:/Users/USUARIO/Downloads/laravelProgramacion3/holalaravel-main/vendor/laravel/framework/src/Illuminate/Http/Middleware/TrustProxies.php(58): Illuminate/Pipeline/Pipeline->Illuminate/Pipeline/{closure}(Object(Illuminate/Http/Request))
#39 C:/Users/USUARIO/Downloads/laravelProgramacion3/holalaravel-main/vendor/laravel/framework/src/Illuminate/Pipeline/Pipeline.php(219): Illuminate/Http/Middleware/TrustProxies->handle(Object(Illuminate/Http/Request), Object(Closure))
#40 C:/Users/USUARIO/Downloads/laravelProgramacion3/holalaravel-main/vendor/laravel/framework/src/Illuminate/Foundation/Http/Middleware/InvokeDeferredCallbacks.php(22): Illuminate/Pipeline/Pipeline->Illuminate/Pipeline/{closure}(Object(Illuminate/Http/Request))
#41 C:/Users/USUARIO/Downloads/laravelProgramacion3/holalaravel-main/vendor/laravel/framework/src/Illuminate/Pipeline/Pipeline.php(219): Illuminate/Foundation/Http/Middleware/InvokeDeferredCallbacks->handle(Object(Illuminate/Http/Request), Object(Closure))
#42 C:/Users/USUARIO/Downloads/laravelProgramacion3/holalaravel-main/vendor/laravel/framework/src/Illuminate/Http/Middleware/ValidatePathEncoding.php(26): Illuminate/Pipeline/Pipeline->Illuminate/Pipeline/{closure}(Object(Illuminate/Http/Request))
#43 C:/Users/USUARIO/Downloads/laravelProgramacion3/holalaravel-main/vendor/laravel/framework/src/Illuminate/Pipeline/Pipeline.php(219): Illuminate/Http/Middleware/ValidatePathEncoding->handle(Object(Illuminate/Http/Request), Object(Closure))
#44 C:/Users/USUARIO/Downloads/laravelProgramacion3/holalaravel-main/vendor/laravel/framework/src/Illuminate/Pipeline/Pipeline.php(137): Illuminate/Pipeline/Pipeline->Illuminate/Pipeline/{closure}(Object(Illuminate/Http/Request))
#45 C:/Users/USUARIO/Downloads/laravelProgramacion3/holalaravel-main/vendor/laravel/framework/src/Illuminate/Foundation/Http/Kernel.php(175): Illuminate/Pipeline/Pipeline->then(Object(Closure))
#46 C:/Users/USUARIO/Downloads/laravelProgramacion3/holalaravel-main/vendor/laravel/framework/src/Illuminate/Foundation/Http/Kernel.php(144): Illuminate/Foundation/Http/Kernel->sendRequestThroughRouter(Object(Illuminate/Http/Request))
#47 C:/Users/USUARIO/Downloads/laravelProgramacion3/holalaravel-main/vendor/laravel/framework/src/Illuminate/Foundation/Application.php(1220): Illuminate/Foundation/Http/Kernel->handle(Object(Illuminate/Http/Request))
#48 C:/Users/USUARIO/Downloads/laravelProgramacion3/holalaravel-main/public/index.php(20): Illuminate/Foundation/Application->handleRequest(Object(Illuminate/Http/Request))
#49 C:/Users/USUARIO/Downloads/laravelProgramacion3/holalaravel-main/vendor/laravel/framework/src/Illuminate/Foundation/resources/server.php(23): require_once('C://Users//USUARI...')
#50 {main}
"} 
[2026-04-11 19:29:41] production.ERROR: No application encryption key has been specified. {"exception":"[object] (Illuminate\\Encryption\\MissingAppKeyException(code: 0): No application encryption key has been specified. at C:/Users/USUARIO/Downloads/laravelProgramacion3/holalaravel-main/vendor/laravel/framework/src/Illuminate/Encryption/EncryptionServiceProvider.php:83)
[stacktrace]
#0 C:/Users/USUARIO/Downloads/laravelProgramacion3/holalaravel-main/vendor/laravel/framework/src/Illuminate/Support/helpers.php(393): Illuminate/Encryption/EncryptionServiceProvider->Illuminate/Encryption/{closure}(NULL)
#1 C:/Users/USUARIO/Downloads/laravelProgramacion3/holalaravel-main/vendor/laravel/framework/src/Illuminate/Encryption/EncryptionServiceProvider.php(81): tap(NULL, Object(Closure))
#2 C:/Users/USUARIO/Downloads/laravelProgramacion3/holalaravel-main/vendor/laravel/framework/src/Illuminate/Encryption/EncryptionServiceProvider.php(64): Illuminate/Encryption/EncryptionServiceProvider->key(Array)
#3 C:/Users/USUARIO/Downloads/laravelProgramacion3/holalaravel-main/vendor/laravel/framework/src/Illuminate/Encryption/EncryptionServiceProvider.php(32): Illuminate/Encryption/EncryptionServiceProvider->parseKey(Array)
#4 C:/Users/USUARIO/Downloads/laravelProgramacion3/holalaravel-main/vendor/laravel/framework/src/Illuminate/Container/Container.php(1115): Illuminate/Encryption/EncryptionServiceProvider->Illuminate/Encryption/{closure}(Object(Illuminate/Foundation/Application), Array)
#5 C:/Users/USUARIO/Downloads/laravelProgramacion3/holalaravel-main/vendor/laravel/framework/src/Illuminate/Container/Container.php(933): Illuminate/Container/Container->build(Object(Closure))
#6 C:/Users/USUARIO/Downloads/laravelProgramacion3/holalaravel-main/vendor/laravel/framework/src/Illuminate/Foundation/Application.php(1078): Illuminate/Container/Container->resolve('encrypter', Array, true)
#7 C:/Users/USUARIO/Downloads/laravelProgramacion3/holalaravel-main/vendor/laravel/framework/src/Illuminate/Container/Container.php(864): Illuminate/Foundation/Application->resolve('encrypter', Array)
#8 C:/Users/USUARIO/Downloads/laravelProgramacion3/holalaravel-main/vendor/laravel/framework/src/Illuminate/Foundation/Application.php(1058): Illuminate/Container/Container->make('encrypter', Array)
#9 C:/Users/USUARIO/Downloads/laravelProgramacion3/holalaravel-main/vendor/laravel/framework/src/Illuminate/Container/Container.php(1336): Illuminate/Foundation/Application->make('encrypter')
#10 C:/Users/USUARIO/Downloads/laravelProgramacion3/holalaravel-main/vendor/laravel/framework/src/Illuminate/Container/Container.php(1237): Illuminate/Container/Container->resolveClass(Object(ReflectionParameter), 'Illuminate//Cont...')
#11 C:/Users/USUARIO/Downloads/laravelProgramacion3/holalaravel-main/vendor/laravel/framework/src/Illuminate/Container/Container.php(1162): Illuminate/Container/Container->resolveDependencies(Array)
#12 C:/Users/USUARIO/Downloads/laravelProgramacion3/holalaravel-main/vendor/laravel/framework/src/Illuminate/Container/Container.php(933): Illuminate/Container/Container->build('Illuminate//Cook...')
#13 C:/Users/USUARIO/Downloads/laravelProgramacion3/holalaravel-main/vendor/laravel/framework/src/Illuminate/Foundation/Application.php(1078): Illuminate/Container/Container->resolve('Illuminate//Cook...', Array, true)
#14 C:/Users/USUARIO/Downloads/laravelProgramacion3/holalaravel-main/vendor/laravel/framework/src/Illuminate/Container/Container.php(864): Illuminate/Foundation/Application->resolve('Illuminate//Cook...', Array)
#15 C:/Users/USUARIO/Downloads/laravelProgramacion3/holalaravel-main/vendor/laravel/framework/src/Illuminate/Foundation/Application.php(1058): Illuminate/Container/Container->make('Illuminate//Cook...', Array)
#16 C:/Users/USUARIO/Downloads/laravelProgramacion3/holalaravel-main/vendor/laravel/framework/src/Illuminate/Foundation/Http/Kernel.php(257): Illuminate/Foundation/Application->make('Illuminate//Cook...')
#17 C:/Users/USUARIO/Downloads/laravelProgramacion3/holalaravel-main/vendor/laravel/framework/src/Illuminate/Foundation/Http/Kernel.php(215): Illuminate/Foundation/Http/Kernel->terminateMiddleware(Object(Illuminate/Http/Request), Object(Illuminate/Http/Response))
#18 C:/Users/USUARIO/Downloads/laravelProgramacion3/holalaravel-main/vendor/laravel/framework/src/Illuminate/Foundation/Application.php(1222): Illuminate/Foundation/Http/Kernel->terminate(Object(Illuminate/Http/Request), Object(Illuminate/Http/Response))
#19 C:/Users/USUARIO/Downloads/laravelProgramacion3/holalaravel-main/public/index.php(20): Illuminate/Foundation/Application->handleRequest(Object(Illuminate/Http/Request))
#20 C:/Users/USUARIO/Downloads/laravelProgramacion3/holalaravel-main/vendor/laravel/framework/src/Illuminate/Foundation/resources/server.php(23): require_once('C://Users//USUARI...')
#21 {main}
"} 
[2026-04-11 19:29:41] production.ERROR: Please provide a valid cache path. {"exception":"[object] (InvalidArgumentException(code: 0): Please provide a valid cache path. at C:/Users/USUARIO/Downloads/laravelProgramacion3/holalaravel-main/vendor/laravel/framework/src/Illuminate/View/Compilers/Compiler.php:75)
[stacktrace]
#0 C:/Users/USUARIO/Downloads/laravelProgramacion3/holalaravel-main/vendor/laravel/framework/src/Illuminate/View/ViewServiceProvider.php(97): Illuminate/View/Compilers/Compiler->__construct(Object(Illuminate/Filesystem/Filesystem), false, '', true, 'php', true)
#1 C:/Users/USUARIO/Downloads/laravelProgramacion3/holalaravel-main/vendor/laravel/framework/src/Illuminate/Container/Container.php(1115): Illuminate/View/ViewServiceProvider->Illuminate/View/{closure}(Object(Illuminate/Foundation/Application), Array)
#2 C:/Users/USUARIO/Downloads/laravelProgramacion3/holalaravel-main/vendor/laravel/framework/src/Illuminate/Container/Container.php(933): Illuminate/Container/Container->build(Object(Closure))
#3 C:/Users/USUARIO/Downloads/laravelProgramacion3/holalaravel-main/vendor/laravel/framework/src/Illuminate/Foundation/Application.php(1078): Illuminate/Container/Container->resolve('blade.compiler', Array, true)
#4 C:/Users/USUARIO/Downloads/laravelProgramacion3/holalaravel-main/vendor/laravel/framework/src/Illuminate/Container/Container.php(864): Illuminate/Foundation/Application->resolve('blade.compiler', Array)
#5 C:/Users/USUARIO/Downloads/laravelProgramacion3/holalaravel-main/vendor/laravel/framework/src/Illuminate/Foundation/Application.php(1058): Illuminate/Container/Container->make('blade.compiler', Array)
#6 C:/Users/USUARIO/Downloads/laravelProgramacion3/holalaravel-main/vendor/laravel/framework/src/Illuminate/View/ViewServiceProvider.php(169): Illuminate/Foundation/Application->make('blade.compiler')
#7 [internal function]: Illuminate/View/ViewServiceProvider->Illuminate/View/{closure}()
#8 C:/Users/USUARIO/Downloads/laravelProgramacion3/holalaravel-main/vendor/laravel/framework/src/Illuminate/View/Engines/EngineResolver.php(55): call_user_func(Object(Closure))
#9 C:/Users/USUARIO/Downloads/laravelProgramacion3/holalaravel-main/vendor/laravel/framework/src/Illuminate/View/Factory.php(318): Illuminate/View/Engines/EngineResolver->resolve('blade')
#10 C:/Users/USUARIO/Downloads/laravelProgramacion3/holalaravel-main/vendor/laravel/framework/src/Illuminate/View/Factory.php(287): Illuminate/View/Factory->getEngineFromPath('C://Users//USUARI...')
#11 C:/Users/USUARIO/Downloads/laravelProgramacion3/holalaravel-main/vendor/laravel/framework/src/Illuminate/View/Factory.php(159): Illuminate/View/Factory->viewInstance('errors::500', 'C://Users//USUARI...', Array)
#12 C:/Users/USUARIO/Downloads/laravelProgramacion3/holalaravel-main/vendor/laravel/framework/src/Illuminate/Routing/ResponseFactory.php(91): Illuminate/View/Factory->make('errors::500', Array)
#13 C:/Users/USUARIO/Downloads/laravelProgramacion3/holalaravel-main/vendor/laravel/framework/src/Illuminate/Foundation/Exceptions/Handler.php(926): Illuminate/Routing/ResponseFactory->view('errors::500', Array, 500, Array)
#14 C:/Users/USUARIO/Downloads/laravelProgramacion3/holalaravel-main/vendor/laravel/framework/src/Illuminate/Foundation/Exceptions/Handler.php(847): Illuminate/Foundation/Exceptions/Handler->renderHttpException(Object(Symfony/Component/HttpKernel/Exception/HttpException))
#15 C:/Users/USUARIO/Downloads/laravelProgramacion3/holalaravel-main/vendor/laravel/framework/src/Illuminate/Foundation/Exceptions/Handler.php(738): Illuminate/Foundation/Exceptions/Handler->prepareResponse(Object(Illuminate/Http/Request), Object(Symfony/Component/HttpKernel/Exception/HttpException))
#16 C:/Users/USUARIO/Downloads/laravelProgramacion3/holalaravel-main/vendor/laravel/framework/src/Illuminate/Foundation/Exceptions/Handler.php(626): Illuminate/Foundation/Exceptions/Handler->renderExceptionResponse(Object(Illuminate/Http/Request), Object(Illuminate/Encryption/MissingAppKeyException))
#17 C:/Users/USUARIO/Downloads/laravelProgramacion3/holalaravel-main/vendor/laravel/framework/src/Illuminate/Foundation/Bootstrap/HandleExceptions.php(221): Illuminate/Foundation/Exceptions/Handler->render(Object(Illuminate/Http/Request), Object(Illuminate/Encryption/MissingAppKeyException))
#18 C:/Users/USUARIO/Downloads/laravelProgramacion3/holalaravel-main/vendor/laravel/framework/src/Illuminate/Foundation/Bootstrap/HandleExceptions.php(198): Illuminate/Foundation/Bootstrap/HandleExceptions->renderHttpResponse(Object(Illuminate/Encryption/MissingAppKeyException))
#19 C:/Users/USUARIO/Downloads/laravelProgramacion3/holalaravel-main/vendor/laravel/framework/src/Illuminate/Foundation/Bootstrap/HandleExceptions.php(258): Illuminate/Foundation/Bootstrap/HandleExceptions->handleException(Object(Illuminate/Encryption/MissingAppKeyException))
#20 [internal function]: Illuminate/Foundation/Bootstrap/HandleExceptions->Illuminate/Foundation/Bootstrap/{closure}(Object(Illuminate/Encryption/MissingAppKeyException))
#21 {main}
"} 
[2026-04-11 19:30:37] production.ERROR: Database file at path [C:\Users\USUARIO\Downloads\laravelProgramacion3\holalaravel-main\database\database.sqlite] does not exist. Ensure this is an absolute path to the database. (Connection: sqlite, Database: C:\Users\USUARIO\Downloads\laravelProgramacion3\holalaravel-main\database\database.sqlite, SQL: delete from "cache") {"exception":"[object] (Illuminate\\Database\\QueryException(code: 0): Database file at path [C:\\Users\\USUARIO\\Downloads\\laravelProgramacion3\\holalaravel-main\\database\\database.sqlite] does not exist. Ensure this is an absolute path to the database. (Connection: sqlite, Database: C:\\Users\\USUARIO\\Downloads\\laravelProgramacion3\\holalaravel-main\\database\\database.sqlite, SQL: delete from \"cache\") at C:/Users/USUARIO/Downloads/laravelProgramacion3/holalaravel-main/vendor/laravel/framework/src/Illuminate/Database/Connection.php:838)
[stacktrace]
#0 C:/Users/USUARIO/Downloads/laravelProgramacion3/holalaravel-main/vendor/laravel/framework/src/Illuminate/Database/Connection.php(794): Illuminate/Database/Connection->runQueryCallback('delete from \"ca...', Array, Object(Closure))
#1 C:/Users/USUARIO/Downloads/laravelProgramacion3/holalaravel-main/vendor/laravel/framework/src/Illuminate/Database/Connection.php(597): Illuminate/Database/Connection->run('delete from \"ca...', Array, Object(Closure))
#2 C:/Users/USUARIO/Downloads/laravelProgramacion3/holalaravel-main/vendor/laravel/framework/src/Illuminate/Database/Connection.php(561): Illuminate/Database/Connection->affectingStatement('delete from \"ca...', Array)
#3 C:/Users/USUARIO/Downloads/laravelProgramacion3/holalaravel-main/vendor/laravel/framework/src/Illuminate/Database/Query/Builder.php(4426): Illuminate/Database/Connection->delete('delete from \"ca...', Array)
#4 C:/Users/USUARIO/Downloads/laravelProgramacion3/holalaravel-main/vendor/laravel/framework/src/Illuminate/Cache/DatabaseStore.php(433): Illuminate/Database/Query/Builder->delete()
#5 C:/Users/USUARIO/Downloads/laravelProgramacion3/holalaravel-main/vendor/laravel/framework/src/Illuminate/Cache/Repository.php(979): Illuminate/Cache/DatabaseStore->flush()
#6 C:/Users/USUARIO/Downloads/laravelProgramacion3/holalaravel-main/vendor/laravel/framework/src/Illuminate/Cache/Console/ClearCommand.php(68): Illuminate/Cache/Repository->__call('flush', Array)
#7 C:/Users/USUARIO/Downloads/laravelProgramacion3/holalaravel-main/vendor/laravel/framework/src/Illuminate/Container/BoundMethod.php(36): Illuminate/Cache/Console/ClearCommand->handle()
#8 C:/Users/USUARIO/Downloads/laravelProgramacion3/holalaravel-main/vendor/laravel/framework/src/Illuminate/Container/Util.php(43): Illuminate/Container/BoundMethod::Illuminate/Container/{closure}()
#9 C:/Users/USUARIO/Downloads/laravelProgramacion3/holalaravel-main/vendor/laravel/framework/src/Illuminate/Container/BoundMethod.php(96): Illuminate/Container/Util::unwrapIfClosure(Object(Closure))
#10 C:/Users/USUARIO/Downloads/laravelProgramacion3/holalaravel-main/vendor/laravel/framework/src/Illuminate/Container/BoundMethod.php(35): Illuminate/Container/BoundMethod::callBoundMethod(Object(Illuminate/Foundation/Application), Array, Object(Closure))
#11 C:/Users/USUARIO/Downloads/laravelProgramacion3/holalaravel-main/vendor/laravel/framework/src/Illuminate/Container/Container.php(799): Illuminate/Container/BoundMethod::call(Object(Illuminate/Foundation/Application), Array, Array, NULL)
#12 C:/Users/USUARIO/Downloads/laravelProgramacion3/holalaravel-main/vendor/laravel/framework/src/Illuminate/Console/Command.php(211): Illuminate/Container/Container->call(Array)
#13 C:/Users/USUARIO/Downloads/laravelProgramacion3/holalaravel-main/vendor/symfony/console/Command/Command.php(341): Illuminate/Console/Command->execute(Object(Symfony/Component/Console/Input/ArgvInput), Object(Illuminate/Console/OutputStyle))
#14 C:/Users/USUARIO/Downloads/laravelProgramacion3/holalaravel-main/vendor/laravel/framework/src/Illuminate/Console/Command.php(180): Symfony/Component/Console/Command/Command->run(Object(Symfony/Component/Console/Input/ArgvInput), Object(Illuminate/Console/OutputStyle))
#15 C:/Users/USUARIO/Downloads/laravelProgramacion3/holalaravel-main/vendor/symfony/console/Application.php(1117): Illuminate/Console/Command->run(Object(Symfony/Component/Console/Input/ArgvInput), Object(Symfony/Component/Console/Output/ConsoleOutput))
#16 C:/Users/USUARIO/Downloads/laravelProgramacion3/holalaravel-main/vendor/symfony/console/Application.php(356): Symfony/Component/Console/Application->doRunCommand(Object(Illuminate/Cache/Console/ClearCommand), Object(Symfony/Component/Console/Input/ArgvInput), Object(Symfony/Component/Console/Output/ConsoleOutput))
#17 C:/Users/USUARIO/Downloads/laravelProgramacion3/holalaravel-main/vendor/symfony/console/Application.php(195): Symfony/Component/Console/Application->doRun(Object(Symfony/Component/Console/Input/ArgvInput), Object(Symfony/Component/Console/Output/ConsoleOutput))
#18 C:/Users/USUARIO/Downloads/laravelProgramacion3/holalaravel-main/vendor/laravel/framework/src/Illuminate/Foundation/Console/Kernel.php(198): Symfony/Component/Console/Application->run(Object(Symfony/Component/Console/Input/ArgvInput), Object(Symfony/Component/Console/Output/ConsoleOutput))
#19 C:/Users/USUARIO/Downloads/laravelProgramacion3/holalaravel-main/vendor/laravel/framework/src/Illuminate/Foundation/Application.php(1235): Illuminate/Foundation/Console/Kernel->handle(Object(Symfony/Component/Console/Input/ArgvInput), Object(Symfony/Component/Console/Output/ConsoleOutput))
#20 C:/Users/USUARIO/Downloads/laravelProgramacion3/holalaravel-main/artisan(16): Illuminate/Foundation/Application->handleCommand(Object(Symfony/Component/Console/Input/ArgvInput))
#21 {main}

[previous exception] [object] (Illuminate\\Database\\SQLiteDatabaseDoesNotExistException(code: 0): Database file at path [C:\\Users\\USUARIO\\Downloads\\laravelProgramacion3\\holalaravel-main\\database\\database.sqlite] does not exist. Ensure this is an absolute path to the database. at C:/Users/USUARIO/Downloads/laravelProgramacion3/holalaravel-main/vendor/laravel/framework/src/Illuminate/Database/Connectors/SQLiteConnector.php:60)
[stacktrace]
#0 C:/Users/USUARIO/Downloads/laravelProgramacion3/holalaravel-main/vendor/laravel/framework/src/Illuminate/Database/Connectors/SQLiteConnector.php(19): Illuminate/Database/Connectors/SQLiteConnector->parseDatabasePath(false)
#1 C:/Users/USUARIO/Downloads/laravelProgramacion3/holalaravel-main/vendor/laravel/framework/src/Illuminate/Database/Connectors/ConnectionFactory.php(225): Illuminate/Database/Connectors/SQLiteConnector->connect(Array)
#2 [internal function]: Illuminate/Database/Connectors/ConnectionFactory->Illuminate/Database/Connectors/{closure}()
#3 C:/Users/USUARIO/Downloads/laravelProgramacion3/holalaravel-main/vendor/laravel/framework/src/Illuminate/Database/Connection.php(1257): call_user_func(Object(Closure))
#4 C:/Users/USUARIO/Downloads/laravelProgramacion3/holalaravel-main/vendor/laravel/framework/src/Illuminate/Database/Connection.php(605): Illuminate/Database/Connection->getPdo()
#5 C:/Users/USUARIO/Downloads/laravelProgramacion3/holalaravel-main/vendor/laravel/framework/src/Illuminate/Database/Connection.php(827): Illuminate/Database/Connection->Illuminate/Database/{closure}('delete from \"ca...', Array)
#6 C:/Users/USUARIO/Downloads/laravelProgramacion3/holalaravel-main/vendor/laravel/framework/src/Illuminate/Database/Connection.php(794): Illuminate/Database/Connection->runQueryCallback('delete from \"ca...', Array, Object(Closure))
#7 C:/Users/USUARIO/Downloads/laravelProgramacion3/holalaravel-main/vendor/laravel/framework/src/Illuminate/Database/Connection.php(597): Illuminate/Database/Connection->run('delete from \"ca...', Array, Object(Closure))
#8 C:/Users/USUARIO/Downloads/laravelProgramacion3/holalaravel-main/vendor/laravel/framework/src/Illuminate/Database/Connection.php(561): Illuminate/Database/Connection->affectingStatement('delete from \"ca...', Array)
#9 C:/Users/USUARIO/Downloads/laravelProgramacion3/holalaravel-main/vendor/laravel/framework/src/Illuminate/Database/Query/Builder.php(4426): Illuminate/Database/Connection->delete('delete from \"ca...', Array)
#10 C:/Users/USUARIO/Downloads/laravelProgramacion3/holalaravel-main/vendor/laravel/framework/src/Illuminate/Cache/DatabaseStore.php(433): Illuminate/Database/Query/Builder->delete()
#11 C:/Users/USUARIO/Downloads/laravelProgramacion3/holalaravel-main/vendor/laravel/framework/src/Illuminate/Cache/Repository.php(979): Illuminate/Cache/DatabaseStore->flush()
#12 C:/Users/USUARIO/Downloads/laravelProgramacion3/holalaravel-main/vendor/laravel/framework/src/Illuminate/Cache/Console/ClearCommand.php(68): Illuminate/Cache/Repository->__call('flush', Array)
#13 C:/Users/USUARIO/Downloads/laravelProgramacion3/holalaravel-main/vendor/laravel/framework/src/Illuminate/Container/BoundMethod.php(36): Illuminate/Cache/Console/ClearCommand->handle()
#14 C:/Users/USUARIO/Downloads/laravelProgramacion3/holalaravel-main/vendor/laravel/framework/src/Illuminate/Container/Util.php(43): Illuminate/Container/BoundMethod::Illuminate/Container/{closure}()
#15 C:/Users/USUARIO/Downloads/laravelProgramacion3/holalaravel-main/vendor/laravel/framework/src/Illuminate/Container/BoundMethod.php(96): Illuminate/Container/Util::unwrapIfClosure(Object(Closure))
#16 C:/Users/USUARIO/Downloads/laravelProgramacion3/holalaravel-main/vendor/laravel/framework/src/Illuminate/Container/BoundMethod.php(35): Illuminate/Container/BoundMethod::callBoundMethod(Object(Illuminate/Foundation/Application), Array, Object(Closure))
#17 C:/Users/USUARIO/Downloads/laravelProgramacion3/holalaravel-main/vendor/laravel/framework/src/Illuminate/Container/Container.php(799): Illuminate/Container/BoundMethod::call(Object(Illuminate/Foundation/Application), Array, Array, NULL)
#18 C:/Users/USUARIO/Downloads/laravelProgramacion3/holalaravel-main/vendor/laravel/framework/src/Illuminate/Console/Command.php(211): Illuminate/Container/Container->call(Array)
#19 C:/Users/USUARIO/Downloads/laravelProgramacion3/holalaravel-main/vendor/symfony/console/Command/Command.php(341): Illuminate/Console/Command->execute(Object(Symfony/Component/Console/Input/ArgvInput), Object(Illuminate/Console/OutputStyle))
#20 C:/Users/USUARIO/Downloads/laravelProgramacion3/holalaravel-main/vendor/laravel/framework/src/Illuminate/Console/Command.php(180): Symfony/Component/Console/Command/Command->run(Object(Symfony/Component/Console/Input/ArgvInput), Object(Illuminate/Console/OutputStyle))
#21 C:/Users/USUARIO/Downloads/laravelProgramacion3/holalaravel-main/vendor/symfony/console/Application.php(1117): Illuminate/Console/Command->run(Object(Symfony/Component/Console/Input/ArgvInput), Object(Symfony/Component/Console/Output/ConsoleOutput))
#22 C:/Users/USUARIO/Downloads/laravelProgramacion3/holalaravel-main/vendor/symfony/console/Application.php(356): Symfony/Component/Console/Application->doRunCommand(Object(Illuminate/Cache/Console/ClearCommand), Object(Symfony/Component/Console/Input/ArgvInput), Object(Symfony/Component/Console/Output/ConsoleOutput))
#23 C:/Users/USUARIO/Downloads/laravelProgramacion3/holalaravel-main/vendor/symfony/console/Application.php(195): Symfony/Component/Console/Application->doRun(Object(Symfony/Component/Console/Input/ArgvInput), Object(Symfony/Component/Console/Output/ConsoleOutput))
#24 C:/Users/USUARIO/Downloads/laravelProgramacion3/holalaravel-main/vendor/laravel/framework/src/Illuminate/Foundation/Console/Kernel.php(198): Symfony/Component/Console/Application->run(Object(Symfony/Component/Console/Input/ArgvInput), Object(Symfony/Component/Console/Output/ConsoleOutput))
#25 C:/Users/USUARIO/Downloads/laravelProgramacion3/holalaravel-main/vendor/laravel/framework/src/Illuminate/Foundation/Application.php(1235): Illuminate/Foundation/Console/Kernel->handle(Object(Symfony/Component/Console/Input/ArgvInput), Object(Symfony/Component/Console/Output/ConsoleOutput))
#26 C:/Users/USUARIO/Downloads/laravelProgramacion3/holalaravel-main/artisan(16): Illuminate/Foundation/Application->handleCommand(Object(Symfony/Component/Console/Input/ArgvInput))
#27 {main}
"} 
[2026-04-11 19:30:37] production.ERROR: View path not found. {"exception":"[object] (RuntimeException(code: 0): View path not found. at C:/Users/USUARIO/Downloads/laravelProgramacion3/holalaravel-main/vendor/laravel/framework/src/Illuminate/Foundation/Console/ViewClearCommand.php:58)
[stacktrace]
#0 C:/Users/USUARIO/Downloads/laravelProgramacion3/holalaravel-main/vendor/laravel/framework/src/Illuminate/Container/BoundMethod.php(36): Illuminate/Foundation/Console/ViewClearCommand->handle()
#1 C:/Users/USUARIO/Downloads/laravelProgramacion3/holalaravel-main/vendor/laravel/framework/src/Illuminate/Container/Util.php(43): Illuminate/Container/BoundMethod::Illuminate/Container/{closure}()
#2 C:/Users/USUARIO/Downloads/laravelProgramacion3/holalaravel-main/vendor/laravel/framework/src/Illuminate/Container/BoundMethod.php(96): Illuminate/Container/Util::unwrapIfClosure(Object(Closure))
#3 C:/Users/USUARIO/Downloads/laravelProgramacion3/holalaravel-main/vendor/laravel/framework/src/Illuminate/Container/BoundMethod.php(35): Illuminate/Container/BoundMethod::callBoundMethod(Object(Illuminate/Foundation/Application), Array, Object(Closure))
#4 C:/Users/USUARIO/Downloads/laravelProgramacion3/holalaravel-main/vendor/laravel/framework/src/Illuminate/Container/Container.php(799): Illuminate/Container/BoundMethod::call(Object(Illuminate/Foundation/Application), Array, Array, NULL)
#5 C:/Users/USUARIO/Downloads/laravelProgramacion3/holalaravel-main/vendor/laravel/framework/src/Illuminate/Console/Command.php(211): Illuminate/Container/Container->call(Array)
#6 C:/Users/USUARIO/Downloads/laravelProgramacion3/holalaravel-main/vendor/symfony/console/Command/Command.php(341): Illuminate/Console/Command->execute(Object(Symfony/Component/Console/Input/ArgvInput), Object(Illuminate/Console/OutputStyle))
#7 C:/Users/USUARIO/Downloads/laravelProgramacion3/holalaravel-main/vendor/laravel/framework/src/Illuminate/Console/Command.php(180): Symfony/Component/Console/Command/Command->run(Object(Symfony/Component/Console/Input/ArgvInput), Object(Illuminate/Console/OutputStyle))
#8 C:/Users/USUARIO/Downloads/laravelProgramacion3/holalaravel-main/vendor/symfony/console/Application.php(1117): Illuminate/Console/Command->run(Object(Symfony/Component/Console/Input/ArgvInput), Object(Symfony/Component/Console/Output/ConsoleOutput))
#9 C:/Users/USUARIO/Downloads/laravelProgramacion3/holalaravel-main/vendor/symfony/console/Application.php(356): Symfony/Component/Console/Application->doRunCommand(Object(Illuminate/Foundation/Console/ViewClearCommand), Object(Symfony/Component/Console/Input/ArgvInput), Object(Symfony/Component/Console/Output/ConsoleOutput))
#10 C:/Users/USUARIO/Downloads/laravelProgramacion3/holalaravel-main/vendor/symfony/console/Application.php(195): Symfony/Component/Console/Application->doRun(Object(Symfony/Component/Console/Input/ArgvInput), Object(Symfony/Component/Console/Output/ConsoleOutput))
#11 C:/Users/USUARIO/Downloads/laravelProgramacion3/holalaravel-main/vendor/laravel/framework/src/Illuminate/Foundation/Console/Kernel.php(198): Symfony/Component/Console/Application->run(Object(Symfony/Component/Console/Input/ArgvInput), Object(Symfony/Component/Console/Output/ConsoleOutput))
#12 C:/Users/USUARIO/Downloads/laravelProgramacion3/holalaravel-main/vendor/laravel/framework/src/Illuminate/Foundation/Application.php(1235): Illuminate/Foundation/Console/Kernel->handle(Object(Symfony/Component/Console/Input/ArgvInput), Object(Symfony/Component/Console/Output/ConsoleOutput))
#13 C:/Users/USUARIO/Downloads/laravelProgramacion3/holalaravel-main/artisan(16): Illuminate/Foundation/Application->handleCommand(Object(Symfony/Component/Console/Input/ArgvInput))
#14 {main}
"} 
[2026-04-11 19:30:43] production.ERROR: No application encryption key has been specified. {"exception":"[object] (Illuminate\\Encryption\\MissingAppKeyException(code: 0): No application encryption key has been specified. at C:/Users/USUARIO/Downloads/laravelProgramacion3/holalaravel-main/vendor/laravel/framework/src/Illuminate/Encryption/EncryptionServiceProvider.php:83)
[stacktrace]
#0 C:/Users/USUARIO/Downloads/laravelProgramacion3/holalaravel-main/vendor/laravel/framework/src/Illuminate/Support/helpers.php(393): Illuminate/Encryption/EncryptionServiceProvider->Illuminate/Encryption/{closure}(NULL)
#1 C:/Users/USUARIO/Downloads/laravelProgramacion3/holalaravel-main/vendor/laravel/framework/src/Illuminate/Encryption/EncryptionServiceProvider.php(81): tap(NULL, Object(Closure))
#2 C:/Users/USUARIO/Downloads/laravelProgramacion3/holalaravel-main/vendor/laravel/framework/src/Illuminate/Encryption/EncryptionServiceProvider.php(64): Illuminate/Encryption/EncryptionServiceProvider->key(Array)
#3 C:/Users/USUARIO/Downloads/laravelProgramacion3/holalaravel-main/vendor/laravel/framework/src/Illuminate/Encryption/EncryptionServiceProvider.php(32): Illuminate/Encryption/EncryptionServiceProvider->parseKey(Array)
#4 C:/Users/USUARIO/Downloads/laravelProgramacion3/holalaravel-main/vendor/laravel/framework/src/Illuminate/Container/Container.php(1115): Illuminate/Encryption/EncryptionServiceProvider->Illuminate/Encryption/{closure}(Object(Illuminate/Foundation/Application), Array)
#5 C:/Users/USUARIO/Downloads/laravelProgramacion3/holalaravel-main/vendor/laravel/framework/src/Illuminate/Container/Container.php(933): Illuminate/Container/Container->build(Object(Closure))
#6 C:/Users/USUARIO/Downloads/laravelProgramacion3/holalaravel-main/vendor/laravel/framework/src/Illuminate/Foundation/Application.php(1078): Illuminate/Container/Container->resolve('encrypter', Array, true)
#7 C:/Users/USUARIO/Downloads/laravelProgramacion3/holalaravel-main/vendor/laravel/framework/src/Illuminate/Container/Container.php(864): Illuminate/Foundation/Application->resolve('encrypter', Array)
#8 C:/Users/USUARIO/Downloads/laravelProgramacion3/holalaravel-main/vendor/laravel/framework/src/Illuminate/Foundation/Application.php(1058): Illuminate/Container/Container->make('encrypter', Array)
#9 C:/Users/USUARIO/Downloads/laravelProgramacion3/holalaravel-main/vendor/laravel/framework/src/Illuminate/Container/Container.php(1336): Illuminate/Foundation/Application->make('encrypter')
#10 C:/Users/USUARIO/Downloads/laravelProgramacion3/holalaravel-main/vendor/laravel/framework/src/Illuminate/Container/Container.php(1237): Illuminate/Container/Container->resolveClass(Object(ReflectionParameter), 'Illuminate//Cont...')
#11 C:/Users/USUARIO/Downloads/laravelProgramacion3/holalaravel-main/vendor/laravel/framework/src/Illuminate/Container/Container.php(1162): Illuminate/Container/Container->resolveDependencies(Array)
#12 C:/Users/USUARIO/Downloads/laravelProgramacion3/holalaravel-main/vendor/laravel/framework/src/Illuminate/Container/Container.php(933): Illuminate/Container/Container->build('Illuminate//Cook...')
#13 C:/Users/USUARIO/Downloads/laravelProgramacion3/holalaravel-main/vendor/laravel/framework/src/Illuminate/Foundation/Application.php(1078): Illuminate/Container/Container->resolve('Illuminate//Cook...', Array, true)
#14 C:/Users/USUARIO/Downloads/laravelProgramacion3/holalaravel-main/vendor/laravel/framework/src/Illuminate/Container/Container.php(864): Illuminate/Foundation/Application->resolve('Illuminate//Cook...', Array)
#15 C:/Users/USUARIO/Downloads/laravelProgramacion3/holalaravel-main/vendor/laravel/framework/src/Illuminate/Foundation/Application.php(1058): Illuminate/Container/Container->make('Illuminate//Cook...', Array)
#16 C:/Users/USUARIO/Downloads/laravelProgramacion3/holalaravel-main/vendor/laravel/framework/src/Illuminate/Pipeline/Pipeline.php(208): Illuminate/Foundation/Application->make('Illuminate//Cook...')
#17 C:/Users/USUARIO/Downloads/laravelProgramacion3/holalaravel-main/vendor/laravel/framework/src/Illuminate/Pipeline/Pipeline.php(137): Illuminate/Pipeline/Pipeline->Illuminate/Pipeline/{closure}(Object(Illuminate/Http/Request))
#18 C:/Users/USUARIO/Downloads/laravelProgramacion3/holalaravel-main/vendor/laravel/framework/src/Illuminate/Routing/Router.php(821): Illuminate/Pipeline/Pipeline->then(Object(Closure))
#19 C:/Users/USUARIO/Downloads/laravelProgramacion3/holalaravel-main/vendor/laravel/framework/src/Illuminate/Routing/Router.php(800): Illuminate/Routing/Router->runRouteWithinStack(Object(Illuminate/Routing/Route), Object(Illuminate/Http/Request))
#20 C:/Users/USUARIO/Downloads/laravelProgramacion3/holalaravel-main/vendor/laravel/framework/src/Illuminate/Routing/Router.php(764): Illuminate/Routing/Router->runRoute(Object(Illuminate/Http/Request), Object(Illuminate/Routing/Route))
#21 C:/Users/USUARIO/Downloads/laravelProgramacion3/holalaravel-main/vendor/laravel/framework/src/Illuminate/Routing/Router.php(753): Illuminate/Routing/Router->dispatchToRoute(Object(Illuminate/Http/Request))
#22 C:/Users/USUARIO/Downloads/laravelProgramacion3/holalaravel-main/vendor/laravel/framework/src/Illuminate/Foundation/Http/Kernel.php(200): Illuminate/Routing/Router->dispatch(Object(Illuminate/Http/Request))
#23 C:/Users/USUARIO/Downloads/laravelProgramacion3/holalaravel-main/vendor/laravel/framework/src/Illuminate/Pipeline/Pipeline.php(180): Illuminate/Foundation/Http/Kernel->Illuminate/Foundation/Http/{closure}(Object(Illuminate/Http/Request))
#24 C:/Users/USUARIO/Downloads/laravelProgramacion3/holalaravel-main/vendor/laravel/framework/src/Illuminate/Foundation/Http/Middleware/TransformsRequest.php(21): Illuminate/Pipeline/Pipeline->Illuminate/Pipeline/{closure}(Object(Illuminate/Http/Request))
#25 C:/Users/USUARIO/Downloads/laravelProgramacion3/holalaravel-main/vendor/laravel/framework/src/Illuminate/Foundation/Http/Middleware/ConvertEmptyStringsToNull.php(31): Illuminate/Foundation/Http/Middleware/TransformsRequest->handle(Object(Illuminate/Http/Request), Object(Closure))
#26 C:/Users/USUARIO/Downloads/laravelProgramacion3/holalaravel-main/vendor/laravel/framework/src/Illuminate/Pipeline/Pipeline.php(219): Illuminate/Foundation/Http/Middleware/ConvertEmptyStringsToNull->handle(Object(Illuminate/Http/Request), Object(Closure))
#27 C:/Users/USUARIO/Downloads/laravelProgramacion3/holalaravel-main/vendor/laravel/framework/src/Illuminate/Foundation/Http/Middleware/TransformsRequest.php(21): Illuminate/Pipeline/Pipeline->Illuminate/Pipeline/{closure}(Object(Illuminate/Http/Request))
#28 C:/Users/USUARIO/Downloads/laravelProgramacion3/holalaravel-main/vendor/laravel/framework/src/Illuminate/Foundation/Http/Middleware/TrimStrings.php(51): Illuminate/Foundation/Http/Middleware/TransformsRequest->handle(Object(Illuminate/Http/Request), Object(Closure))
#29 C:/Users/USUARIO/Downloads/laravelProgramacion3/holalaravel-main/vendor/laravel/framework/src/Illuminate/Pipeline/Pipeline.php(219): Illuminate/Foundation/Http/Middleware/TrimStrings->handle(Object(Illuminate/Http/Request), Object(Closure))
#30 C:/Users/USUARIO/Downloads/laravelProgramacion3/holalaravel-main/vendor/laravel/framework/src/Illuminate/Http/Middleware/ValidatePostSize.php(27): Illuminate/Pipeline/Pipeline->Illuminate/Pipeline/{closure}(Object(Illuminate/Http/Request))
#31 C:/Users/USUARIO/Downloads/laravelProgramacion3/holalaravel-main/vendor/laravel/framework/src/Illuminate/Pipeline/Pipeline.php(219): Illuminate/Http/Middleware/ValidatePostSize->handle(Object(Illuminate/Http/Request), Object(Closure))
#32 C:/Users/USUARIO/Downloads/laravelProgramacion3/holalaravel-main/vendor/laravel/framework/src/Illuminate/Foundation/Http/Middleware/PreventRequestsDuringMaintenance.php(109): Illuminate/Pipeline/Pipeline->Illuminate/Pipeline/{closure}(Object(Illuminate/Http/Request))
#33 C:/Users/USUARIO/Downloads/laravelProgramacion3/holalaravel-main/vendor/laravel/framework/src/Illuminate/Pipeline/Pipeline.php(219): Illuminate/Foundation/Http/Middleware/PreventRequestsDuringMaintenance->handle(Object(Illuminate/Http/Request), Object(Closure))
#34 C:/Users/USUARIO/Downloads/laravelProgramacion3/holalaravel-main/vendor/laravel/framework/src/Illuminate/Http/Middleware/HandleCors.php(61): Illuminate/Pipeline/Pipeline->Illuminate/Pipeline/{closure}(Object(Illuminate/Http/Request))
#35 C:/Users/USUARIO/Downloads/laravelProgramacion3/holalaravel-main/vendor/laravel/framework/src/Illuminate/Pipeline/Pipeline.php(219): Illuminate/Http/Middleware/HandleCors->handle(Object(Illuminate/Http/Request), Object(Closure))
#36 C:/Users/USUARIO/Downloads/laravelProgramacion3/holalaravel-main/vendor/laravel/framework/src/Illuminate/Http/Middleware/TrustProxies.php(58): Illuminate/Pipeline/Pipeline->Illuminate/Pipeline/{closure}(Object(Illuminate/Http/Request))
#37 C:/Users/USUARIO/Downloads/laravelProgramacion3/holalaravel-main/vendor/laravel/framework/src/Illuminate/Pipeline/Pipeline.php(219): Illuminate/Http/Middleware/TrustProxies->handle(Object(Illuminate/Http/Request), Object(Closure))
#38 C:/Users/USUARIO/Downloads/laravelProgramacion3/holalaravel-main/vendor/laravel/framework/src/Illuminate/Foundation/Http/Middleware/InvokeDeferredCallbacks.php(22): Illuminate/Pipeline/Pipeline->Illuminate/Pipeline/{closure}(Object(Illuminate/Http/Request))
#39 C:/Users/USUARIO/Downloads/laravelProgramacion3/holalaravel-main/vendor/laravel/framework/src/Illuminate/Pipeline/Pipeline.php(219): Illuminate/Foundation/Http/Middleware/InvokeDeferredCallbacks->handle(Object(Illuminate/Http/Request), Object(Closure))
#40 C:/Users/USUARIO/Downloads/laravelProgramacion3/holalaravel-main/vendor/laravel/framework/src/Illuminate/Http/Middleware/ValidatePathEncoding.php(26): Illuminate/Pipeline/Pipeline->Illuminate/Pipeline/{closure}(Object(Illuminate/Http/Request))
#41 C:/Users/USUARIO/Downloads/laravelProgramacion3/holalaravel-main/vendor/laravel/framework/src/Illuminate/Pipeline/Pipeline.php(219): Illuminate/Http/Middleware/ValidatePathEncoding->handle(Object(Illuminate/Http/Request), Object(Closure))
#42 C:/Users/USUARIO/Downloads/laravelProgramacion3/holalaravel-main/vendor/laravel/framework/src/Illuminate/Pipeline/Pipeline.php(137): Illuminate/Pipeline/Pipeline->Illuminate/Pipeline/{closure}(Object(Illuminate/Http/Request))
#43 C:/Users/USUARIO/Downloads/laravelProgramacion3/holalaravel-main/vendor/laravel/framework/src/Illuminate/Foundation/Http/Kernel.php(175): Illuminate/Pipeline/Pipeline->then(Object(Closure))
#44 C:/Users/USUARIO/Downloads/laravelProgramacion3/holalaravel-main/vendor/laravel/framework/src/Illuminate/Foundation/Http/Kernel.php(144): Illuminate/Foundation/Http/Kernel->sendRequestThroughRouter(Object(Illuminate/Http/Request))
#45 C:/Users/USUARIO/Downloads/laravelProgramacion3/holalaravel-main/vendor/laravel/framework/src/Illuminate/Foundation/Application.php(1220): Illuminate/Foundation/Http/Kernel->handle(Object(Illuminate/Http/Request))
#46 C:/Users/USUARIO/Downloads/laravelProgramacion3/holalaravel-main/public/index.php(20): Illuminate/Foundation/Application->handleRequest(Object(Illuminate/Http/Request))
#47 C:/Users/USUARIO/Downloads/laravelProgramacion3/holalaravel-main/vendor/laravel/framework/src/Illuminate/Foundation/resources/server.php(23): require_once('C://Users//USUARI...')
#48 {main}
"} 
[2026-04-11 19:30:43] production.ERROR: Please provide a valid cache path. {"exception":"[object] (InvalidArgumentException(code: 0): Please provide a valid cache path. at C:/Users/USUARIO/Downloads/laravelProgramacion3/holalaravel-main/vendor/laravel/framework/src/Illuminate/View/Compilers/Compiler.php:75)
[stacktrace]
#0 C:/Users/USUARIO/Downloads/laravelProgramacion3/holalaravel-main/vendor/laravel/framework/src/Illuminate/View/ViewServiceProvider.php(97): Illuminate/View/Compilers/Compiler->__construct(Object(Illuminate/Filesystem/Filesystem), false, '', true, 'php', true)
#1 C:/Users/USUARIO/Downloads/laravelProgramacion3/holalaravel-main/vendor/laravel/framework/src/Illuminate/Container/Container.php(1115): Illuminate/View/ViewServiceProvider->Illuminate/View/{closure}(Object(Illuminate/Foundation/Application), Array)
#2 C:/Users/USUARIO/Downloads/laravelProgramacion3/holalaravel-main/vendor/laravel/framework/src/Illuminate/Container/Container.php(933): Illuminate/Container/Container->build(Object(Closure))
#3 C:/Users/USUARIO/Downloads/laravelProgramacion3/holalaravel-main/vendor/laravel/framework/src/Illuminate/Foundation/Application.php(1078): Illuminate/Container/Container->resolve('blade.compiler', Array, true)
#4 C:/Users/USUARIO/Downloads/laravelProgramacion3/holalaravel-main/vendor/laravel/framework/src/Illuminate/Container/Container.php(864): Illuminate/Foundation/Application->resolve('blade.compiler', Array)
#5 C:/Users/USUARIO/Downloads/laravelProgramacion3/holalaravel-main/vendor/laravel/framework/src/Illuminate/Foundation/Application.php(1058): Illuminate/Container/Container->make('blade.compiler', Array)
#6 C:/Users/USUARIO/Downloads/laravelProgramacion3/holalaravel-main/vendor/laravel/framework/src/Illuminate/View/ViewServiceProvider.php(169): Illuminate/Foundation/Application->make('blade.compiler')
#7 [internal function]: Illuminate/View/ViewServiceProvider->Illuminate/View/{closure}()
#8 C:/Users/USUARIO/Downloads/laravelProgramacion3/holalaravel-main/vendor/laravel/framework/src/Illuminate/View/Engines/EngineResolver.php(55): call_user_func(Object(Closure))
#9 C:/Users/USUARIO/Downloads/laravelProgramacion3/holalaravel-main/vendor/laravel/framework/src/Illuminate/View/Factory.php(325): Illuminate/View/Engines/EngineResolver->resolve('blade')
#10 C:/Users/USUARIO/Downloads/laravelProgramacion3/holalaravel-main/vendor/laravel/framework/src/Illuminate/View/Factory.php(287): Illuminate/View/Factory->getEngineFromPath('C://Users//USUARI...')
#11 C:/Users/USUARIO/Downloads/laravelProgramacion3/holalaravel-main/vendor/laravel/framework/src/Illuminate/View/Factory.php(159): Illuminate/View/Factory->viewInstance('errors::500', 'C://Users//USUARI...', Array)
#12 C:/Users/USUARIO/Downloads/laravelProgramacion3/holalaravel-main/vendor/laravel/framework/src/Illuminate/Routing/ResponseFactory.php(91): Illuminate/View/Factory->make('errors::500', Array)
#13 C:/Users/USUARIO/Downloads/laravelProgramacion3/holalaravel-main/vendor/laravel/framework/src/Illuminate/Foundation/Exceptions/Handler.php(926): Illuminate/Routing/ResponseFactory->view('errors::500', Array, 500, Array)
#14 C:/Users/USUARIO/Downloads/laravelProgramacion3/holalaravel-main/vendor/laravel/framework/src/Illuminate/Foundation/Exceptions/Handler.php(847): Illuminate/Foundation/Exceptions/Handler->renderHttpException(Object(Symfony/Component/HttpKernel/Exception/HttpException))
#15 C:/Users/USUARIO/Downloads/laravelProgramacion3/holalaravel-main/vendor/laravel/framework/src/Illuminate/Foundation/Exceptions/Handler.php(738): Illuminate/Foundation/Exceptions/Handler->prepareResponse(Object(Illuminate/Http/Request), Object(Symfony/Component/HttpKernel/Exception/HttpException))
#16 C:/Users/USUARIO/Downloads/laravelProgramacion3/holalaravel-main/vendor/laravel/framework/src/Illuminate/Foundation/Exceptions/Handler.php(626): Illuminate/Foundation/Exceptions/Handler->renderExceptionResponse(Object(Illuminate/Http/Request), Object(Illuminate/Encryption/MissingAppKeyException))
#17 C:/Users/USUARIO/Downloads/laravelProgramacion3/holalaravel-main/vendor/laravel/framework/src/Illuminate/Routing/Pipeline.php(51): Illuminate/Foundation/Exceptions/Handler->render(Object(Illuminate/Http/Request), Object(Illuminate/Encryption/MissingAppKeyException))
#18 C:/Users/USUARIO/Downloads/laravelProgramacion3/holalaravel-main/vendor/laravel/framework/src/Illuminate/Pipeline/Pipeline.php(224): Illuminate/Routing/Pipeline->handleException(Object(Illuminate/Http/Request), Object(Illuminate/Encryption/MissingAppKeyException))
#19 C:/Users/USUARIO/Downloads/laravelProgramacion3/holalaravel-main/vendor/laravel/framework/src/Illuminate/Pipeline/Pipeline.php(137): Illuminate/Pipeline/Pipeline->Illuminate/Pipeline/{closure}(Object(Illuminate/Http/Request))
#20 C:/Users/USUARIO/Downloads/laravelProgramacion3/holalaravel-main/vendor/laravel/framework/src/Illuminate/Routing/Router.php(821): Illuminate/Pipeline/Pipeline->then(Object(Closure))
#21 C:/Users/USUARIO/Downloads/laravelProgramacion3/holalaravel-main/vendor/laravel/framework/src/Illuminate/Routing/Router.php(800): Illuminate/Routing/Router->runRouteWithinStack(Object(Illuminate/Routing/Route), Object(Illuminate/Http/Request))
#22 C:/Users/USUARIO/Downloads/laravelProgramacion3/holalaravel-main/vendor/laravel/framework/src/Illuminate/Routing/Router.php(764): Illuminate/Routing/Router->runRoute(Object(Illuminate/Http/Request), Object(Illuminate/Routing/Route))
#23 C:/Users/USUARIO/Downloads/laravelProgramacion3/holalaravel-main/vendor/laravel/framework/src/Illuminate/Routing/Router.php(753): Illuminate/Routing/Router->dispatchToRoute(Object(Illuminate/Http/Request))
#24 C:/Users/USUARIO/Downloads/laravelProgramacion3/holalaravel-main/vendor/laravel/framework/src/Illuminate/Foundation/Http/Kernel.php(200): Illuminate/Routing/Router->dispatch(Object(Illuminate/Http/Request))
#25 C:/Users/USUARIO/Downloads/laravelProgramacion3/holalaravel-main/vendor/laravel/framework/src/Illuminate/Pipeline/Pipeline.php(180): Illuminate/Foundation/Http/Kernel->Illuminate/Foundation/Http/{closure}(Object(Illuminate/Http/Request))
#26 C:/Users/USUARIO/Downloads/laravelProgramacion3/holalaravel-main/vendor/laravel/framework/src/Illuminate/Foundation/Http/Middleware/TransformsRequest.php(21): Illuminate/Pipeline/Pipeline->Illuminate/Pipeline/{closure}(Object(Illuminate/Http/Request))
#27 C:/Users/USUARIO/Downloads/laravelProgramacion3/holalaravel-main/vendor/laravel/framework/src/Illuminate/Foundation/Http/Middleware/ConvertEmptyStringsToNull.php(31): Illuminate/Foundation/Http/Middleware/TransformsRequest->handle(Object(Illuminate/Http/Request), Object(Closure))
#28 C:/Users/USUARIO/Downloads/laravelProgramacion3/holalaravel-main/vendor/laravel/framework/src/Illuminate/Pipeline/Pipeline.php(219): Illuminate/Foundation/Http/Middleware/ConvertEmptyStringsToNull->handle(Object(Illuminate/Http/Request), Object(Closure))
#29 C:/Users/USUARIO/Downloads/laravelProgramacion3/holalaravel-main/vendor/laravel/framework/src/Illuminate/Foundation/Http/Middleware/TransformsRequest.php(21): Illuminate/Pipeline/Pipeline->Illuminate/Pipeline/{closure}(Object(Illuminate/Http/Request))
#30 C:/Users/USUARIO/Downloads/laravelProgramacion3/holalaravel-main/vendor/laravel/framework/src/Illuminate/Foundation/Http/Middleware/TrimStrings.php(51): Illuminate/Foundation/Http/Middleware/TransformsRequest->handle(Object(Illuminate/Http/Request), Object(Closure))
#31 C:/Users/USUARIO/Downloads/laravelProgramacion3/holalaravel-main/vendor/laravel/framework/src/Illuminate/Pipeline/Pipeline.php(219): Illuminate/Foundation/Http/Middleware/TrimStrings->handle(Object(Illuminate/Http/Request), Object(Closure))
#32 C:/Users/USUARIO/Downloads/laravelProgramacion3/holalaravel-main/vendor/laravel/framework/src/Illuminate/Http/Middleware/ValidatePostSize.php(27): Illuminate/Pipeline/Pipeline->Illuminate/Pipeline/{closure}(Object(Illuminate/Http/Request))
#33 C:/Users/USUARIO/Downloads/laravelProgramacion3/holalaravel-main/vendor/laravel/framework/src/Illuminate/Pipeline/Pipeline.php(219): Illuminate/Http/Middleware/ValidatePostSize->handle(Object(Illuminate/Http/Request), Object(Closure))
#34 C:/Users/USUARIO/Downloads/laravelProgramacion3/holalaravel-main/vendor/laravel/framework/src/Illuminate/Foundation/Http/Middleware/PreventRequestsDuringMaintenance.php(109): Illuminate/Pipeline/Pipeline->Illuminate/Pipeline/{closure}(Object(Illuminate/Http/Request))
#35 C:/Users/USUARIO/Downloads/laravelProgramacion3/holalaravel-main/vendor/laravel/framework/src/Illuminate/Pipeline/Pipeline.php(219): Illuminate/Foundation/Http/Middleware/PreventRequestsDuringMaintenance->handle(Object(Illuminate/Http/Request), Object(Closure))
#36 C:/Users/USUARIO/Downloads/laravelProgramacion3/holalaravel-main/vendor/laravel/framework/src/Illuminate/Http/Middleware/HandleCors.php(61): Illuminate/Pipeline/Pipeline->Illuminate/Pipeline/{closure}(Object(Illuminate/Http/Request))
#37 C:/Users/USUARIO/Downloads/laravelProgramacion3/holalaravel-main/vendor/laravel/framework/src/Illuminate/Pipeline/Pipeline.php(219): Illuminate/Http/Middleware/HandleCors->handle(Object(Illuminate/Http/Request), Object(Closure))
#38 C:/Users/USUARIO/Downloads/laravelProgramacion3/holalaravel-main/vendor/laravel/framework/src/Illuminate/Http/Middleware/TrustProxies.php(58): Illuminate/Pipeline/Pipeline->Illuminate/Pipeline/{closure}(Object(Illuminate/Http/Request))
#39 C:/Users/USUARIO/Downloads/laravelProgramacion3/holalaravel-main/vendor/laravel/framework/src/Illuminate/Pipeline/Pipeline.php(219): Illuminate/Http/Middleware/TrustProxies->handle(Object(Illuminate/Http/Request), Object(Closure))
#40 C:/Users/USUARIO/Downloads/laravelProgramacion3/holalaravel-main/vendor/laravel/framework/src/Illuminate/Foundation/Http/Middleware/InvokeDeferredCallbacks.php(22): Illuminate/Pipeline/Pipeline->Illuminate/Pipeline/{closure}(Object(Illuminate/Http/Request))
#41 C:/Users/USUARIO/Downloads/laravelProgramacion3/holalaravel-main/vendor/laravel/framework/src/Illuminate/Pipeline/Pipeline.php(219): Illuminate/Foundation/Http/Middleware/InvokeDeferredCallbacks->handle(Object(Illuminate/Http/Request), Object(Closure))
#42 C:/Users/USUARIO/Downloads/laravelProgramacion3/holalaravel-main/vendor/laravel/framework/src/Illuminate/Http/Middleware/ValidatePathEncoding.php(26): Illuminate/Pipeline/Pipeline->Illuminate/Pipeline/{closure}(Object(Illuminate/Http/Request))
#43 C:/Users/USUARIO/Downloads/laravelProgramacion3/holalaravel-main/vendor/laravel/framework/src/Illuminate/Pipeline/Pipeline.php(219): Illuminate/Http/Middleware/ValidatePathEncoding->handle(Object(Illuminate/Http/Request), Object(Closure))
#44 C:/Users/USUARIO/Downloads/laravelProgramacion3/holalaravel-main/vendor/laravel/framework/src/Illuminate/Pipeline/Pipeline.php(137): Illuminate/Pipeline/Pipeline->Illuminate/Pipeline/{closure}(Object(Illuminate/Http/Request))
#45 C:/Users/USUARIO/Downloads/laravelProgramacion3/holalaravel-main/vendor/laravel/framework/src/Illuminate/Foundation/Http/Kernel.php(175): Illuminate/Pipeline/Pipeline->then(Object(Closure))
#46 C:/Users/USUARIO/Downloads/laravelProgramacion3/holalaravel-main/vendor/laravel/framework/src/Illuminate/Foundation/Http/Kernel.php(144): Illuminate/Foundation/Http/Kernel->sendRequestThroughRouter(Object(Illuminate/Http/Request))
#47 C:/Users/USUARIO/Downloads/laravelProgramacion3/holalaravel-main/vendor/laravel/framework/src/Illuminate/Foundation/Application.php(1220): Illuminate/Foundation/Http/Kernel->handle(Object(Illuminate/Http/Request))
#48 C:/Users/USUARIO/Downloads/laravelProgramacion3/holalaravel-main/public/index.php(20): Illuminate/Foundation/Application->handleRequest(Object(Illuminate/Http/Request))
#49 C:/Users/USUARIO/Downloads/laravelProgramacion3/holalaravel-main/vendor/laravel/framework/src/Illuminate/Foundation/resources/server.php(23): require_once('C://Users//USUARI...')
#50 {main}
"} 
[2026-04-11 19:30:43] production.ERROR: No application encryption key has been specified. {"exception":"[object] (Illuminate\\Encryption\\MissingAppKeyException(code: 0): No application encryption key has been specified. at C:/Users/USUARIO/Downloads/laravelProgramacion3/holalaravel-main/vendor/laravel/framework/src/Illuminate/Encryption/EncryptionServiceProvider.php:83)
[stacktrace]
#0 C:/Users/USUARIO/Downloads/laravelProgramacion3/holalaravel-main/vendor/laravel/framework/src/Illuminate/Support/helpers.php(393): Illuminate/Encryption/EncryptionServiceProvider->Illuminate/Encryption/{closure}(NULL)
#1 C:/Users/USUARIO/Downloads/laravelProgramacion3/holalaravel-main/vendor/laravel/framework/src/Illuminate/Encryption/EncryptionServiceProvider.php(81): tap(NULL, Object(Closure))
#2 C:/Users/USUARIO/Downloads/laravelProgramacion3/holalaravel-main/vendor/laravel/framework/src/Illuminate/Encryption/EncryptionServiceProvider.php(64): Illuminate/Encryption/EncryptionServiceProvider->key(Array)
#3 C:/Users/USUARIO/Downloads/laravelProgramacion3/holalaravel-main/vendor/laravel/framework/src/Illuminate/Encryption/EncryptionServiceProvider.php(32): Illuminate/Encryption/EncryptionServiceProvider->parseKey(Array)
#4 C:/Users/USUARIO/Downloads/laravelProgramacion3/holalaravel-main/vendor/laravel/framework/src/Illuminate/Container/Container.php(1115): Illuminate/Encryption/EncryptionServiceProvider->Illuminate/Encryption/{closure}(Object(Illuminate/Foundation/Application), Array)
#5 C:/Users/USUARIO/Downloads/laravelProgramacion3/holalaravel-main/vendor/laravel/framework/src/Illuminate/Container/Container.php(933): Illuminate/Container/Container->build(Object(Closure))
#6 C:/Users/USUARIO/Downloads/laravelProgramacion3/holalaravel-main/vendor/laravel/framework/src/Illuminate/Foundation/Application.php(1078): Illuminate/Container/Container->resolve('encrypter', Array, true)
#7 C:/Users/USUARIO/Downloads/laravelProgramacion3/holalaravel-main/vendor/laravel/framework/src/Illuminate/Container/Container.php(864): Illuminate/Foundation/Application->resolve('encrypter', Array)
#8 C:/Users/USUARIO/Downloads/laravelProgramacion3/holalaravel-main/vendor/laravel/framework/src/Illuminate/Foundation/Application.php(1058): Illuminate/Container/Container->make('encrypter', Array)
#9 C:/Users/USUARIO/Downloads/laravelProgramacion3/holalaravel-main/vendor/laravel/framework/src/Illuminate/Container/Container.php(1336): Illuminate/Foundation/Application->make('encrypter')
#10 C:/Users/USUARIO/Downloads/laravelProgramacion3/holalaravel-main/vendor/laravel/framework/src/Illuminate/Container/Container.php(1237): Illuminate/Container/Container->resolveClass(Object(ReflectionParameter), 'Illuminate//Cont...')
#11 C:/Users/USUARIO/Downloads/laravelProgramacion3/holalaravel-main/vendor/laravel/framework/src/Illuminate/Container/Container.php(1162): Illuminate/Container/Container->resolveDependencies(Array)
#12 C:/Users/USUARIO/Downloads/laravelProgramacion3/holalaravel-main/vendor/laravel/framework/src/Illuminate/Container/Container.php(933): Illuminate/Container/Container->build('Illuminate//Cook...')
#13 C:/Users/USUARIO/Downloads/laravelProgramacion3/holalaravel-main/vendor/laravel/framework/src/Illuminate/Foundation/Application.php(1078): Illuminate/Container/Container->resolve('Illuminate//Cook...', Array, true)
#14 C:/Users/USUARIO/Downloads/laravelProgramacion3/holalaravel-main/vendor/laravel/framework/src/Illuminate/Container/Container.php(864): Illuminate/Foundation/Application->resolve('Illuminate//Cook...', Array)
#15 C:/Users/USUARIO/Downloads/laravelProgramacion3/holalaravel-main/vendor/laravel/framework/src/Illuminate/Foundation/Application.php(1058): Illuminate/Container/Container->make('Illuminate//Cook...', Array)
#16 C:/Users/USUARIO/Downloads/laravelProgramacion3/holalaravel-main/vendor/laravel/framework/src/Illuminate/Foundation/Http/Kernel.php(257): Illuminate/Foundation/Application->make('Illuminate//Cook...')
#17 C:/Users/USUARIO/Downloads/laravelProgramacion3/holalaravel-main/vendor/laravel/framework/src/Illuminate/Foundation/Http/Kernel.php(215): Illuminate/Foundation/Http/Kernel->terminateMiddleware(Object(Illuminate/Http/Request), Object(Illuminate/Http/Response))
#18 C:/Users/USUARIO/Downloads/laravelProgramacion3/holalaravel-main/vendor/laravel/framework/src/Illuminate/Foundation/Application.php(1222): Illuminate/Foundation/Http/Kernel->terminate(Object(Illuminate/Http/Request), Object(Illuminate/Http/Response))
#19 C:/Users/USUARIO/Downloads/laravelProgramacion3/holalaravel-main/public/index.php(20): Illuminate/Foundation/Application->handleRequest(Object(Illuminate/Http/Request))
#20 C:/Users/USUARIO/Downloads/laravelProgramacion3/holalaravel-main/vendor/laravel/framework/src/Illuminate/Foundation/resources/server.php(23): require_once('C://Users//USUARI...')
#21 {main}
"} 
[2026-04-11 19:30:43] production.ERROR: Please provide a valid cache path. {"exception":"[object] (InvalidArgumentException(code: 0): Please provide a valid cache path. at C:/Users/USUARIO/Downloads/laravelProgramacion3/holalaravel-main/vendor/laravel/framework/src/Illuminate/View/Compilers/Compiler.php:75)
[stacktrace]
#0 C:/Users/USUARIO/Downloads/laravelProgramacion3/holalaravel-main/vendor/laravel/framework/src/Illuminate/View/ViewServiceProvider.php(97): Illuminate/View/Compilers/Compiler->__construct(Object(Illuminate/Filesystem/Filesystem), false, '', true, 'php', true)
#1 C:/Users/USUARIO/Downloads/laravelProgramacion3/holalaravel-main/vendor/laravel/framework/src/Illuminate/Container/Container.php(1115): Illuminate/View/ViewServiceProvider->Illuminate/View/{closure}(Object(Illuminate/Foundation/Application), Array)
#2 C:/Users/USUARIO/Downloads/laravelProgramacion3/holalaravel-main/vendor/laravel/framework/src/Illuminate/Container/Container.php(933): Illuminate/Container/Container->build(Object(Closure))
#3 C:/Users/USUARIO/Downloads/laravelProgramacion3/holalaravel-main/vendor/laravel/framework/src/Illuminate/Foundation/Application.php(1078): Illuminate/Container/Container->resolve('blade.compiler', Array, true)
#4 C:/Users/USUARIO/Downloads/laravelProgramacion3/holalaravel-main/vendor/laravel/framework/src/Illuminate/Container/Container.php(864): Illuminate/Foundation/Application->resolve('blade.compiler', Array)
#5 C:/Users/USUARIO/Downloads/laravelProgramacion3/holalaravel-main/vendor/laravel/framework/src/Illuminate/Foundation/Application.php(1058): Illuminate/Container/Container->make('blade.compiler', Array)
#6 C:/Users/USUARIO/Downloads/laravelProgramacion3/holalaravel-main/vendor/laravel/framework/src/Illuminate/View/ViewServiceProvider.php(169): Illuminate/Foundation/Application->make('blade.compiler')
#7 [internal function]: Illuminate/View/ViewServiceProvider->Illuminate/View/{closure}()
#8 C:/Users/USUARIO/Downloads/laravelProgramacion3/holalaravel-main/vendor/laravel/framework/src/Illuminate/View/Engines/EngineResolver.php(55): call_user_func(Object(Closure))
#9 C:/Users/USUARIO/Downloads/laravelProgramacion3/holalaravel-main/vendor/laravel/framework/src/Illuminate/View/Factory.php(318): Illuminate/View/Engines/EngineResolver->resolve('blade')
#10 C:/Users/USUARIO/Downloads/laravelProgramacion3/holalaravel-main/vendor/laravel/framework/src/Illuminate/View/Factory.php(287): Illuminate/View/Factory->getEngineFromPath('C://Users//USUARI...')
#11 C:/Users/USUARIO/Downloads/laravelProgramacion3/holalaravel-main/vendor/laravel/framework/src/Illuminate/View/Factory.php(159): Illuminate/View/Factory->viewInstance('errors::500', 'C://Users//USUARI...', Array)
#12 C:/Users/USUARIO/Downloads/laravelProgramacion3/holalaravel-main/vendor/laravel/framework/src/Illuminate/Routing/ResponseFactory.php(91): Illuminate/View/Factory->make('errors::500', Array)
#13 C:/Users/USUARIO/Downloads/laravelProgramacion3/holalaravel-main/vendor/laravel/framework/src/Illuminate/Foundation/Exceptions/Handler.php(926): Illuminate/Routing/ResponseFactory->view('errors::500', Array, 500, Array)
#14 C:/Users/USUARIO/Downloads/laravelProgramacion3/holalaravel-main/vendor/laravel/framework/src/Illuminate/Foundation/Exceptions/Handler.php(847): Illuminate/Foundation/Exceptions/Handler->renderHttpException(Object(Symfony/Component/HttpKernel/Exception/HttpException))
#15 C:/Users/USUARIO/Downloads/laravelProgramacion3/holalaravel-main/vendor/laravel/framework/src/Illuminate/Foundation/Exceptions/Handler.php(738): Illuminate/Foundation/Exceptions/Handler->prepareResponse(Object(Illuminate/Http/Request), Object(Symfony/Component/HttpKernel/Exception/HttpException))
#16 C:/Users/USUARIO/Downloads/laravelProgramacion3/holalaravel-main/vendor/laravel/framework/src/Illuminate/Foundation/Exceptions/Handler.php(626): Illuminate/Foundation/Exceptions/Handler->renderExceptionResponse(Object(Illuminate/Http/Request), Object(Illuminate/Encryption/MissingAppKeyException))
#17 C:/Users/USUARIO/Downloads/laravelProgramacion3/holalaravel-main/vendor/laravel/framework/src/Illuminate/Foundation/Bootstrap/HandleExceptions.php(221): Illuminate/Foundation/Exceptions/Handler->render(Object(Illuminate/Http/Request), Object(Illuminate/Encryption/MissingAppKeyException))
#18 C:/Users/USUARIO/Downloads/laravelProgramacion3/holalaravel-main/vendor/laravel/framework/src/Illuminate/Foundation/Bootstrap/HandleExceptions.php(198): Illuminate/Foundation/Bootstrap/HandleExceptions->renderHttpResponse(Object(Illuminate/Encryption/MissingAppKeyException))
#19 C:/Users/USUARIO/Downloads/laravelProgramacion3/holalaravel-main/vendor/laravel/framework/src/Illuminate/Foundation/Bootstrap/HandleExceptions.php(258): Illuminate/Foundation/Bootstrap/HandleExceptions->handleException(Object(Illuminate/Encryption/MissingAppKeyException))
#20 [internal function]: Illuminate/Foundation/Bootstrap/HandleExceptions->Illuminate/Foundation/Bootstrap/{closure}(Object(Illuminate/Encryption/MissingAppKeyException))
#21 {main}
"} 
[2026-04-11 19:30:44] production.ERROR: No application encryption key has been specified. {"exception":"[object] (Illuminate\\Encryption\\MissingAppKeyException(code: 0): No application encryption key has been specified. at C:/Users/USUARIO/Downloads/laravelProgramacion3/holalaravel-main/vendor/laravel/framework/src/Illuminate/Encryption/EncryptionServiceProvider.php:83)
[stacktrace]
#0 C:/Users/USUARIO/Downloads/laravelProgramacion3/holalaravel-main/vendor/laravel/framework/src/Illuminate/Support/helpers.php(393): Illuminate/Encryption/EncryptionServiceProvider->Illuminate/Encryption/{closure}(NULL)
#1 C:/Users/USUARIO/Downloads/laravelProgramacion3/holalaravel-main/vendor/laravel/framework/src/Illuminate/Encryption/EncryptionServiceProvider.php(81): tap(NULL, Object(Closure))
#2 C:/Users/USUARIO/Downloads/laravelProgramacion3/holalaravel-main/vendor/laravel/framework/src/Illuminate/Encryption/EncryptionServiceProvider.php(64): Illuminate/Encryption/EncryptionServiceProvider->key(Array)
#3 C:/Users/USUARIO/Downloads/laravelProgramacion3/holalaravel-main/vendor/laravel/framework/src/Illuminate/Encryption/EncryptionServiceProvider.php(32): Illuminate/Encryption/EncryptionServiceProvider->parseKey(Array)
#4 C:/Users/USUARIO/Downloads/laravelProgramacion3/holalaravel-main/vendor/laravel/framework/src/Illuminate/Container/Container.php(1115): Illuminate/Encryption/EncryptionServiceProvider->Illuminate/Encryption/{closure}(Object(Illuminate/Foundation/Application), Array)
#5 C:/Users/USUARIO/Downloads/laravelProgramacion3/holalaravel-main/vendor/laravel/framework/src/Illuminate/Container/Container.php(933): Illuminate/Container/Container->build(Object(Closure))
#6 C:/Users/USUARIO/Downloads/laravelProgramacion3/holalaravel-main/vendor/laravel/framework/src/Illuminate/Foundation/Application.php(1078): Illuminate/Container/Container->resolve('encrypter', Array, true)
#7 C:/Users/USUARIO/Downloads/laravelProgramacion3/holalaravel-main/vendor/laravel/framework/src/Illuminate/Container/Container.php(864): Illuminate/Foundation/Application->resolve('encrypter', Array)
#8 C:/Users/USUARIO/Downloads/laravelProgramacion3/holalaravel-main/vendor/laravel/framework/src/Illuminate/Foundation/Application.php(1058): Illuminate/Container/Container->make('encrypter', Array)
#9 C:/Users/USUARIO/Downloads/laravelProgramacion3/holalaravel-main/vendor/laravel/framework/src/Illuminate/Container/Container.php(1336): Illuminate/Foundation/Application->make('encrypter')
#10 C:/Users/USUARIO/Downloads/laravelProgramacion3/holalaravel-main/vendor/laravel/framework/src/Illuminate/Container/Container.php(1237): Illuminate/Container/Container->resolveClass(Object(ReflectionParameter), 'Illuminate//Cont...')
#11 C:/Users/USUARIO/Downloads/laravelProgramacion3/holalaravel-main/vendor/laravel/framework/src/Illuminate/Container/Container.php(1162): Illuminate/Container/Container->resolveDependencies(Array)
#12 C:/Users/USUARIO/Downloads/laravelProgramacion3/holalaravel-main/vendor/laravel/framework/src/Illuminate/Container/Container.php(933): Illuminate/Container/Container->build('Illuminate//Cook...')
#13 C:/Users/USUARIO/Downloads/laravelProgramacion3/holalaravel-main/vendor/laravel/framework/src/Illuminate/Foundation/Application.php(1078): Illuminate/Container/Container->resolve('Illuminate//Cook...', Array, true)
#14 C:/Users/USUARIO/Downloads/laravelProgramacion3/holalaravel-main/vendor/laravel/framework/src/Illuminate/Container/Container.php(864): Illuminate/Foundation/Application->resolve('Illuminate//Cook...', Array)
#15 C:/Users/USUARIO/Downloads/laravelProgramacion3/holalaravel-main/vendor/laravel/framework/src/Illuminate/Foundation/Application.php(1058): Illuminate/Container/Container->make('Illuminate//Cook...', Array)
#16 C:/Users/USUARIO/Downloads/laravelProgramacion3/holalaravel-main/vendor/laravel/framework/src/Illuminate/Pipeline/Pipeline.php(208): Illuminate/Foundation/Application->make('Illuminate//Cook...')
#17 C:/Users/USUARIO/Downloads/laravelProgramacion3/holalaravel-main/vendor/laravel/framework/src/Illuminate/Pipeline/Pipeline.php(137): Illuminate/Pipeline/Pipeline->Illuminate/Pipeline/{closure}(Object(Illuminate/Http/Request))
#18 C:/Users/USUARIO/Downloads/laravelProgramacion3/holalaravel-main/vendor/laravel/framework/src/Illuminate/Routing/Router.php(821): Illuminate/Pipeline/Pipeline->then(Object(Closure))
#19 C:/Users/USUARIO/Downloads/laravelProgramacion3/holalaravel-main/vendor/laravel/framework/src/Illuminate/Routing/Router.php(800): Illuminate/Routing/Router->runRouteWithinStack(Object(Illuminate/Routing/Route), Object(Illuminate/Http/Request))
#20 C:/Users/USUARIO/Downloads/laravelProgramacion3/holalaravel-main/vendor/laravel/framework/src/Illuminate/Routing/Router.php(764): Illuminate/Routing/Router->runRoute(Object(Illuminate/Http/Request), Object(Illuminate/Routing/Route))
#21 C:/Users/USUARIO/Downloads/laravelProgramacion3/holalaravel-main/vendor/laravel/framework/src/Illuminate/Routing/Router.php(753): Illuminate/Routing/Router->dispatchToRoute(Object(Illuminate/Http/Request))
#22 C:/Users/USUARIO/Downloads/laravelProgramacion3/holalaravel-main/vendor/laravel/framework/src/Illuminate/Foundation/Http/Kernel.php(200): Illuminate/Routing/Router->dispatch(Object(Illuminate/Http/Request))
#23 C:/Users/USUARIO/Downloads/laravelProgramacion3/holalaravel-main/vendor/laravel/framework/src/Illuminate/Pipeline/Pipeline.php(180): Illuminate/Foundation/Http/Kernel->Illuminate/Foundation/Http/{closure}(Object(Illuminate/Http/Request))
#24 C:/Users/USUARIO/Downloads/laravelProgramacion3/holalaravel-main/vendor/laravel/framework/src/Illuminate/Foundation/Http/Middleware/TransformsRequest.php(21): Illuminate/Pipeline/Pipeline->Illuminate/Pipeline/{closure}(Object(Illuminate/Http/Request))
#25 C:/Users/USUARIO/Downloads/laravelProgramacion3/holalaravel-main/vendor/laravel/framework/src/Illuminate/Foundation/Http/Middleware/ConvertEmptyStringsToNull.php(31): Illuminate/Foundation/Http/Middleware/TransformsRequest->handle(Object(Illuminate/Http/Request), Object(Closure))
#26 C:/Users/USUARIO/Downloads/laravelProgramacion3/holalaravel-main/vendor/laravel/framework/src/Illuminate/Pipeline/Pipeline.php(219): Illuminate/Foundation/Http/Middleware/ConvertEmptyStringsToNull->handle(Object(Illuminate/Http/Request), Object(Closure))
#27 C:/Users/USUARIO/Downloads/laravelProgramacion3/holalaravel-main/vendor/laravel/framework/src/Illuminate/Foundation/Http/Middleware/TransformsRequest.php(21): Illuminate/Pipeline/Pipeline->Illuminate/Pipeline/{closure}(Object(Illuminate/Http/Request))
#28 C:/Users/USUARIO/Downloads/laravelProgramacion3/holalaravel-main/vendor/laravel/framework/src/Illuminate/Foundation/Http/Middleware/TrimStrings.php(51): Illuminate/Foundation/Http/Middleware/TransformsRequest->handle(Object(Illuminate/Http/Request), Object(Closure))
#29 C:/Users/USUARIO/Downloads/laravelProgramacion3/holalaravel-main/vendor/laravel/framework/src/Illuminate/Pipeline/Pipeline.php(219): Illuminate/Foundation/Http/Middleware/TrimStrings->handle(Object(Illuminate/Http/Request), Object(Closure))
#30 C:/Users/USUARIO/Downloads/laravelProgramacion3/holalaravel-main/vendor/laravel/framework/src/Illuminate/Http/Middleware/ValidatePostSize.php(27): Illuminate/Pipeline/Pipeline->Illuminate/Pipeline/{closure}(Object(Illuminate/Http/Request))
#31 C:/Users/USUARIO/Downloads/laravelProgramacion3/holalaravel-main/vendor/laravel/framework/src/Illuminate/Pipeline/Pipeline.php(219): Illuminate/Http/Middleware/ValidatePostSize->handle(Object(Illuminate/Http/Request), Object(Closure))
#32 C:/Users/USUARIO/Downloads/laravelProgramacion3/holalaravel-main/vendor/laravel/framework/src/Illuminate/Foundation/Http/Middleware/PreventRequestsDuringMaintenance.php(109): Illuminate/Pipeline/Pipeline->Illuminate/Pipeline/{closure}(Object(Illuminate/Http/Request))
#33 C:/Users/USUARIO/Downloads/laravelProgramacion3/holalaravel-main/vendor/laravel/framework/src/Illuminate/Pipeline/Pipeline.php(219): Illuminate/Foundation/Http/Middleware/PreventRequestsDuringMaintenance->handle(Object(Illuminate/Http/Request), Object(Closure))
#34 C:/Users/USUARIO/Downloads/laravelProgramacion3/holalaravel-main/vendor/laravel/framework/src/Illuminate/Http/Middleware/HandleCors.php(61): Illuminate/Pipeline/Pipeline->Illuminate/Pipeline/{closure}(Object(Illuminate/Http/Request))
#35 C:/Users/USUARIO/Downloads/laravelProgramacion3/holalaravel-main/vendor/laravel/framework/src/Illuminate/Pipeline/Pipeline.php(219): Illuminate/Http/Middleware/HandleCors->handle(Object(Illuminate/Http/Request), Object(Closure))
#36 C:/Users/USUARIO/Downloads/laravelProgramacion3/holalaravel-main/vendor/laravel/framework/src/Illuminate/Http/Middleware/TrustProxies.php(58): Illuminate/Pipeline/Pipeline->Illuminate/Pipeline/{closure}(Object(Illuminate/Http/Request))
#37 C:/Users/USUARIO/Downloads/laravelProgramacion3/holalaravel-main/vendor/laravel/framework/src/Illuminate/Pipeline/Pipeline.php(219): Illuminate/Http/Middleware/TrustProxies->handle(Object(Illuminate/Http/Request), Object(Closure))
#38 C:/Users/USUARIO/Downloads/laravelProgramacion3/holalaravel-main/vendor/laravel/framework/src/Illuminate/Foundation/Http/Middleware/InvokeDeferredCallbacks.php(22): Illuminate/Pipeline/Pipeline->Illuminate/Pipeline/{closure}(Object(Illuminate/Http/Request))
#39 C:/Users/USUARIO/Downloads/laravelProgramacion3/holalaravel-main/vendor/laravel/framework/src/Illuminate/Pipeline/Pipeline.php(219): Illuminate/Foundation/Http/Middleware/InvokeDeferredCallbacks->handle(Object(Illuminate/Http/Request), Object(Closure))
#40 C:/Users/USUARIO/Downloads/laravelProgramacion3/holalaravel-main/vendor/laravel/framework/src/Illuminate/Http/Middleware/ValidatePathEncoding.php(26): Illuminate/Pipeline/Pipeline->Illuminate/Pipeline/{closure}(Object(Illuminate/Http/Request))
#41 C:/Users/USUARIO/Downloads/laravelProgramacion3/holalaravel-main/vendor/laravel/framework/src/Illuminate/Pipeline/Pipeline.php(219): Illuminate/Http/Middleware/ValidatePathEncoding->handle(Object(Illuminate/Http/Request), Object(Closure))
#42 C:/Users/USUARIO/Downloads/laravelProgramacion3/holalaravel-main/vendor/laravel/framework/src/Illuminate/Pipeline/Pipeline.php(137): Illuminate/Pipeline/Pipeline->Illuminate/Pipeline/{closure}(Object(Illuminate/Http/Request))
#43 C:/Users/USUARIO/Downloads/laravelProgramacion3/holalaravel-main/vendor/laravel/framework/src/Illuminate/Foundation/Http/Kernel.php(175): Illuminate/Pipeline/Pipeline->then(Object(Closure))
#44 C:/Users/USUARIO/Downloads/laravelProgramacion3/holalaravel-main/vendor/laravel/framework/src/Illuminate/Foundation/Http/Kernel.php(144): Illuminate/Foundation/Http/Kernel->sendRequestThroughRouter(Object(Illuminate/Http/Request))
#45 C:/Users/USUARIO/Downloads/laravelProgramacion3/holalaravel-main/vendor/laravel/framework/src/Illuminate/Foundation/Application.php(1220): Illuminate/Foundation/Http/Kernel->handle(Object(Illuminate/Http/Request))
#46 C:/Users/USUARIO/Downloads/laravelProgramacion3/holalaravel-main/public/index.php(20): Illuminate/Foundation/Application->handleRequest(Object(Illuminate/Http/Request))
#47 C:/Users/USUARIO/Downloads/laravelProgramacion3/holalaravel-main/vendor/laravel/framework/src/Illuminate/Foundation/resources/server.php(23): require_once('C://Users//USUARI...')
#48 {main}
"} 
[2026-04-11 19:30:44] production.ERROR: Please provide a valid cache path. {"exception":"[object] (InvalidArgumentException(code: 0): Please provide a valid cache path. at C:/Users/USUARIO/Downloads/laravelProgramacion3/holalaravel-main/vendor/laravel/framework/src/Illuminate/View/Compilers/Compiler.php:75)
[stacktrace]
#0 C:/Users/USUARIO/Downloads/laravelProgramacion3/holalaravel-main/vendor/laravel/framework/src/Illuminate/View/ViewServiceProvider.php(97): Illuminate/View/Compilers/Compiler->__construct(Object(Illuminate/Filesystem/Filesystem), false, '', true, 'php', true)
#1 C:/Users/USUARIO/Downloads/laravelProgramacion3/holalaravel-main/vendor/laravel/framework/src/Illuminate/Container/Container.php(1115): Illuminate/View/ViewServiceProvider->Illuminate/View/{closure}(Object(Illuminate/Foundation/Application), Array)
#2 C:/Users/USUARIO/Downloads/laravelProgramacion3/holalaravel-main/vendor/laravel/framework/src/Illuminate/Container/Container.php(933): Illuminate/Container/Container->build(Object(Closure))
#3 C:/Users/USUARIO/Downloads/laravelProgramacion3/holalaravel-main/vendor/laravel/framework/src/Illuminate/Foundation/Application.php(1078): Illuminate/Container/Container->resolve('blade.compiler', Array, true)
#4 C:/Users/USUARIO/Downloads/laravelProgramacion3/holalaravel-main/vendor/laravel/framework/src/Illuminate/Container/Container.php(864): Illuminate/Foundation/Application->resolve('blade.compiler', Array)
#5 C:/Users/USUARIO/Downloads/laravelProgramacion3/holalaravel-main/vendor/laravel/framework/src/Illuminate/Foundation/Application.php(1058): Illuminate/Container/Container->make('blade.compiler', Array)
#6 C:/Users/USUARIO/Downloads/laravelProgramacion3/holalaravel-main/vendor/laravel/framework/src/Illuminate/View/ViewServiceProvider.php(169): Illuminate/Foundation/Application->make('blade.compiler')
#7 [internal function]: Illuminate/View/ViewServiceProvider->Illuminate/View/{closure}()
#8 C:/Users/USUARIO/Downloads/laravelProgramacion3/holalaravel-main/vendor/laravel/framework/src/Illuminate/View/Engines/EngineResolver.php(55): call_user_func(Object(Closure))
#9 C:/Users/USUARIO/Downloads/laravelProgramacion3/holalaravel-main/vendor/laravel/framework/src/Illuminate/View/Factory.php(325): Illuminate/View/Engines/EngineResolver->resolve('blade')
#10 C:/Users/USUARIO/Downloads/laravelProgramacion3/holalaravel-main/vendor/laravel/framework/src/Illuminate/View/Factory.php(287): Illuminate/View/Factory->getEngineFromPath('C://Users//USUARI...')
#11 C:/Users/USUARIO/Downloads/laravelProgramacion3/holalaravel-main/vendor/laravel/framework/src/Illuminate/View/Factory.php(159): Illuminate/View/Factory->viewInstance('errors::500', 'C://Users//USUARI...', Array)
#12 C:/Users/USUARIO/Downloads/laravelProgramacion3/holalaravel-main/vendor/laravel/framework/src/Illuminate/Routing/ResponseFactory.php(91): Illuminate/View/Factory->make('errors::500', Array)
#13 C:/Users/USUARIO/Downloads/laravelProgramacion3/holalaravel-main/vendor/laravel/framework/src/Illuminate/Foundation/Exceptions/Handler.php(926): Illuminate/Routing/ResponseFactory->view('errors::500', Array, 500, Array)
#14 C:/Users/USUARIO/Downloads/laravelProgramacion3/holalaravel-main/vendor/laravel/framework/src/Illuminate/Foundation/Exceptions/Handler.php(847): Illuminate/Foundation/Exceptions/Handler->renderHttpException(Object(Symfony/Component/HttpKernel/Exception/HttpException))
#15 C:/Users/USUARIO/Downloads/laravelProgramacion3/holalaravel-main/vendor/laravel/framework/src/Illuminate/Foundation/Exceptions/Handler.php(738): Illuminate/Foundation/Exceptions/Handler->prepareResponse(Object(Illuminate/Http/Request), Object(Symfony/Component/HttpKernel/Exception/HttpException))
#16 C:/Users/USUARIO/Downloads/laravelProgramacion3/holalaravel-main/vendor/laravel/framework/src/Illuminate/Foundation/Exceptions/Handler.php(626): Illuminate/Foundation/Exceptions/Handler->renderExceptionResponse(Object(Illuminate/Http/Request), Object(Illuminate/Encryption/MissingAppKeyException))
#17 C:/Users/USUARIO/Downloads/laravelProgramacion3/holalaravel-main/vendor/laravel/framework/src/Illuminate/Routing/Pipeline.php(51): Illuminate/Foundation/Exceptions/Handler->render(Object(Illuminate/Http/Request), Object(Illuminate/Encryption/MissingAppKeyException))
#18 C:/Users/USUARIO/Downloads/laravelProgramacion3/holalaravel-main/vendor/laravel/framework/src/Illuminate/Pipeline/Pipeline.php(224): Illuminate/Routing/Pipeline->handleException(Object(Illuminate/Http/Request), Object(Illuminate/Encryption/MissingAppKeyException))
#19 C:/Users/USUARIO/Downloads/laravelProgramacion3/holalaravel-main/vendor/laravel/framework/src/Illuminate/Pipeline/Pipeline.php(137): Illuminate/Pipeline/Pipeline->Illuminate/Pipeline/{closure}(Object(Illuminate/Http/Request))
#20 C:/Users/USUARIO/Downloads/laravelProgramacion3/holalaravel-main/vendor/laravel/framework/src/Illuminate/Routing/Router.php(821): Illuminate/Pipeline/Pipeline->then(Object(Closure))
#21 C:/Users/USUARIO/Downloads/laravelProgramacion3/holalaravel-main/vendor/laravel/framework/src/Illuminate/Routing/Router.php(800): Illuminate/Routing/Router->runRouteWithinStack(Object(Illuminate/Routing/Route), Object(Illuminate/Http/Request))
#22 C:/Users/USUARIO/Downloads/laravelProgramacion3/holalaravel-main/vendor/laravel/framework/src/Illuminate/Routing/Router.php(764): Illuminate/Routing/Router->runRoute(Object(Illuminate/Http/Request), Object(Illuminate/Routing/Route))
#23 C:/Users/USUARIO/Downloads/laravelProgramacion3/holalaravel-main/vendor/laravel/framework/src/Illuminate/Routing/Router.php(753): Illuminate/Routing/Router->dispatchToRoute(Object(Illuminate/Http/Request))
#24 C:/Users/USUARIO/Downloads/laravelProgramacion3/holalaravel-main/vendor/laravel/framework/src/Illuminate/Foundation/Http/Kernel.php(200): Illuminate/Routing/Router->dispatch(Object(Illuminate/Http/Request))
#25 C:/Users/USUARIO/Downloads/laravelProgramacion3/holalaravel-main/vendor/laravel/framework/src/Illuminate/Pipeline/Pipeline.php(180): Illuminate/Foundation/Http/Kernel->Illuminate/Foundation/Http/{closure}(Object(Illuminate/Http/Request))
#26 C:/Users/USUARIO/Downloads/laravelProgramacion3/holalaravel-main/vendor/laravel/framework/src/Illuminate/Foundation/Http/Middleware/TransformsRequest.php(21): Illuminate/Pipeline/Pipeline->Illuminate/Pipeline/{closure}(Object(Illuminate/Http/Request))
#27 C:/Users/USUARIO/Downloads/laravelProgramacion3/holalaravel-main/vendor/laravel/framework/src/Illuminate/Foundation/Http/Middleware/ConvertEmptyStringsToNull.php(31): Illuminate/Foundation/Http/Middleware/TransformsRequest->handle(Object(Illuminate/Http/Request), Object(Closure))
#28 C:/Users/USUARIO/Downloads/laravelProgramacion3/holalaravel-main/vendor/laravel/framework/src/Illuminate/Pipeline/Pipeline.php(219): Illuminate/Foundation/Http/Middleware/ConvertEmptyStringsToNull->handle(Object(Illuminate/Http/Request), Object(Closure))
#29 C:/Users/USUARIO/Downloads/laravelProgramacion3/holalaravel-main/vendor/laravel/framework/src/Illuminate/Foundation/Http/Middleware/TransformsRequest.php(21): Illuminate/Pipeline/Pipeline->Illuminate/Pipeline/{closure}(Object(Illuminate/Http/Request))
#30 C:/Users/USUARIO/Downloads/laravelProgramacion3/holalaravel-main/vendor/laravel/framework/src/Illuminate/Foundation/Http/Middleware/TrimStrings.php(51): Illuminate/Foundation/Http/Middleware/TransformsRequest->handle(Object(Illuminate/Http/Request), Object(Closure))
#31 C:/Users/USUARIO/Downloads/laravelProgramacion3/holalaravel-main/vendor/laravel/framework/src/Illuminate/Pipeline/Pipeline.php(219): Illuminate/Foundation/Http/Middleware/TrimStrings->handle(Object(Illuminate/Http/Request), Object(Closure))
#32 C:/Users/USUARIO/Downloads/laravelProgramacion3/holalaravel-main/vendor/laravel/framework/src/Illuminate/Http/Middleware/ValidatePostSize.php(27): Illuminate/Pipeline/Pipeline->Illuminate/Pipeline/{closure}(Object(Illuminate/Http/Request))
#33 C:/Users/USUARIO/Downloads/laravelProgramacion3/holalaravel-main/vendor/laravel/framework/src/Illuminate/Pipeline/Pipeline.php(219): Illuminate/Http/Middleware/ValidatePostSize->handle(Object(Illuminate/Http/Request), Object(Closure))
#34 C:/Users/USUARIO/Downloads/laravelProgramacion3/holalaravel-main/vendor/laravel/framework/src/Illuminate/Foundation/Http/Middleware/PreventRequestsDuringMaintenance.php(109): Illuminate/Pipeline/Pipeline->Illuminate/Pipeline/{closure}(Object(Illuminate/Http/Request))
#35 C:/Users/USUARIO/Downloads/laravelProgramacion3/holalaravel-main/vendor/laravel/framework/src/Illuminate/Pipeline/Pipeline.php(219): Illuminate/Foundation/Http/Middleware/PreventRequestsDuringMaintenance->handle(Object(Illuminate/Http/Request), Object(Closure))
#36 C:/Users/USUARIO/Downloads/laravelProgramacion3/holalaravel-main/vendor/laravel/framework/src/Illuminate/Http/Middleware/HandleCors.php(61): Illuminate/Pipeline/Pipeline->Illuminate/Pipeline/{closure}(Object(Illuminate/Http/Request))
#37 C:/Users/USUARIO/Downloads/laravelProgramacion3/holalaravel-main/vendor/laravel/framework/src/Illuminate/Pipeline/Pipeline.php(219): Illuminate/Http/Middleware/HandleCors->handle(Object(Illuminate/Http/Request), Object(Closure))
#38 C:/Users/USUARIO/Downloads/laravelProgramacion3/holalaravel-main/vendor/laravel/framework/src/Illuminate/Http/Middleware/TrustProxies.php(58): Illuminate/Pipeline/Pipeline->Illuminate/Pipeline/{closure}(Object(Illuminate/Http/Request))
#39 C:/Users/USUARIO/Downloads/laravelProgramacion3/holalaravel-main/vendor/laravel/framework/src/Illuminate/Pipeline/Pipeline.php(219): Illuminate/Http/Middleware/TrustProxies->handle(Object(Illuminate/Http/Request), Object(Closure))
#40 C:/Users/USUARIO/Downloads/laravelProgramacion3/holalaravel-main/vendor/laravel/framework/src/Illuminate/Foundation/Http/Middleware/InvokeDeferredCallbacks.php(22): Illuminate/Pipeline/Pipeline->Illuminate/Pipeline/{closure}(Object(Illuminate/Http/Request))
#41 C:/Users/USUARIO/Downloads/laravelProgramacion3/holalaravel-main/vendor/laravel/framework/src/Illuminate/Pipeline/Pipeline.php(219): Illuminate/Foundation/Http/Middleware/InvokeDeferredCallbacks->handle(Object(Illuminate/Http/Request), Object(Closure))
#42 C:/Users/USUARIO/Downloads/laravelProgramacion3/holalaravel-main/vendor/laravel/framework/src/Illuminate/Http/Middleware/ValidatePathEncoding.php(26): Illuminate/Pipeline/Pipeline->Illuminate/Pipeline/{closure}(Object(Illuminate/Http/Request))
#43 C:/Users/USUARIO/Downloads/laravelProgramacion3/holalaravel-main/vendor/laravel/framework/src/Illuminate/Pipeline/Pipeline.php(219): Illuminate/Http/Middleware/ValidatePathEncoding->handle(Object(Illuminate/Http/Request), Object(Closure))
#44 C:/Users/USUARIO/Downloads/laravelProgramacion3/holalaravel-main/vendor/laravel/framework/src/Illuminate/Pipeline/Pipeline.php(137): Illuminate/Pipeline/Pipeline->Illuminate/Pipeline/{closure}(Object(Illuminate/Http/Request))
#45 C:/Users/USUARIO/Downloads/laravelProgramacion3/holalaravel-main/vendor/laravel/framework/src/Illuminate/Foundation/Http/Kernel.php(175): Illuminate/Pipeline/Pipeline->then(Object(Closure))
#46 C:/Users/USUARIO/Downloads/laravelProgramacion3/holalaravel-main/vendor/laravel/framework/src/Illuminate/Foundation/Http/Kernel.php(144): Illuminate/Foundation/Http/Kernel->sendRequestThroughRouter(Object(Illuminate/Http/Request))
#47 C:/Users/USUARIO/Downloads/laravelProgramacion3/holalaravel-main/vendor/laravel/framework/src/Illuminate/Foundation/Application.php(1220): Illuminate/Foundation/Http/Kernel->handle(Object(Illuminate/Http/Request))
#48 C:/Users/USUARIO/Downloads/laravelProgramacion3/holalaravel-main/public/index.php(20): Illuminate/Foundation/Application->handleRequest(Object(Illuminate/Http/Request))
#49 C:/Users/USUARIO/Downloads/laravelProgramacion3/holalaravel-main/vendor/laravel/framework/src/Illuminate/Foundation/resources/server.php(23): require_once('C://Users//USUARI...')
#50 {main}
"} 
[2026-04-11 19:30:44] production.ERROR: No application encryption key has been specified. {"exception":"[object] (Illuminate\\Encryption\\MissingAppKeyException(code: 0): No application encryption key has been specified. at C:/Users/USUARIO/Downloads/laravelProgramacion3/holalaravel-main/vendor/laravel/framework/src/Illuminate/Encryption/EncryptionServiceProvider.php:83)
[stacktrace]
#0 C:/Users/USUARIO/Downloads/laravelProgramacion3/holalaravel-main/vendor/laravel/framework/src/Illuminate/Support/helpers.php(393): Illuminate/Encryption/EncryptionServiceProvider->Illuminate/Encryption/{closure}(NULL)
#1 C:/Users/USUARIO/Downloads/laravelProgramacion3/holalaravel-main/vendor/laravel/framework/src/Illuminate/Encryption/EncryptionServiceProvider.php(81): tap(NULL, Object(Closure))
#2 C:/Users/USUARIO/Downloads/laravelProgramacion3/holalaravel-main/vendor/laravel/framework/src/Illuminate/Encryption/EncryptionServiceProvider.php(64): Illuminate/Encryption/EncryptionServiceProvider->key(Array)
#3 C:/Users/USUARIO/Downloads/laravelProgramacion3/holalaravel-main/vendor/laravel/framework/src/Illuminate/Encryption/EncryptionServiceProvider.php(32): Illuminate/Encryption/EncryptionServiceProvider->parseKey(Array)
#4 C:/Users/USUARIO/Downloads/laravelProgramacion3/holalaravel-main/vendor/laravel/framework/src/Illuminate/Container/Container.php(1115): Illuminate/Encryption/EncryptionServiceProvider->Illuminate/Encryption/{closure}(Object(Illuminate/Foundation/Application), Array)
#5 C:/Users/USUARIO/Downloads/laravelProgramacion3/holalaravel-main/vendor/laravel/framework/src/Illuminate/Container/Container.php(933): Illuminate/Container/Container->build(Object(Closure))
#6 C:/Users/USUARIO/Downloads/laravelProgramacion3/holalaravel-main/vendor/laravel/framework/src/Illuminate/Foundation/Application.php(1078): Illuminate/Container/Container->resolve('encrypter', Array, true)
#7 C:/Users/USUARIO/Downloads/laravelProgramacion3/holalaravel-main/vendor/laravel/framework/src/Illuminate/Container/Container.php(864): Illuminate/Foundation/Application->resolve('encrypter', Array)
#8 C:/Users/USUARIO/Downloads/laravelProgramacion3/holalaravel-main/vendor/laravel/framework/src/Illuminate/Foundation/Application.php(1058): Illuminate/Container/Container->make('encrypter', Array)
#9 C:/Users/USUARIO/Downloads/laravelProgramacion3/holalaravel-main/vendor/laravel/framework/src/Illuminate/Container/Container.php(1336): Illuminate/Foundation/Application->make('encrypter')
#10 C:/Users/USUARIO/Downloads/laravelProgramacion3/holalaravel-main/vendor/laravel/framework/src/Illuminate/Container/Container.php(1237): Illuminate/Container/Container->resolveClass(Object(ReflectionParameter), 'Illuminate//Cont...')
#11 C:/Users/USUARIO/Downloads/laravelProgramacion3/holalaravel-main/vendor/laravel/framework/src/Illuminate/Container/Container.php(1162): Illuminate/Container/Container->resolveDependencies(Array)
#12 C:/Users/USUARIO/Downloads/laravelProgramacion3/holalaravel-main/vendor/laravel/framework/src/Illuminate/Container/Container.php(933): Illuminate/Container/Container->build('Illuminate//Cook...')
#13 C:/Users/USUARIO/Downloads/laravelProgramacion3/holalaravel-main/vendor/laravel/framework/src/Illuminate/Foundation/Application.php(1078): Illuminate/Container/Container->resolve('Illuminate//Cook...', Array, true)
#14 C:/Users/USUARIO/Downloads/laravelProgramacion3/holalaravel-main/vendor/laravel/framework/src/Illuminate/Container/Container.php(864): Illuminate/Foundation/Application->resolve('Illuminate//Cook...', Array)
#15 C:/Users/USUARIO/Downloads/laravelProgramacion3/holalaravel-main/vendor/laravel/framework/src/Illuminate/Foundation/Application.php(1058): Illuminate/Container/Container->make('Illuminate//Cook...', Array)
#16 C:/Users/USUARIO/Downloads/laravelProgramacion3/holalaravel-main/vendor/laravel/framework/src/Illuminate/Foundation/Http/Kernel.php(257): Illuminate/Foundation/Application->make('Illuminate//Cook...')
#17 C:/Users/USUARIO/Downloads/laravelProgramacion3/holalaravel-main/vendor/laravel/framework/src/Illuminate/Foundation/Http/Kernel.php(215): Illuminate/Foundation/Http/Kernel->terminateMiddleware(Object(Illuminate/Http/Request), Object(Illuminate/Http/Response))
#18 C:/Users/USUARIO/Downloads/laravelProgramacion3/holalaravel-main/vendor/laravel/framework/src/Illuminate/Foundation/Application.php(1222): Illuminate/Foundation/Http/Kernel->terminate(Object(Illuminate/Http/Request), Object(Illuminate/Http/Response))
#19 C:/Users/USUARIO/Downloads/laravelProgramacion3/holalaravel-main/public/index.php(20): Illuminate/Foundation/Application->handleRequest(Object(Illuminate/Http/Request))
#20 C:/Users/USUARIO/Downloads/laravelProgramacion3/holalaravel-main/vendor/laravel/framework/src/Illuminate/Foundation/resources/server.php(23): require_once('C://Users//USUARI...')
#21 {main}
"} 
[2026-04-11 19:30:44] production.ERROR: Please provide a valid cache path. {"exception":"[object] (InvalidArgumentException(code: 0): Please provide a valid cache path. at C:/Users/USUARIO/Downloads/laravelProgramacion3/holalaravel-main/vendor/laravel/framework/src/Illuminate/View/Compilers/Compiler.php:75)
[stacktrace]
#0 C:/Users/USUARIO/Downloads/laravelProgramacion3/holalaravel-main/vendor/laravel/framework/src/Illuminate/View/ViewServiceProvider.php(97): Illuminate/View/Compilers/Compiler->__construct(Object(Illuminate/Filesystem/Filesystem), false, '', true, 'php', true)
#1 C:/Users/USUARIO/Downloads/laravelProgramacion3/holalaravel-main/vendor/laravel/framework/src/Illuminate/Container/Container.php(1115): Illuminate/View/ViewServiceProvider->Illuminate/View/{closure}(Object(Illuminate/Foundation/Application), Array)
#2 C:/Users/USUARIO/Downloads/laravelProgramacion3/holalaravel-main/vendor/laravel/framework/src/Illuminate/Container/Container.php(933): Illuminate/Container/Container->build(Object(Closure))
#3 C:/Users/USUARIO/Downloads/laravelProgramacion3/holalaravel-main/vendor/laravel/framework/src/Illuminate/Foundation/Application.php(1078): Illuminate/Container/Container->resolve('blade.compiler', Array, true)
#4 C:/Users/USUARIO/Downloads/laravelProgramacion3/holalaravel-main/vendor/laravel/framework/src/Illuminate/Container/Container.php(864): Illuminate/Foundation/Application->resolve('blade.compiler', Array)
#5 C:/Users/USUARIO/Downloads/laravelProgramacion3/holalaravel-main/vendor/laravel/framework/src/Illuminate/Foundation/Application.php(1058): Illuminate/Container/Container->make('blade.compiler', Array)
#6 C:/Users/USUARIO/Downloads/laravelProgramacion3/holalaravel-main/vendor/laravel/framework/src/Illuminate/View/ViewServiceProvider.php(169): Illuminate/Foundation/Application->make('blade.compiler')
#7 [internal function]: Illuminate/View/ViewServiceProvider->Illuminate/View/{closure}()
#8 C:/Users/USUARIO/Downloads/laravelProgramacion3/holalaravel-main/vendor/laravel/framework/src/Illuminate/View/Engines/EngineResolver.php(55): call_user_func(Object(Closure))
#9 C:/Users/USUARIO/Downloads/laravelProgramacion3/holalaravel-main/vendor/laravel/framework/src/Illuminate/View/Factory.php(318): Illuminate/View/Engines/EngineResolver->resolve('blade')
#10 C:/Users/USUARIO/Downloads/laravelProgramacion3/holalaravel-main/vendor/laravel/framework/src/Illuminate/View/Factory.php(287): Illuminate/View/Factory->getEngineFromPath('C://Users//USUARI...')
#11 C:/Users/USUARIO/Downloads/laravelProgramacion3/holalaravel-main/vendor/laravel/framework/src/Illuminate/View/Factory.php(159): Illuminate/View/Factory->viewInstance('errors::500', 'C://Users//USUARI...', Array)
#12 C:/Users/USUARIO/Downloads/laravelProgramacion3/holalaravel-main/vendor/laravel/framework/src/Illuminate/Routing/ResponseFactory.php(91): Illuminate/View/Factory->make('errors::500', Array)
#13 C:/Users/USUARIO/Downloads/laravelProgramacion3/holalaravel-main/vendor/laravel/framework/src/Illuminate/Foundation/Exceptions/Handler.php(926): Illuminate/Routing/ResponseFactory->view('errors::500', Array, 500, Array)
#14 C:/Users/USUARIO/Downloads/laravelProgramacion3/holalaravel-main/vendor/laravel/framework/src/Illuminate/Foundation/Exceptions/Handler.php(847): Illuminate/Foundation/Exceptions/Handler->renderHttpException(Object(Symfony/Component/HttpKernel/Exception/HttpException))
#15 C:/Users/USUARIO/Downloads/laravelProgramacion3/holalaravel-main/vendor/laravel/framework/src/Illuminate/Foundation/Exceptions/Handler.php(738): Illuminate/Foundation/Exceptions/Handler->prepareResponse(Object(Illuminate/Http/Request), Object(Symfony/Component/HttpKernel/Exception/HttpException))
#16 C:/Users/USUARIO/Downloads/laravelProgramacion3/holalaravel-main/vendor/laravel/framework/src/Illuminate/Foundation/Exceptions/Handler.php(626): Illuminate/Foundation/Exceptions/Handler->renderExceptionResponse(Object(Illuminate/Http/Request), Object(Illuminate/Encryption/MissingAppKeyException))
#17 C:/Users/USUARIO/Downloads/laravelProgramacion3/holalaravel-main/vendor/laravel/framework/src/Illuminate/Foundation/Bootstrap/HandleExceptions.php(221): Illuminate/Foundation/Exceptions/Handler->render(Object(Illuminate/Http/Request), Object(Illuminate/Encryption/MissingAppKeyException))
#18 C:/Users/USUARIO/Downloads/laravelProgramacion3/holalaravel-main/vendor/laravel/framework/src/Illuminate/Foundation/Bootstrap/HandleExceptions.php(198): Illuminate/Foundation/Bootstrap/HandleExceptions->renderHttpResponse(Object(Illuminate/Encryption/MissingAppKeyException))
#19 C:/Users/USUARIO/Downloads/laravelProgramacion3/holalaravel-main/vendor/laravel/framework/src/Illuminate/Foundation/Bootstrap/HandleExceptions.php(258): Illuminate/Foundation/Bootstrap/HandleExceptions->handleException(Object(Illuminate/Encryption/MissingAppKeyException))
#20 [internal function]: Illuminate/Foundation/Bootstrap/HandleExceptions->Illuminate/Foundation/Bootstrap/{closure}(Object(Illuminate/Encryption/MissingAppKeyException))
#21 {main}
"} 
[2026-04-11 19:32:08] production.ERROR: file_get_contents(C:\Users\USUARIO\Downloads\laravelProgramacion3\holalaravel-main\.env): Failed to open stream: No such file or directory {"exception":"[object] (ErrorException(code: 0): file_get_contents(C:\\Users\\USUARIO\\Downloads\\laravelProgramacion3\\holalaravel-main\\.env): Failed to open stream: No such file or directory at C:/Users/USUARIO/Downloads/laravelProgramacion3/holalaravel-main/vendor/laravel/framework/src/Illuminate/Foundation/Console/KeyGenerateCommand.php:100)
[stacktrace]
#0 C:/Users/USUARIO/Downloads/laravelProgramacion3/holalaravel-main/vendor/laravel/framework/src/Illuminate/Foundation/Bootstrap/HandleExceptions.php(258): Illuminate/Foundation/Bootstrap/HandleExceptions->handleError(2, 'file_get_conten...', 'C://Users//USUARI...', 100)
#1 [internal function]: Illuminate/Foundation/Bootstrap/HandleExceptions->Illuminate/Foundation/Bootstrap/{closure}(2, 'file_get_conten...', 'C://Users//USUARI...', 100)
#2 C:/Users/USUARIO/Downloads/laravelProgramacion3/holalaravel-main/vendor/laravel/framework/src/Illuminate/Foundation/Console/KeyGenerateCommand.php(100): file_get_contents('C://Users//USUARI...')
#3 C:/Users/USUARIO/Downloads/laravelProgramacion3/holalaravel-main/vendor/laravel/framework/src/Illuminate/Foundation/Console/KeyGenerateCommand.php(82): Illuminate/Foundation/Console/KeyGenerateCommand->writeNewEnvironmentFileWith('base64:S0dnQt7N...')
#4 C:/Users/USUARIO/Downloads/laravelProgramacion3/holalaravel-main/vendor/laravel/framework/src/Illuminate/Foundation/Console/KeyGenerateCommand.php(47): Illuminate/Foundation/Console/KeyGenerateCommand->setKeyInEnvironmentFile('base64:S0dnQt7N...')
#5 C:/Users/USUARIO/Downloads/laravelProgramacion3/holalaravel-main/vendor/laravel/framework/src/Illuminate/Container/BoundMethod.php(36): Illuminate/Foundation/Console/KeyGenerateCommand->handle()
#6 C:/Users/USUARIO/Downloads/laravelProgramacion3/holalaravel-main/vendor/laravel/framework/src/Illuminate/Container/Util.php(43): Illuminate/Container/BoundMethod::Illuminate/Container/{closure}()
#7 C:/Users/USUARIO/Downloads/laravelProgramacion3/holalaravel-main/vendor/laravel/framework/src/Illuminate/Container/BoundMethod.php(96): Illuminate/Container/Util::unwrapIfClosure(Object(Closure))
#8 C:/Users/USUARIO/Downloads/laravelProgramacion3/holalaravel-main/vendor/laravel/framework/src/Illuminate/Container/BoundMethod.php(35): Illuminate/Container/BoundMethod::callBoundMethod(Object(Illuminate/Foundation/Application), Array, Object(Closure))
#9 C:/Users/USUARIO/Downloads/laravelProgramacion3/holalaravel-main/vendor/laravel/framework/src/Illuminate/Container/Container.php(799): Illuminate/Container/BoundMethod::call(Object(Illuminate/Foundation/Application), Array, Array, NULL)
#10 C:/Users/USUARIO/Downloads/laravelProgramacion3/holalaravel-main/vendor/laravel/framework/src/Illuminate/Console/Command.php(211): Illuminate/Container/Container->call(Array)
#11 C:/Users/USUARIO/Downloads/laravelProgramacion3/holalaravel-main/vendor/symfony/console/Command/Command.php(341): Illuminate/Console/Command->execute(Object(Symfony/Component/Console/Input/ArgvInput), Object(Illuminate/Console/OutputStyle))
#12 C:/Users/USUARIO/Downloads/laravelProgramacion3/holalaravel-main/vendor/laravel/framework/src/Illuminate/Console/Command.php(180): Symfony/Component/Console/Command/Command->run(Object(Symfony/Component/Console/Input/ArgvInput), Object(Illuminate/Console/OutputStyle))
#13 C:/Users/USUARIO/Downloads/laravelProgramacion3/holalaravel-main/vendor/symfony/console/Application.php(1117): Illuminate/Console/Command->run(Object(Symfony/Component/Console/Input/ArgvInput), Object(Symfony/Component/Console/Output/ConsoleOutput))
#14 C:/Users/USUARIO/Downloads/laravelProgramacion3/holalaravel-main/vendor/symfony/console/Application.php(356): Symfony/Component/Console/Application->doRunCommand(Object(Illuminate/Foundation/Console/KeyGenerateCommand), Object(Symfony/Component/Console/Input/ArgvInput), Object(Symfony/Component/Console/Output/ConsoleOutput))
#15 C:/Users/USUARIO/Downloads/laravelProgramacion3/holalaravel-main/vendor/symfony/console/Application.php(195): Symfony/Component/Console/Application->doRun(Object(Symfony/Component/Console/Input/ArgvInput), Object(Symfony/Component/Console/Output/ConsoleOutput))
#16 C:/Users/USUARIO/Downloads/laravelProgramacion3/holalaravel-main/vendor/laravel/framework/src/Illuminate/Foundation/Console/Kernel.php(198): Symfony/Component/Console/Application->run(Object(Symfony/Component/Console/Input/ArgvInput), Object(Symfony/Component/Console/Output/ConsoleOutput))
#17 C:/Users/USUARIO/Downloads/laravelProgramacion3/holalaravel-main/vendor/laravel/framework/src/Illuminate/Foundation/Application.php(1235): Illuminate/Foundation/Console/Kernel->handle(Object(Symfony/Component/Console/Input/ArgvInput), Object(Symfony/Component/Console/Output/ConsoleOutput))
#18 C:/Users/USUARIO/Downloads/laravelProgramacion3/holalaravel-main/artisan(16): Illuminate/Foundation/Application->handleCommand(Object(Symfony/Component/Console/Input/ArgvInput))
#19 {main}
"} 
[2026-04-11 19:34:04] local.ERROR: Please provide a valid cache path. {"exception":"[object] (InvalidArgumentException(code: 0): Please provide a valid cache path. at C:/Users/USUARIO/Downloads/laravelProgramacion3/holalaravel-main/vendor/laravel/framework/src/Illuminate/View/Compilers/Compiler.php:75)
[stacktrace]
#0 C:/Users/USUARIO/Downloads/laravelProgramacion3/holalaravel-main/vendor/laravel/framework/src/Illuminate/View/ViewServiceProvider.php(97): Illuminate/View/Compilers/Compiler->__construct(Object(Illuminate/Filesystem/Filesystem), false, '', true, 'php', true)
#1 C:/Users/USUARIO/Downloads/laravelProgramacion3/holalaravel-main/vendor/laravel/framework/src/Illuminate/Container/Container.php(1115): Illuminate/View/ViewServiceProvider->Illuminate/View/{closure}(Object(Illuminate/Foundation/Application), Array)
#2 C:/Users/USUARIO/Downloads/laravelProgramacion3/holalaravel-main/vendor/laravel/framework/src/Illuminate/Container/Container.php(933): Illuminate/Container/Container->build(Object(Closure))
#3 C:/Users/USUARIO/Downloads/laravelProgramacion3/holalaravel-main/vendor/laravel/framework/src/Illuminate/Foundation/Application.php(1078): Illuminate/Container/Container->resolve('blade.compiler', Array, true)
#4 C:/Users/USUARIO/Downloads/laravelProgramacion3/holalaravel-main/vendor/laravel/framework/src/Illuminate/Container/Container.php(864): Illuminate/Foundation/Application->resolve('blade.compiler', Array)
#5 C:/Users/USUARIO/Downloads/laravelProgramacion3/holalaravel-main/vendor/laravel/framework/src/Illuminate/Foundation/Application.php(1058): Illuminate/Container/Container->make('blade.compiler', Array)
#6 C:/Users/USUARIO/Downloads/laravelProgramacion3/holalaravel-main/vendor/laravel/framework/src/Illuminate/View/ViewServiceProvider.php(169): Illuminate/Foundation/Application->make('blade.compiler')
#7 [internal function]: Illuminate/View/ViewServiceProvider->Illuminate/View/{closure}()
#8 C:/Users/USUARIO/Downloads/laravelProgramacion3/holalaravel-main/vendor/laravel/framework/src/Illuminate/View/Engines/EngineResolver.php(55): call_user_func(Object(Closure))
#9 C:/Users/USUARIO/Downloads/laravelProgramacion3/holalaravel-main/vendor/laravel/framework/src/Illuminate/View/Factory.php(325): Illuminate/View/Engines/EngineResolver->resolve('blade')
#10 C:/Users/USUARIO/Downloads/laravelProgramacion3/holalaravel-main/vendor/laravel/framework/src/Illuminate/View/Factory.php(287): Illuminate/View/Factory->getEngineFromPath('C://Users//USUARI...')
#11 C:/Users/USUARIO/Downloads/laravelProgramacion3/holalaravel-main/vendor/laravel/framework/src/Illuminate/View/Factory.php(159): Illuminate/View/Factory->viewInstance('welcome', 'C://Users//USUARI...', Array)
#12 C:/Users/USUARIO/Downloads/laravelProgramacion3/holalaravel-main/vendor/laravel/framework/src/Illuminate/Foundation/helpers.php(1100): Illuminate/View/Factory->make('welcome', Array, Array)
#13 C:/Users/USUARIO/Downloads/laravelProgramacion3/holalaravel-main/routes/web.php(8): view('welcome')
#14 C:/Users/USUARIO/Downloads/laravelProgramacion3/holalaravel-main/vendor/laravel/framework/src/Illuminate/Routing/CallableDispatcher.php(39): Illuminate/Routing/RouteFileRegistrar->{closure}()
#15 C:/Users/USUARIO/Downloads/laravelProgramacion3/holalaravel-main/vendor/laravel/framework/src/Illuminate/Routing/Route.php(243): Illuminate/Routing/CallableDispatcher->dispatch(Object(Illuminate/Routing/Route), Object(Closure))
#16 C:/Users/USUARIO/Downloads/laravelProgramacion3/holalaravel-main/vendor/laravel/framework/src/Illuminate/Routing/Route.php(214): Illuminate/Routing/Route->runCallable()
#17 C:/Users/USUARIO/Downloads/laravelProgramacion3/holalaravel-main/vendor/laravel/framework/src/Illuminate/Routing/Router.php(822): Illuminate/Routing/Route->run()
#18 C:/Users/USUARIO/Downloads/laravelProgramacion3/holalaravel-main/vendor/laravel/framework/src/Illuminate/Pipeline/Pipeline.php(180): Illuminate/Routing/Router->Illuminate/Routing/{closure}(Object(Illuminate/Http/Request))
#19 C:/Users/USUARIO/Downloads/laravelProgramacion3/holalaravel-main/vendor/laravel/framework/src/Illuminate/Routing/Middleware/SubstituteBindings.php(50): Illuminate/Pipeline/Pipeline->Illuminate/Pipeline/{closure}(Object(Illuminate/Http/Request))
#20 C:/Users/USUARIO/Downloads/laravelProgramacion3/holalaravel-main/vendor/laravel/framework/src/Illuminate/Pipeline/Pipeline.php(219): Illuminate/Routing/Middleware/SubstituteBindings->handle(Object(Illuminate/Http/Request), Object(Closure))
#21 C:/Users/USUARIO/Downloads/laravelProgramacion3/holalaravel-main/vendor/laravel/framework/src/Illuminate/Foundation/Http/Middleware/VerifyCsrfToken.php(87): Illuminate/Pipeline/Pipeline->Illuminate/Pipeline/{closure}(Object(Illuminate/Http/Request))
#22 C:/Users/USUARIO/Downloads/laravelProgramacion3/holalaravel-main/vendor/laravel/framework/src/Illuminate/Pipeline/Pipeline.php(219): Illuminate/Foundation/Http/Middleware/VerifyCsrfToken->handle(Object(Illuminate/Http/Request), Object(Closure))
#23 C:/Users/USUARIO/Downloads/laravelProgramacion3/holalaravel-main/vendor/laravel/framework/src/Illuminate/View/Middleware/ShareErrorsFromSession.php(48): Illuminate/Pipeline/Pipeline->Illuminate/Pipeline/{closure}(Object(Illuminate/Http/Request))
#24 C:/Users/USUARIO/Downloads/laravelProgramacion3/holalaravel-main/vendor/laravel/framework/src/Illuminate/Pipeline/Pipeline.php(219): Illuminate/View/Middleware/ShareErrorsFromSession->handle(Object(Illuminate/Http/Request), Object(Closure))
#25 C:/Users/USUARIO/Downloads/laravelProgramacion3/holalaravel-main/vendor/laravel/framework/src/Illuminate/Session/Middleware/StartSession.php(120): Illuminate/Pipeline/Pipeline->Illuminate/Pipeline/{closure}(Object(Illuminate/Http/Request))
#26 C:/Users/USUARIO/Downloads/laravelProgramacion3/holalaravel-main/vendor/laravel/framework/src/Illuminate/Session/Middleware/StartSession.php(63): Illuminate/Session/Middleware/StartSession->handleStatefulRequest(Object(Illuminate/Http/Request), Object(Illuminate/Session/Store), Object(Closure))
#27 C:/Users/USUARIO/Downloads/laravelProgramacion3/holalaravel-main/vendor/laravel/framework/src/Illuminate/Pipeline/Pipeline.php(219): Illuminate/Session/Middleware/StartSession->handle(Object(Illuminate/Http/Request), Object(Closure))
#28 C:/Users/USUARIO/Downloads/laravelProgramacion3/holalaravel-main/vendor/laravel/framework/src/Illuminate/Cookie/Middleware/AddQueuedCookiesToResponse.php(36): Illuminate/Pipeline/Pipeline->Illuminate/Pipeline/{closure}(Object(Illuminate/Http/Request))
#29 C:/Users/USUARIO/Downloads/laravelProgramacion3/holalaravel-main/vendor/laravel/framework/src/Illuminate/Pipeline/Pipeline.php(219): Illuminate/Cookie/Middleware/AddQueuedCookiesToResponse->handle(Object(Illuminate/Http/Request), Object(Closure))
#30 C:/Users/USUARIO/Downloads/laravelProgramacion3/holalaravel-main/vendor/laravel/framework/src/Illuminate/Cookie/Middleware/EncryptCookies.php(74): Illuminate/Pipeline/Pipeline->Illuminate/Pipeline/{closure}(Object(Illuminate/Http/Request))
#31 C:/Users/USUARIO/Downloads/laravelProgramacion3/holalaravel-main/vendor/laravel/framework/src/Illuminate/Pipeline/Pipeline.php(219): Illuminate/Cookie/Middleware/EncryptCookies->handle(Object(Illuminate/Http/Request), Object(Closure))
#32 C:/Users/USUARIO/Downloads/laravelProgramacion3/holalaravel-main/vendor/laravel/framework/src/Illuminate/Pipeline/Pipeline.php(137): Illuminate/Pipeline/Pipeline->Illuminate/Pipeline/{closure}(Object(Illuminate/Http/Request))
#33 C:/Users/USUARIO/Downloads/laravelProgramacion3/holalaravel-main/vendor/laravel/framework/src/Illuminate/Routing/Router.php(821): Illuminate/Pipeline/Pipeline->then(Object(Closure))
#34 C:/Users/USUARIO/Downloads/laravelProgramacion3/holalaravel-main/vendor/laravel/framework/src/Illuminate/Routing/Router.php(800): Illuminate/Routing/Router->runRouteWithinStack(Object(Illuminate/Routing/Route), Object(Illuminate/Http/Request))
#35 C:/Users/USUARIO/Downloads/laravelProgramacion3/holalaravel-main/vendor/laravel/framework/src/Illuminate/Routing/Router.php(764): Illuminate/Routing/Router->runRoute(Object(Illuminate/Http/Request), Object(Illuminate/Routing/Route))
#36 C:/Users/USUARIO/Downloads/laravelProgramacion3/holalaravel-main/vendor/laravel/framework/src/Illuminate/Routing/Router.php(753): Illuminate/Routing/Router->dispatchToRoute(Object(Illuminate/Http/Request))
#37 C:/Users/USUARIO/Downloads/laravelProgramacion3/holalaravel-main/vendor/laravel/framework/src/Illuminate/Foundation/Http/Kernel.php(200): Illuminate/Routing/Router->dispatch(Object(Illuminate/Http/Request))
#38 C:/Users/USUARIO/Downloads/laravelProgramacion3/holalaravel-main/vendor/laravel/framework/src/Illuminate/Pipeline/Pipeline.php(180): Illuminate/Foundation/Http/Kernel->Illuminate/Foundation/Http/{closure}(Object(Illuminate/Http/Request))
#39 C:/Users/USUARIO/Downloads/laravelProgramacion3/holalaravel-main/vendor/laravel/framework/src/Illuminate/Foundation/Http/Middleware/TransformsRequest.php(21): Illuminate/Pipeline/Pipeline->Illuminate/Pipeline/{closure}(Object(Illuminate/Http/Request))
#40 C:/Users/USUARIO/Downloads/laravelProgramacion3/holalaravel-main/vendor/laravel/framework/src/Illuminate/Foundation/Http/Middleware/ConvertEmptyStringsToNull.php(31): Illuminate/Foundation/Http/Middleware/TransformsRequest->handle(Object(Illuminate/Http/Request), Object(Closure))
#41 C:/Users/USUARIO/Downloads/laravelProgramacion3/holalaravel-main/vendor/laravel/framework/src/Illuminate/Pipeline/Pipeline.php(219): Illuminate/Foundation/Http/Middleware/ConvertEmptyStringsToNull->handle(Object(Illuminate/Http/Request), Object(Closure))
#42 C:/Users/USUARIO/Downloads/laravelProgramacion3/holalaravel-main/vendor/laravel/framework/src/Illuminate/Foundation/Http/Middleware/TransformsRequest.php(21): Illuminate/Pipeline/Pipeline->Illuminate/Pipeline/{closure}(Object(Illuminate/Http/Request))
#43 C:/Users/USUARIO/Downloads/laravelProgramacion3/holalaravel-main/vendor/laravel/framework/src/Illuminate/Foundation/Http/Middleware/TrimStrings.php(51): Illuminate/Foundation/Http/Middleware/TransformsRequest->handle(Object(Illuminate/Http/Request), Object(Closure))
#44 C:/Users/USUARIO/Downloads/laravelProgramacion3/holalaravel-main/vendor/laravel/framework/src/Illuminate/Pipeline/Pipeline.php(219): Illuminate/Foundation/Http/Middleware/TrimStrings->handle(Object(Illuminate/Http/Request), Object(Closure))
#45 C:/Users/USUARIO/Downloads/laravelProgramacion3/holalaravel-main/vendor/laravel/framework/src/Illuminate/Http/Middleware/ValidatePostSize.php(27): Illuminate/Pipeline/Pipeline->Illuminate/Pipeline/{closure}(Object(Illuminate/Http/Request))
#46 C:/Users/USUARIO/Downloads/laravelProgramacion3/holalaravel-main/vendor/laravel/framework/src/Illuminate/Pipeline/Pipeline.php(219): Illuminate/Http/Middleware/ValidatePostSize->handle(Object(Illuminate/Http/Request), Object(Closure))
#47 C:/Users/USUARIO/Downloads/laravelProgramacion3/holalaravel-main/vendor/laravel/framework/src/Illuminate/Foundation/Http/Middleware/PreventRequestsDuringMaintenance.php(109): Illuminate/Pipeline/Pipeline->Illuminate/Pipeline/{closure}(Object(Illuminate/Http/Request))
#48 C:/Users/USUARIO/Downloads/laravelProgramacion3/holalaravel-main/vendor/laravel/framework/src/Illuminate/Pipeline/Pipeline.php(219): Illuminate/Foundation/Http/Middleware/PreventRequestsDuringMaintenance->handle(Object(Illuminate/Http/Request), Object(Closure))
#49 C:/Users/USUARIO/Downloads/laravelProgramacion3/holalaravel-main/vendor/laravel/framework/src/Illuminate/Http/Middleware/HandleCors.php(61): Illuminate/Pipeline/Pipeline->Illuminate/Pipeline/{closure}(Object(Illuminate/Http/Request))
#50 C:/Users/USUARIO/Downloads/laravelProgramacion3/holalaravel-main/vendor/laravel/framework/src/Illuminate/Pipeline/Pipeline.php(219): Illuminate/Http/Middleware/HandleCors->handle(Object(Illuminate/Http/Request), Object(Closure))
#51 C:/Users/USUARIO/Downloads/laravelProgramacion3/holalaravel-main/vendor/laravel/framework/src/Illuminate/Http/Middleware/TrustProxies.php(58): Illuminate/Pipeline/Pipeline->Illuminate/Pipeline/{closure}(Object(Illuminate/Http/Request))
#52 C:/Users/USUARIO/Downloads/laravelProgramacion3/holalaravel-main/vendor/laravel/framework/src/Illuminate/Pipeline/Pipeline.php(219): Illuminate/Http/Middleware/TrustProxies->handle(Object(Illuminate/Http/Request), Object(Closure))
#53 C:/Users/USUARIO/Downloads/laravelProgramacion3/holalaravel-main/vendor/laravel/framework/src/Illuminate/Foundation/Http/Middleware/InvokeDeferredCallbacks.php(22): Illuminate/Pipeline/Pipeline->Illuminate/Pipeline/{closure}(Object(Illuminate/Http/Request))
#54 C:/Users/USUARIO/Downloads/laravelProgramacion3/holalaravel-main/vendor/laravel/framework/src/Illuminate/Pipeline/Pipeline.php(219): Illuminate/Foundation/Http/Middleware/InvokeDeferredCallbacks->handle(Object(Illuminate/Http/Request), Object(Closure))
#55 C:/Users/USUARIO/Downloads/laravelProgramacion3/holalaravel-main/vendor/laravel/framework/src/Illuminate/Http/Middleware/ValidatePathEncoding.php(26): Illuminate/Pipeline/Pipeline->Illuminate/Pipeline/{closure}(Object(Illuminate/Http/Request))
#56 C:/Users/USUARIO/Downloads/laravelProgramacion3/holalaravel-main/vendor/laravel/framework/src/Illuminate/Pipeline/Pipeline.php(219): Illuminate/Http/Middleware/ValidatePathEncoding->handle(Object(Illuminate/Http/Request), Object(Closure))
#57 C:/Users/USUARIO/Downloads/laravelProgramacion3/holalaravel-main/vendor/laravel/framework/src/Illuminate/Pipeline/Pipeline.php(137): Illuminate/Pipeline/Pipeline->Illuminate/Pipeline/{closure}(Object(Illuminate/Http/Request))
#58 C:/Users/USUARIO/Downloads/laravelProgramacion3/holalaravel-main/vendor/laravel/framework/src/Illuminate/Foundation/Http/Kernel.php(175): Illuminate/Pipeline/Pipeline->then(Object(Closure))
#59 C:/Users/USUARIO/Downloads/laravelProgramacion3/holalaravel-main/vendor/laravel/framework/src/Illuminate/Foundation/Http/Kernel.php(144): Illuminate/Foundation/Http/Kernel->sendRequestThroughRouter(Object(Illuminate/Http/Request))
#60 C:/Users/USUARIO/Downloads/laravelProgramacion3/holalaravel-main/vendor/laravel/framework/src/Illuminate/Foundation/Application.php(1220): Illuminate/Foundation/Http/Kernel->handle(Object(Illuminate/Http/Request))
#61 C:/Users/USUARIO/Downloads/laravelProgramacion3/holalaravel-main/public/index.php(20): Illuminate/Foundation/Application->handleRequest(Object(Illuminate/Http/Request))
#62 C:/Users/USUARIO/Downloads/laravelProgramacion3/holalaravel-main/vendor/laravel/framework/src/Illuminate/Foundation/resources/server.php(23): require_once('C://Users//USUARI...')
#63 {main}
"} 
[2026-04-11 19:34:04] local.ERROR: file_put_contents(C:\Users\USUARIO\Downloads\laravelProgramacion3\holalaravel-main\storage\framework/sessions/1kgRxv0XkjFQOIB1t4nwKTFi6po9i8eZTCSSwLpq): Failed to open stream: No such file or directory {"exception":"[object] (ErrorException(code: 0): file_put_contents(C:\\Users\\USUARIO\\Downloads\\laravelProgramacion3\\holalaravel-main\\storage\\framework/sessions/1kgRxv0XkjFQOIB1t4nwKTFi6po9i8eZTCSSwLpq): Failed to open stream: No such file or directory at C:/Users/USUARIO/Downloads/laravelProgramacion3/holalaravel-main/vendor/laravel/framework/src/Illuminate/Filesystem/Filesystem.php:204)
[stacktrace]
#0 C:/Users/USUARIO/Downloads/laravelProgramacion3/holalaravel-main/vendor/laravel/framework/src/Illuminate/Foundation/Bootstrap/HandleExceptions.php(258): Illuminate/Foundation/Bootstrap/HandleExceptions->handleError(2, 'file_put_conten...', 'C://Users//USUARI...', 204)
#1 [internal function]: Illuminate/Foundation/Bootstrap/HandleExceptions->Illuminate/Foundation/Bootstrap/{closure}(2, 'file_put_conten...', 'C://Users//USUARI...', 204)
#2 C:/Users/USUARIO/Downloads/laravelProgramacion3/holalaravel-main/vendor/laravel/framework/src/Illuminate/Filesystem/Filesystem.php(204): file_put_contents('C://Users//USUARI...', 'a:3:{s:6:\"_toke...', 2)
#3 C:/Users/USUARIO/Downloads/laravelProgramacion3/holalaravel-main/vendor/laravel/framework/src/Illuminate/Session/FileSessionHandler.php(89): Illuminate/Filesystem/Filesystem->put('C://Users//USUARI...', 'a:3:{s:6:\"_toke...', true)
#4 C:/Users/USUARIO/Downloads/laravelProgramacion3/holalaravel-main/vendor/laravel/framework/src/Illuminate/Session/Store.php(187): Illuminate/Session/FileSessionHandler->write('1kgRxv0XkjFQOIB...', 'a:3:{s:6:\"_toke...')
#5 C:/Users/USUARIO/Downloads/laravelProgramacion3/holalaravel-main/vendor/laravel/framework/src/Illuminate/Session/Middleware/StartSession.php(248): Illuminate/Session/Store->save()
#6 C:/Users/USUARIO/Downloads/laravelProgramacion3/holalaravel-main/vendor/laravel/framework/src/Illuminate/Session/Middleware/StartSession.php(129): Illuminate/Session/Middleware/StartSession->saveSession(Object(Illuminate/Http/Request))
#7 C:/Users/USUARIO/Downloads/laravelProgramacion3/holalaravel-main/vendor/laravel/framework/src/Illuminate/Session/Middleware/StartSession.php(63): Illuminate/Session/Middleware/StartSession->handleStatefulRequest(Object(Illuminate/Http/Request), Object(Illuminate/Session/Store), Object(Closure))
#8 C:/Users/USUARIO/Downloads/laravelProgramacion3/holalaravel-main/vendor/laravel/framework/src/Illuminate/Pipeline/Pipeline.php(219): Illuminate/Session/Middleware/StartSession->handle(Object(Illuminate/Http/Request), Object(Closure))
#9 C:/Users/USUARIO/Downloads/laravelProgramacion3/holalaravel-main/vendor/laravel/framework/src/Illuminate/Cookie/Middleware/AddQueuedCookiesToResponse.php(36): Illuminate/Pipeline/Pipeline->Illuminate/Pipeline/{closure}(Object(Illuminate/Http/Request))
#10 C:/Users/USUARIO/Downloads/laravelProgramacion3/holalaravel-main/vendor/laravel/framework/src/Illuminate/Pipeline/Pipeline.php(219): Illuminate/Cookie/Middleware/AddQueuedCookiesToResponse->handle(Object(Illuminate/Http/Request), Object(Closure))
#11 C:/Users/USUARIO/Downloads/laravelProgramacion3/holalaravel-main/vendor/laravel/framework/src/Illuminate/Cookie/Middleware/EncryptCookies.php(74): Illuminate/Pipeline/Pipeline->Illuminate/Pipeline/{closure}(Object(Illuminate/Http/Request))
#12 C:/Users/USUARIO/Downloads/laravelProgramacion3/holalaravel-main/vendor/laravel/framework/src/Illuminate/Pipeline/Pipeline.php(219): Illuminate/Cookie/Middleware/EncryptCookies->handle(Object(Illuminate/Http/Request), Object(Closure))
#13 C:/Users/USUARIO/Downloads/laravelProgramacion3/holalaravel-main/vendor/laravel/framework/src/Illuminate/Pipeline/Pipeline.php(137): Illuminate/Pipeline/Pipeline->Illuminate/Pipeline/{closure}(Object(Illuminate/Http/Request))
#14 C:/Users/USUARIO/Downloads/laravelProgramacion3/holalaravel-main/vendor/laravel/framework/src/Illuminate/Routing/Router.php(821): Illuminate/Pipeline/Pipeline->then(Object(Closure))
#15 C:/Users/USUARIO/Downloads/laravelProgramacion3/holalaravel-main/vendor/laravel/framework/src/Illuminate/Routing/Router.php(800): Illuminate/Routing/Router->runRouteWithinStack(Object(Illuminate/Routing/Route), Object(Illuminate/Http/Request))
#16 C:/Users/USUARIO/Downloads/laravelProgramacion3/holalaravel-main/vendor/laravel/framework/src/Illuminate/Routing/Router.php(764): Illuminate/Routing/Router->runRoute(Object(Illuminate/Http/Request), Object(Illuminate/Routing/Route))
#17 C:/Users/USUARIO/Downloads/laravelProgramacion3/holalaravel-main/vendor/laravel/framework/src/Illuminate/Routing/Router.php(753): Illuminate/Routing/Router->dispatchToRoute(Object(Illuminate/Http/Request))
#18 C:/Users/USUARIO/Downloads/laravelProgramacion3/holalaravel-main/vendor/laravel/framework/src/Illuminate/Foundation/Http/Kernel.php(200): Illuminate/Routing/Router->dispatch(Object(Illuminate/Http/Request))
#19 C:/Users/USUARIO/Downloads/laravelProgramacion3/holalaravel-main/vendor/laravel/framework/src/Illuminate/Pipeline/Pipeline.php(180): Illuminate/Foundation/Http/Kernel->Illuminate/Foundation/Http/{closure}(Object(Illuminate/Http/Request))
#20 C:/Users/USUARIO/Downloads/laravelProgramacion3/holalaravel-main/vendor/laravel/framework/src/Illuminate/Foundation/Http/Middleware/TransformsRequest.php(21): Illuminate/Pipeline/Pipeline->Illuminate/Pipeline/{closure}(Object(Illuminate/Http/Request))
#21 C:/Users/USUARIO/Downloads/laravelProgramacion3/holalaravel-main/vendor/laravel/framework/src/Illuminate/Foundation/Http/Middleware/ConvertEmptyStringsToNull.php(31): Illuminate/Foundation/Http/Middleware/TransformsRequest->handle(Object(Illuminate/Http/Request), Object(Closure))
#22 C:/Users/USUARIO/Downloads/laravelProgramacion3/holalaravel-main/vendor/laravel/framework/src/Illuminate/Pipeline/Pipeline.php(219): Illuminate/Foundation/Http/Middleware/ConvertEmptyStringsToNull->handle(Object(Illuminate/Http/Request), Object(Closure))
#23 C:/Users/USUARIO/Downloads/laravelProgramacion3/holalaravel-main/vendor/laravel/framework/src/Illuminate/Foundation/Http/Middleware/TransformsRequest.php(21): Illuminate/Pipeline/Pipeline->Illuminate/Pipeline/{closure}(Object(Illuminate/Http/Request))
#24 C:/Users/USUARIO/Downloads/laravelProgramacion3/holalaravel-main/vendor/laravel/framework/src/Illuminate/Foundation/Http/Middleware/TrimStrings.php(51): Illuminate/Foundation/Http/Middleware/TransformsRequest->handle(Object(Illuminate/Http/Request), Object(Closure))
#25 C:/Users/USUARIO/Downloads/laravelProgramacion3/holalaravel-main/vendor/laravel/framework/src/Illuminate/Pipeline/Pipeline.php(219): Illuminate/Foundation/Http/Middleware/TrimStrings->handle(Object(Illuminate/Http/Request), Object(Closure))
#26 C:/Users/USUARIO/Downloads/laravelProgramacion3/holalaravel-main/vendor/laravel/framework/src/Illuminate/Http/Middleware/ValidatePostSize.php(27): Illuminate/Pipeline/Pipeline->Illuminate/Pipeline/{closure}(Object(Illuminate/Http/Request))
#27 C:/Users/USUARIO/Downloads/laravelProgramacion3/holalaravel-main/vendor/laravel/framework/src/Illuminate/Pipeline/Pipeline.php(219): Illuminate/Http/Middleware/ValidatePostSize->handle(Object(Illuminate/Http/Request), Object(Closure))
#28 C:/Users/USUARIO/Downloads/laravelProgramacion3/holalaravel-main/vendor/laravel/framework/src/Illuminate/Foundation/Http/Middleware/PreventRequestsDuringMaintenance.php(109): Illuminate/Pipeline/Pipeline->Illuminate/Pipeline/{closure}(Object(Illuminate/Http/Request))
#29 C:/Users/USUARIO/Downloads/laravelProgramacion3/holalaravel-main/vendor/laravel/framework/src/Illuminate/Pipeline/Pipeline.php(219): Illuminate/Foundation/Http/Middleware/PreventRequestsDuringMaintenance->handle(Object(Illuminate/Http/Request), Object(Closure))
#30 C:/Users/USUARIO/Downloads/laravelProgramacion3/holalaravel-main/vendor/laravel/framework/src/Illuminate/Http/Middleware/HandleCors.php(61): Illuminate/Pipeline/Pipeline->Illuminate/Pipeline/{closure}(Object(Illuminate/Http/Request))
#31 C:/Users/USUARIO/Downloads/laravelProgramacion3/holalaravel-main/vendor/laravel/framework/src/Illuminate/Pipeline/Pipeline.php(219): Illuminate/Http/Middleware/HandleCors->handle(Object(Illuminate/Http/Request), Object(Closure))
#32 C:/Users/USUARIO/Downloads/laravelProgramacion3/holalaravel-main/vendor/laravel/framework/src/Illuminate/Http/Middleware/TrustProxies.php(58): Illuminate/Pipeline/Pipeline->Illuminate/Pipeline/{closure}(Object(Illuminate/Http/Request))
#33 C:/Users/USUARIO/Downloads/laravelProgramacion3/holalaravel-main/vendor/laravel/framework/src/Illuminate/Pipeline/Pipeline.php(219): Illuminate/Http/Middleware/TrustProxies->handle(Object(Illuminate/Http/Request), Object(Closure))
#34 C:/Users/USUARIO/Downloads/laravelProgramacion3/holalaravel-main/vendor/laravel/framework/src/Illuminate/Foundation/Http/Middleware/InvokeDeferredCallbacks.php(22): Illuminate/Pipeline/Pipeline->Illuminate/Pipeline/{closure}(Object(Illuminate/Http/Request))
#35 C:/Users/USUARIO/Downloads/laravelProgramacion3/holalaravel-main/vendor/laravel/framework/src/Illuminate/Pipeline/Pipeline.php(219): Illuminate/Foundation/Http/Middleware/InvokeDeferredCallbacks->handle(Object(Illuminate/Http/Request), Object(Closure))
#36 C:/Users/USUARIO/Downloads/laravelProgramacion3/holalaravel-main/vendor/laravel/framework/src/Illuminate/Http/Middleware/ValidatePathEncoding.php(26): Illuminate/Pipeline/Pipeline->Illuminate/Pipeline/{closure}(Object(Illuminate/Http/Request))
#37 C:/Users/USUARIO/Downloads/laravelProgramacion3/holalaravel-main/vendor/laravel/framework/src/Illuminate/Pipeline/Pipeline.php(219): Illuminate/Http/Middleware/ValidatePathEncoding->handle(Object(Illuminate/Http/Request), Object(Closure))
#38 C:/Users/USUARIO/Downloads/laravelProgramacion3/holalaravel-main/vendor/laravel/framework/src/Illuminate/Pipeline/Pipeline.php(137): Illuminate/Pipeline/Pipeline->Illuminate/Pipeline/{closure}(Object(Illuminate/Http/Request))
#39 C:/Users/USUARIO/Downloads/laravelProgramacion3/holalaravel-main/vendor/laravel/framework/src/Illuminate/Foundation/Http/Kernel.php(175): Illuminate/Pipeline/Pipeline->then(Object(Closure))
#40 C:/Users/USUARIO/Downloads/laravelProgramacion3/holalaravel-main/vendor/laravel/framework/src/Illuminate/Foundation/Http/Kernel.php(144): Illuminate/Foundation/Http/Kernel->sendRequestThroughRouter(Object(Illuminate/Http/Request))
#41 C:/Users/USUARIO/Downloads/laravelProgramacion3/holalaravel-main/vendor/laravel/framework/src/Illuminate/Foundation/Application.php(1220): Illuminate/Foundation/Http/Kernel->handle(Object(Illuminate/Http/Request))
#42 C:/Users/USUARIO/Downloads/laravelProgramacion3/holalaravel-main/public/index.php(20): Illuminate/Foundation/Application->handleRequest(Object(Illuminate/Http/Request))
#43 C:/Users/USUARIO/Downloads/laravelProgramacion3/holalaravel-main/vendor/laravel/framework/src/Illuminate/Foundation/resources/server.php(23): require_once('C://Users//USUARI...')
#44 {main}
"} 
[2026-04-11 19:34:30] local.ERROR: View path not found. {"exception":"[object] (RuntimeException(code: 0): View path not found. at C:/Users/USUARIO/Downloads/laravelProgramacion3/holalaravel-main/vendor/laravel/framework/src/Illuminate/Foundation/Console/ViewClearCommand.php:58)
[stacktrace]
#0 C:/Users/USUARIO/Downloads/laravelProgramacion3/holalaravel-main/vendor/laravel/framework/src/Illuminate/Container/BoundMethod.php(36): Illuminate/Foundation/Console/ViewClearCommand->handle()
#1 C:/Users/USUARIO/Downloads/laravelProgramacion3/holalaravel-main/vendor/laravel/framework/src/Illuminate/Container/Util.php(43): Illuminate/Container/BoundMethod::Illuminate/Container/{closure}()
#2 C:/Users/USUARIO/Downloads/laravelProgramacion3/holalaravel-main/vendor/laravel/framework/src/Illuminate/Container/BoundMethod.php(96): Illuminate/Container/Util::unwrapIfClosure(Object(Closure))
#3 C:/Users/USUARIO/Downloads/laravelProgramacion3/holalaravel-main/vendor/laravel/framework/src/Illuminate/Container/BoundMethod.php(35): Illuminate/Container/BoundMethod::callBoundMethod(Object(Illuminate/Foundation/Application), Array, Object(Closure))
#4 C:/Users/USUARIO/Downloads/laravelProgramacion3/holalaravel-main/vendor/laravel/framework/src/Illuminate/Container/Container.php(799): Illuminate/Container/BoundMethod::call(Object(Illuminate/Foundation/Application), Array, Array, NULL)
#5 C:/Users/USUARIO/Downloads/laravelProgramacion3/holalaravel-main/vendor/laravel/framework/src/Illuminate/Console/Command.php(211): Illuminate/Container/Container->call(Array)
#6 C:/Users/USUARIO/Downloads/laravelProgramacion3/holalaravel-main/vendor/symfony/console/Command/Command.php(341): Illuminate/Console/Command->execute(Object(Symfony/Component/Console/Input/ArgvInput), Object(Illuminate/Console/OutputStyle))
#7 C:/Users/USUARIO/Downloads/laravelProgramacion3/holalaravel-main/vendor/laravel/framework/src/Illuminate/Console/Command.php(180): Symfony/Component/Console/Command/Command->run(Object(Symfony/Component/Console/Input/ArgvInput), Object(Illuminate/Console/OutputStyle))
#8 C:/Users/USUARIO/Downloads/laravelProgramacion3/holalaravel-main/vendor/symfony/console/Application.php(1117): Illuminate/Console/Command->run(Object(Symfony/Component/Console/Input/ArgvInput), Object(Symfony/Component/Console/Output/ConsoleOutput))
#9 C:/Users/USUARIO/Downloads/laravelProgramacion3/holalaravel-main/vendor/symfony/console/Application.php(356): Symfony/Component/Console/Application->doRunCommand(Object(Illuminate/Foundation/Console/ViewClearCommand), Object(Symfony/Component/Console/Input/ArgvInput), Object(Symfony/Component/Console/Output/ConsoleOutput))
#10 C:/Users/USUARIO/Downloads/laravelProgramacion3/holalaravel-main/vendor/symfony/console/Application.php(195): Symfony/Component/Console/Application->doRun(Object(Symfony/Component/Console/Input/ArgvInput), Object(Symfony/Component/Console/Output/ConsoleOutput))
#11 C:/Users/USUARIO/Downloads/laravelProgramacion3/holalaravel-main/vendor/laravel/framework/src/Illuminate/Foundation/Console/Kernel.php(198): Symfony/Component/Console/Application->run(Object(Symfony/Component/Console/Input/ArgvInput), Object(Symfony/Component/Console/Output/ConsoleOutput))
#12 C:/Users/USUARIO/Downloads/laravelProgramacion3/holalaravel-main/vendor/laravel/framework/src/Illuminate/Foundation/Application.php(1235): Illuminate/Foundation/Console/Kernel->handle(Object(Symfony/Component/Console/Input/ArgvInput), Object(Symfony/Component/Console/Output/ConsoleOutput))
#13 C:/Users/USUARIO/Downloads/laravelProgramacion3/holalaravel-main/artisan(16): Illuminate/Foundation/Application->handleCommand(Object(Symfony/Component/Console/Input/ArgvInput))
#14 {main}
"} 
[2026-04-11 19:34:30] local.ERROR: SQLSTATE[HY000] [1049] Unknown database 'nombre_de_tu_bd' (Connection: mysql, Host: 127.0.0.1, Port: 3306, Database: nombre_de_tu_bd, SQL: delete from `cache`) {"exception":"[object] (Illuminate\\Database\\QueryException(code: 1049): SQLSTATE[HY000] [1049] Unknown database 'nombre_de_tu_bd' (Connection: mysql, Host: 127.0.0.1, Port: 3306, Database: nombre_de_tu_bd, SQL: delete from `cache`) at C:/Users/USUARIO/Downloads/laravelProgramacion3/holalaravel-main/vendor/laravel/framework/src/Illuminate/Database/Connection.php:838)
[stacktrace]
#0 C:/Users/USUARIO/Downloads/laravelProgramacion3/holalaravel-main/vendor/laravel/framework/src/Illuminate/Database/Connection.php(794): Illuminate/Database/Connection->runQueryCallback('delete from `ca...', Array, Object(Closure))
#1 C:/Users/USUARIO/Downloads/laravelProgramacion3/holalaravel-main/vendor/laravel/framework/src/Illuminate/Database/Connection.php(597): Illuminate/Database/Connection->run('delete from `ca...', Array, Object(Closure))
#2 C:/Users/USUARIO/Downloads/laravelProgramacion3/holalaravel-main/vendor/laravel/framework/src/Illuminate/Database/Connection.php(561): Illuminate/Database/Connection->affectingStatement('delete from `ca...', Array)
#3 C:/Users/USUARIO/Downloads/laravelProgramacion3/holalaravel-main/vendor/laravel/framework/src/Illuminate/Database/Query/Builder.php(4426): Illuminate/Database/Connection->delete('delete from `ca...', Array)
#4 C:/Users/USUARIO/Downloads/laravelProgramacion3/holalaravel-main/vendor/laravel/framework/src/Illuminate/Cache/DatabaseStore.php(433): Illuminate/Database/Query/Builder->delete()
#5 C:/Users/USUARIO/Downloads/laravelProgramacion3/holalaravel-main/vendor/laravel/framework/src/Illuminate/Cache/Repository.php(979): Illuminate/Cache/DatabaseStore->flush()
#6 C:/Users/USUARIO/Downloads/laravelProgramacion3/holalaravel-main/vendor/laravel/framework/src/Illuminate/Cache/Console/ClearCommand.php(68): Illuminate/Cache/Repository->__call('flush', Array)
#7 C:/Users/USUARIO/Downloads/laravelProgramacion3/holalaravel-main/vendor/laravel/framework/src/Illuminate/Container/BoundMethod.php(36): Illuminate/Cache/Console/ClearCommand->handle()
#8 C:/Users/USUARIO/Downloads/laravelProgramacion3/holalaravel-main/vendor/laravel/framework/src/Illuminate/Container/Util.php(43): Illuminate/Container/BoundMethod::Illuminate/Container/{closure}()
#9 C:/Users/USUARIO/Downloads/laravelProgramacion3/holalaravel-main/vendor/laravel/framework/src/Illuminate/Container/BoundMethod.php(96): Illuminate/Container/Util::unwrapIfClosure(Object(Closure))
#10 C:/Users/USUARIO/Downloads/laravelProgramacion3/holalaravel-main/vendor/laravel/framework/src/Illuminate/Container/BoundMethod.php(35): Illuminate/Container/BoundMethod::callBoundMethod(Object(Illuminate/Foundation/Application), Array, Object(Closure))
#11 C:/Users/USUARIO/Downloads/laravelProgramacion3/holalaravel-main/vendor/laravel/framework/src/Illuminate/Container/Container.php(799): Illuminate/Container/BoundMethod::call(Object(Illuminate/Foundation/Application), Array, Array, NULL)
#12 C:/Users/USUARIO/Downloads/laravelProgramacion3/holalaravel-main/vendor/laravel/framework/src/Illuminate/Console/Command.php(211): Illuminate/Container/Container->call(Array)
#13 C:/Users/USUARIO/Downloads/laravelProgramacion3/holalaravel-main/vendor/symfony/console/Command/Command.php(341): Illuminate/Console/Command->execute(Object(Symfony/Component/Console/Input/ArgvInput), Object(Illuminate/Console/OutputStyle))
#14 C:/Users/USUARIO/Downloads/laravelProgramacion3/holalaravel-main/vendor/laravel/framework/src/Illuminate/Console/Command.php(180): Symfony/Component/Console/Command/Command->run(Object(Symfony/Component/Console/Input/ArgvInput), Object(Illuminate/Console/OutputStyle))
#15 C:/Users/USUARIO/Downloads/laravelProgramacion3/holalaravel-main/vendor/symfony/console/Application.php(1117): Illuminate/Console/Command->run(Object(Symfony/Component/Console/Input/ArgvInput), Object(Symfony/Component/Console/Output/ConsoleOutput))
#16 C:/Users/USUARIO/Downloads/laravelProgramacion3/holalaravel-main/vendor/symfony/console/Application.php(356): Symfony/Component/Console/Application->doRunCommand(Object(Illuminate/Cache/Console/ClearCommand), Object(Symfony/Component/Console/Input/ArgvInput), Object(Symfony/Component/Console/Output/ConsoleOutput))
#17 C:/Users/USUARIO/Downloads/laravelProgramacion3/holalaravel-main/vendor/symfony/console/Application.php(195): Symfony/Component/Console/Application->doRun(Object(Symfony/Component/Console/Input/ArgvInput), Object(Symfony/Component/Console/Output/ConsoleOutput))
#18 C:/Users/USUARIO/Downloads/laravelProgramacion3/holalaravel-main/vendor/laravel/framework/src/Illuminate/Foundation/Console/Kernel.php(198): Symfony/Component/Console/Application->run(Object(Symfony/Component/Console/Input/ArgvInput), Object(Symfony/Component/Console/Output/ConsoleOutput))
#19 C:/Users/USUARIO/Downloads/laravelProgramacion3/holalaravel-main/vendor/laravel/framework/src/Illuminate/Foundation/Application.php(1235): Illuminate/Foundation/Console/Kernel->handle(Object(Symfony/Component/Console/Input/ArgvInput), Object(Symfony/Component/Console/Output/ConsoleOutput))
#20 C:/Users/USUARIO/Downloads/laravelProgramacion3/holalaravel-main/artisan(16): Illuminate/Foundation/Application->handleCommand(Object(Symfony/Component/Console/Input/ArgvInput))
#21 {main}

[previous exception] [object] (PDOException(code: 1049): SQLSTATE[HY000] [1049] Unknown database 'nombre_de_tu_bd' at C:/Users/USUARIO/Downloads/laravelProgramacion3/holalaravel-main/vendor/laravel/framework/src/Illuminate/Database/Connectors/Connector.php:66)
[stacktrace]
#0 C:/Users/USUARIO/Downloads/laravelProgramacion3/holalaravel-main/vendor/laravel/framework/src/Illuminate/Database/Connectors/Connector.php(66): PDO->__construct('mysql:host=127....', 'root', Object(SensitiveParameterValue), Array)
#1 C:/Users/USUARIO/Downloads/laravelProgramacion3/holalaravel-main/vendor/laravel/framework/src/Illuminate/Database/Connectors/Connector.php(44): Illuminate/Database/Connectors/Connector->createPdoConnection('mysql:host=127....', 'root', Object(SensitiveParameterValue), Array)
#2 C:/Users/USUARIO/Downloads/laravelProgramacion3/holalaravel-main/vendor/laravel/framework/src/Illuminate/Database/Connectors/MySqlConnector.php(24): Illuminate/Database/Connectors/Connector->createConnection('mysql:host=127....', Array, Array)
#3 C:/Users/USUARIO/Downloads/laravelProgramacion3/holalaravel-main/vendor/laravel/framework/src/Illuminate/Database/Connectors/ConnectionFactory.php(186): Illuminate/Database/Connectors/MySqlConnector->connect(Array)
#4 [internal function]: Illuminate/Database/Connectors/ConnectionFactory->Illuminate/Database/Connectors/{closure}()
#5 C:/Users/USUARIO/Downloads/laravelProgramacion3/holalaravel-main/vendor/laravel/framework/src/Illuminate/Database/Connection.php(1257): call_user_func(Object(Closure))
#6 C:/Users/USUARIO/Downloads/laravelProgramacion3/holalaravel-main/vendor/laravel/framework/src/Illuminate/Database/Connection.php(605): Illuminate/Database/Connection->getPdo()
#7 C:/Users/USUARIO/Downloads/laravelProgramacion3/holalaravel-main/vendor/laravel/framework/src/Illuminate/Database/Connection.php(827): Illuminate/Database/Connection->Illuminate/Database/{closure}('delete from `ca...', Array)
#8 C:/Users/USUARIO/Downloads/laravelProgramacion3/holalaravel-main/vendor/laravel/framework/src/Illuminate/Database/Connection.php(794): Illuminate/Database/Connection->runQueryCallback('delete from `ca...', Array, Object(Closure))
#9 C:/Users/USUARIO/Downloads/laravelProgramacion3/holalaravel-main/vendor/laravel/framework/src/Illuminate/Database/Connection.php(597): Illuminate/Database/Connection->run('delete from `ca...', Array, Object(Closure))
#10 C:/Users/USUARIO/Downloads/laravelProgramacion3/holalaravel-main/vendor/laravel/framework/src/Illuminate/Database/Connection.php(561): Illuminate/Database/Connection->affectingStatement('delete from `ca...', Array)
#11 C:/Users/USUARIO/Downloads/laravelProgramacion3/holalaravel-main/vendor/laravel/framework/src/Illuminate/Database/Query/Builder.php(4426): Illuminate/Database/Connection->delete('delete from `ca...', Array)
#12 C:/Users/USUARIO/Downloads/laravelProgramacion3/holalaravel-main/vendor/laravel/framework/src/Illuminate/Cache/DatabaseStore.php(433): Illuminate/Database/Query/Builder->delete()
#13 C:/Users/USUARIO/Downloads/laravelProgramacion3/holalaravel-main/vendor/laravel/framework/src/Illuminate/Cache/Repository.php(979): Illuminate/Cache/DatabaseStore->flush()
#14 C:/Users/USUARIO/Downloads/laravelProgramacion3/holalaravel-main/vendor/laravel/framework/src/Illuminate/Cache/Console/ClearCommand.php(68): Illuminate/Cache/Repository->__call('flush', Array)
#15 C:/Users/USUARIO/Downloads/laravelProgramacion3/holalaravel-main/vendor/laravel/framework/src/Illuminate/Container/BoundMethod.php(36): Illuminate/Cache/Console/ClearCommand->handle()
#16 C:/Users/USUARIO/Downloads/laravelProgramacion3/holalaravel-main/vendor/laravel/framework/src/Illuminate/Container/Util.php(43): Illuminate/Container/BoundMethod::Illuminate/Container/{closure}()
#17 C:/Users/USUARIO/Downloads/laravelProgramacion3/holalaravel-main/vendor/laravel/framework/src/Illuminate/Container/BoundMethod.php(96): Illuminate/Container/Util::unwrapIfClosure(Object(Closure))
#18 C:/Users/USUARIO/Downloads/laravelProgramacion3/holalaravel-main/vendor/laravel/framework/src/Illuminate/Container/BoundMethod.php(35): Illuminate/Container/BoundMethod::callBoundMethod(Object(Illuminate/Foundation/Application), Array, Object(Closure))
#19 C:/Users/USUARIO/Downloads/laravelProgramacion3/holalaravel-main/vendor/laravel/framework/src/Illuminate/Container/Container.php(799): Illuminate/Container/BoundMethod::call(Object(Illuminate/Foundation/Application), Array, Array, NULL)
#20 C:/Users/USUARIO/Downloads/laravelProgramacion3/holalaravel-main/vendor/laravel/framework/src/Illuminate/Console/Command.php(211): Illuminate/Container/Container->call(Array)
#21 C:/Users/USUARIO/Downloads/laravelProgramacion3/holalaravel-main/vendor/symfony/console/Command/Command.php(341): Illuminate/Console/Command->execute(Object(Symfony/Component/Console/Input/ArgvInput), Object(Illuminate/Console/OutputStyle))
#22 C:/Users/USUARIO/Downloads/laravelProgramacion3/holalaravel-main/vendor/laravel/framework/src/Illuminate/Console/Command.php(180): Symfony/Component/Console/Command/Command->run(Object(Symfony/Component/Console/Input/ArgvInput), Object(Illuminate/Console/OutputStyle))
#23 C:/Users/USUARIO/Downloads/laravelProgramacion3/holalaravel-main/vendor/symfony/console/Application.php(1117): Illuminate/Console/Command->run(Object(Symfony/Component/Console/Input/ArgvInput), Object(Symfony/Component/Console/Output/ConsoleOutput))
#24 C:/Users/USUARIO/Downloads/laravelProgramacion3/holalaravel-main/vendor/symfony/console/Application.php(356): Symfony/Component/Console/Application->doRunCommand(Object(Illuminate/Cache/Console/ClearCommand), Object(Symfony/Component/Console/Input/ArgvInput), Object(Symfony/Component/Console/Output/ConsoleOutput))
#25 C:/Users/USUARIO/Downloads/laravelProgramacion3/holalaravel-main/vendor/symfony/console/Application.php(195): Symfony/Component/Console/Application->doRun(Object(Symfony/Component/Console/Input/ArgvInput), Object(Symfony/Component/Console/Output/ConsoleOutput))
#26 C:/Users/USUARIO/Downloads/laravelProgramacion3/holalaravel-main/vendor/laravel/framework/src/Illuminate/Foundation/Console/Kernel.php(198): Symfony/Component/Console/Application->run(Object(Symfony/Component/Console/Input/ArgvInput), Object(Symfony/Component/Console/Output/ConsoleOutput))
#27 C:/Users/USUARIO/Downloads/laravelProgramacion3/holalaravel-main/vendor/laravel/framework/src/Illuminate/Foundation/Application.php(1235): Illuminate/Foundation/Console/Kernel->handle(Object(Symfony/Component/Console/Input/ArgvInput), Object(Symfony/Component/Console/Output/ConsoleOutput))
#28 C:/Users/USUARIO/Downloads/laravelProgramacion3/holalaravel-main/artisan(16): Illuminate/Foundation/Application->handleCommand(Object(Symfony/Component/Console/Input/ArgvInput))
#29 {main}
"} 
[2026-04-11 19:36:21] local.ERROR: View path not found. {"exception":"[object] (RuntimeException(code: 0): View path not found. at C:/Users/USUARIO/Downloads/laravelProgramacion3/holalaravel-main/vendor/laravel/framework/src/Illuminate/Foundation/Console/ViewClearCommand.php:58)
[stacktrace]
#0 C:/Users/USUARIO/Downloads/laravelProgramacion3/holalaravel-main/vendor/laravel/framework/src/Illuminate/Container/BoundMethod.php(36): Illuminate/Foundation/Console/ViewClearCommand->handle()
#1 C:/Users/USUARIO/Downloads/laravelProgramacion3/holalaravel-main/vendor/laravel/framework/src/Illuminate/Container/Util.php(43): Illuminate/Container/BoundMethod::Illuminate/Container/{closure}()
#2 C:/Users/USUARIO/Downloads/laravelProgramacion3/holalaravel-main/vendor/laravel/framework/src/Illuminate/Container/BoundMethod.php(96): Illuminate/Container/Util::unwrapIfClosure(Object(Closure))
#3 C:/Users/USUARIO/Downloads/laravelProgramacion3/holalaravel-main/vendor/laravel/framework/src/Illuminate/Container/BoundMethod.php(35): Illuminate/Container/BoundMethod::callBoundMethod(Object(Illuminate/Foundation/Application), Array, Object(Closure))
#4 C:/Users/USUARIO/Downloads/laravelProgramacion3/holalaravel-main/vendor/laravel/framework/src/Illuminate/Container/Container.php(799): Illuminate/Container/BoundMethod::call(Object(Illuminate/Foundation/Application), Array, Array, NULL)
#5 C:/Users/USUARIO/Downloads/laravelProgramacion3/holalaravel-main/vendor/laravel/framework/src/Illuminate/Console/Command.php(211): Illuminate/Container/Container->call(Array)
#6 C:/Users/USUARIO/Downloads/laravelProgramacion3/holalaravel-main/vendor/symfony/console/Command/Command.php(341): Illuminate/Console/Command->execute(Object(Symfony/Component/Console/Input/ArgvInput), Object(Illuminate/Console/OutputStyle))
#7 C:/Users/USUARIO/Downloads/laravelProgramacion3/holalaravel-main/vendor/laravel/framework/src/Illuminate/Console/Command.php(180): Symfony/Component/Console/Command/Command->run(Object(Symfony/Component/Console/Input/ArgvInput), Object(Illuminate/Console/OutputStyle))
#8 C:/Users/USUARIO/Downloads/laravelProgramacion3/holalaravel-main/vendor/symfony/console/Application.php(1117): Illuminate/Console/Command->run(Object(Symfony/Component/Console/Input/ArgvInput), Object(Symfony/Component/Console/Output/ConsoleOutput))
#9 C:/Users/USUARIO/Downloads/laravelProgramacion3/holalaravel-main/vendor/symfony/console/Application.php(356): Symfony/Component/Console/Application->doRunCommand(Object(Illuminate/Foundation/Console/ViewClearCommand), Object(Symfony/Component/Console/Input/ArgvInput), Object(Symfony/Component/Console/Output/ConsoleOutput))
#10 C:/Users/USUARIO/Downloads/laravelProgramacion3/holalaravel-main/vendor/symfony/console/Application.php(195): Symfony/Component/Console/Application->doRun(Object(Symfony/Component/Console/Input/ArgvInput), Object(Symfony/Component/Console/Output/ConsoleOutput))
#11 C:/Users/USUARIO/Downloads/laravelProgramacion3/holalaravel-main/vendor/laravel/framework/src/Illuminate/Foundation/Console/Kernel.php(198): Symfony/Component/Console/Application->run(Object(Symfony/Component/Console/Input/ArgvInput), Object(Symfony/Component/Console/Output/ConsoleOutput))
#12 C:/Users/USUARIO/Downloads/laravelProgramacion3/holalaravel-main/vendor/laravel/framework/src/Illuminate/Foundation/Application.php(1235): Illuminate/Foundation/Console/Kernel->handle(Object(Symfony/Component/Console/Input/ArgvInput), Object(Symfony/Component/Console/Output/ConsoleOutput))
#13 C:/Users/USUARIO/Downloads/laravelProgramacion3/holalaravel-main/artisan(16): Illuminate/Foundation/Application->handleCommand(Object(Symfony/Component/Console/Input/ArgvInput))
#14 {main}
"} 
[2026-04-11 19:36:21] local.ERROR: SQLSTATE[HY000] [1049] Unknown database 'holalaravel' (Connection: mysql, Host: 127.0.0.1, Port: 3306, Database: holalaravel, SQL: delete from `cache`) {"exception":"[object] (Illuminate\\Database\\QueryException(code: 1049): SQLSTATE[HY000] [1049] Unknown database 'holalaravel' (Connection: mysql, Host: 127.0.0.1, Port: 3306, Database: holalaravel, SQL: delete from `cache`) at C:/Users/USUARIO/Downloads/laravelProgramacion3/holalaravel-main/vendor/laravel/framework/src/Illuminate/Database/Connection.php:838)
[stacktrace]
#0 C:/Users/USUARIO/Downloads/laravelProgramacion3/holalaravel-main/vendor/laravel/framework/src/Illuminate/Database/Connection.php(794): Illuminate/Database/Connection->runQueryCallback('delete from `ca...', Array, Object(Closure))
#1 C:/Users/USUARIO/Downloads/laravelProgramacion3/holalaravel-main/vendor/laravel/framework/src/Illuminate/Database/Connection.php(597): Illuminate/Database/Connection->run('delete from `ca...', Array, Object(Closure))
#2 C:/Users/USUARIO/Downloads/laravelProgramacion3/holalaravel-main/vendor/laravel/framework/src/Illuminate/Database/Connection.php(561): Illuminate/Database/Connection->affectingStatement('delete from `ca...', Array)
#3 C:/Users/USUARIO/Downloads/laravelProgramacion3/holalaravel-main/vendor/laravel/framework/src/Illuminate/Database/Query/Builder.php(4426): Illuminate/Database/Connection->delete('delete from `ca...', Array)
#4 C:/Users/USUARIO/Downloads/laravelProgramacion3/holalaravel-main/vendor/laravel/framework/src/Illuminate/Cache/DatabaseStore.php(433): Illuminate/Database/Query/Builder->delete()
#5 C:/Users/USUARIO/Downloads/laravelProgramacion3/holalaravel-main/vendor/laravel/framework/src/Illuminate/Cache/Repository.php(979): Illuminate/Cache/DatabaseStore->flush()
#6 C:/Users/USUARIO/Downloads/laravelProgramacion3/holalaravel-main/vendor/laravel/framework/src/Illuminate/Cache/Console/ClearCommand.php(68): Illuminate/Cache/Repository->__call('flush', Array)
#7 C:/Users/USUARIO/Downloads/laravelProgramacion3/holalaravel-main/vendor/laravel/framework/src/Illuminate/Container/BoundMethod.php(36): Illuminate/Cache/Console/ClearCommand->handle()
#8 C:/Users/USUARIO/Downloads/laravelProgramacion3/holalaravel-main/vendor/laravel/framework/src/Illuminate/Container/Util.php(43): Illuminate/Container/BoundMethod::Illuminate/Container/{closure}()
#9 C:/Users/USUARIO/Downloads/laravelProgramacion3/holalaravel-main/vendor/laravel/framework/src/Illuminate/Container/BoundMethod.php(96): Illuminate/Container/Util::unwrapIfClosure(Object(Closure))
#10 C:/Users/USUARIO/Downloads/laravelProgramacion3/holalaravel-main/vendor/laravel/framework/src/Illuminate/Container/BoundMethod.php(35): Illuminate/Container/BoundMethod::callBoundMethod(Object(Illuminate/Foundation/Application), Array, Object(Closure))
#11 C:/Users/USUARIO/Downloads/laravelProgramacion3/holalaravel-main/vendor/laravel/framework/src/Illuminate/Container/Container.php(799): Illuminate/Container/BoundMethod::call(Object(Illuminate/Foundation/Application), Array, Array, NULL)
#12 C:/Users/USUARIO/Downloads/laravelProgramacion3/holalaravel-main/vendor/laravel/framework/src/Illuminate/Console/Command.php(211): Illuminate/Container/Container->call(Array)
#13 C:/Users/USUARIO/Downloads/laravelProgramacion3/holalaravel-main/vendor/symfony/console/Command/Command.php(341): Illuminate/Console/Command->execute(Object(Symfony/Component/Console/Input/ArgvInput), Object(Illuminate/Console/OutputStyle))
#14 C:/Users/USUARIO/Downloads/laravelProgramacion3/holalaravel-main/vendor/laravel/framework/src/Illuminate/Console/Command.php(180): Symfony/Component/Console/Command/Command->run(Object(Symfony/Component/Console/Input/ArgvInput), Object(Illuminate/Console/OutputStyle))
#15 C:/Users/USUARIO/Downloads/laravelProgramacion3/holalaravel-main/vendor/symfony/console/Application.php(1117): Illuminate/Console/Command->run(Object(Symfony/Component/Console/Input/ArgvInput), Object(Symfony/Component/Console/Output/ConsoleOutput))
#16 C:/Users/USUARIO/Downloads/laravelProgramacion3/holalaravel-main/vendor/symfony/console/Application.php(356): Symfony/Component/Console/Application->doRunCommand(Object(Illuminate/Cache/Console/ClearCommand), Object(Symfony/Component/Console/Input/ArgvInput), Object(Symfony/Component/Console/Output/ConsoleOutput))
#17 C:/Users/USUARIO/Downloads/laravelProgramacion3/holalaravel-main/vendor/symfony/console/Application.php(195): Symfony/Component/Console/Application->doRun(Object(Symfony/Component/Console/Input/ArgvInput), Object(Symfony/Component/Console/Output/ConsoleOutput))
#18 C:/Users/USUARIO/Downloads/laravelProgramacion3/holalaravel-main/vendor/laravel/framework/src/Illuminate/Foundation/Console/Kernel.php(198): Symfony/Component/Console/Application->run(Object(Symfony/Component/Console/Input/ArgvInput), Object(Symfony/Component/Console/Output/ConsoleOutput))
#19 C:/Users/USUARIO/Downloads/laravelProgramacion3/holalaravel-main/vendor/laravel/framework/src/Illuminate/Foundation/Application.php(1235): Illuminate/Foundation/Console/Kernel->handle(Object(Symfony/Component/Console/Input/ArgvInput), Object(Symfony/Component/Console/Output/ConsoleOutput))
#20 C:/Users/USUARIO/Downloads/laravelProgramacion3/holalaravel-main/artisan(16): Illuminate/Foundation/Application->handleCommand(Object(Symfony/Component/Console/Input/ArgvInput))
#21 {main}

[previous exception] [object] (PDOException(code: 1049): SQLSTATE[HY000] [1049] Unknown database 'holalaravel' at C:/Users/USUARIO/Downloads/laravelProgramacion3/holalaravel-main/vendor/laravel/framework/src/Illuminate/Database/Connectors/Connector.php:66)
[stacktrace]
#0 C:/Users/USUARIO/Downloads/laravelProgramacion3/holalaravel-main/vendor/laravel/framework/src/Illuminate/Database/Connectors/Connector.php(66): PDO->__construct('mysql:host=127....', 'root', Object(SensitiveParameterValue), Array)
#1 C:/Users/USUARIO/Downloads/laravelProgramacion3/holalaravel-main/vendor/laravel/framework/src/Illuminate/Database/Connectors/Connector.php(44): Illuminate/Database/Connectors/Connector->createPdoConnection('mysql:host=127....', 'root', Object(SensitiveParameterValue), Array)
#2 C:/Users/USUARIO/Downloads/laravelProgramacion3/holalaravel-main/vendor/laravel/framework/src/Illuminate/Database/Connectors/MySqlConnector.php(24): Illuminate/Database/Connectors/Connector->createConnection('mysql:host=127....', Array, Array)
#3 C:/Users/USUARIO/Downloads/laravelProgramacion3/holalaravel-main/vendor/laravel/framework/src/Illuminate/Database/Connectors/ConnectionFactory.php(186): Illuminate/Database/Connectors/MySqlConnector->connect(Array)
#4 [internal function]: Illuminate/Database/Connectors/ConnectionFactory->Illuminate/Database/Connectors/{closure}()
#5 C:/Users/USUARIO/Downloads/laravelProgramacion3/holalaravel-main/vendor/laravel/framework/src/Illuminate/Database/Connection.php(1257): call_user_func(Object(Closure))
#6 C:/Users/USUARIO/Downloads/laravelProgramacion3/holalaravel-main/vendor/laravel/framework/src/Illuminate/Database/Connection.php(605): Illuminate/Database/Connection->getPdo()
#7 C:/Users/USUARIO/Downloads/laravelProgramacion3/holalaravel-main/vendor/laravel/framework/src/Illuminate/Database/Connection.php(827): Illuminate/Database/Connection->Illuminate/Database/{closure}('delete from `ca...', Array)
#8 C:/Users/USUARIO/Downloads/laravelProgramacion3/holalaravel-main/vendor/laravel/framework/src/Illuminate/Database/Connection.php(794): Illuminate/Database/Connection->runQueryCallback('delete from `ca...', Array, Object(Closure))
#9 C:/Users/USUARIO/Downloads/laravelProgramacion3/holalaravel-main/vendor/laravel/framework/src/Illuminate/Database/Connection.php(597): Illuminate/Database/Connection->run('delete from `ca...', Array, Object(Closure))
#10 C:/Users/USUARIO/Downloads/laravelProgramacion3/holalaravel-main/vendor/laravel/framework/src/Illuminate/Database/Connection.php(561): Illuminate/Database/Connection->affectingStatement('delete from `ca...', Array)
#11 C:/Users/USUARIO/Downloads/laravelProgramacion3/holalaravel-main/vendor/laravel/framework/src/Illuminate/Database/Query/Builder.php(4426): Illuminate/Database/Connection->delete('delete from `ca...', Array)
#12 C:/Users/USUARIO/Downloads/laravelProgramacion3/holalaravel-main/vendor/laravel/framework/src/Illuminate/Cache/DatabaseStore.php(433): Illuminate/Database/Query/Builder->delete()
#13 C:/Users/USUARIO/Downloads/laravelProgramacion3/holalaravel-main/vendor/laravel/framework/src/Illuminate/Cache/Repository.php(979): Illuminate/Cache/DatabaseStore->flush()
#14 C:/Users/USUARIO/Downloads/laravelProgramacion3/holalaravel-main/vendor/laravel/framework/src/Illuminate/Cache/Console/ClearCommand.php(68): Illuminate/Cache/Repository->__call('flush', Array)
#15 C:/Users/USUARIO/Downloads/laravelProgramacion3/holalaravel-main/vendor/laravel/framework/src/Illuminate/Container/BoundMethod.php(36): Illuminate/Cache/Console/ClearCommand->handle()
#16 C:/Users/USUARIO/Downloads/laravelProgramacion3/holalaravel-main/vendor/laravel/framework/src/Illuminate/Container/Util.php(43): Illuminate/Container/BoundMethod::Illuminate/Container/{closure}()
#17 C:/Users/USUARIO/Downloads/laravelProgramacion3/holalaravel-main/vendor/laravel/framework/src/Illuminate/Container/BoundMethod.php(96): Illuminate/Container/Util::unwrapIfClosure(Object(Closure))
#18 C:/Users/USUARIO/Downloads/laravelProgramacion3/holalaravel-main/vendor/laravel/framework/src/Illuminate/Container/BoundMethod.php(35): Illuminate/Container/BoundMethod::callBoundMethod(Object(Illuminate/Foundation/Application), Array, Object(Closure))
#19 C:/Users/USUARIO/Downloads/laravelProgramacion3/holalaravel-main/vendor/laravel/framework/src/Illuminate/Container/Container.php(799): Illuminate/Container/BoundMethod::call(Object(Illuminate/Foundation/Application), Array, Array, NULL)
#20 C:/Users/USUARIO/Downloads/laravelProgramacion3/holalaravel-main/vendor/laravel/framework/src/Illuminate/Console/Command.php(211): Illuminate/Container/Container->call(Array)
#21 C:/Users/USUARIO/Downloads/laravelProgramacion3/holalaravel-main/vendor/symfony/console/Command/Command.php(341): Illuminate/Console/Command->execute(Object(Symfony/Component/Console/Input/ArgvInput), Object(Illuminate/Console/OutputStyle))
#22 C:/Users/USUARIO/Downloads/laravelProgramacion3/holalaravel-main/vendor/laravel/framework/src/Illuminate/Console/Command.php(180): Symfony/Component/Console/Command/Command->run(Object(Symfony/Component/Console/Input/ArgvInput), Object(Illuminate/Console/OutputStyle))
#23 C:/Users/USUARIO/Downloads/laravelProgramacion3/holalaravel-main/vendor/symfony/console/Application.php(1117): Illuminate/Console/Command->run(Object(Symfony/Component/Console/Input/ArgvInput), Object(Symfony/Component/Console/Output/ConsoleOutput))
#24 C:/Users/USUARIO/Downloads/laravelProgramacion3/holalaravel-main/vendor/symfony/console/Application.php(356): Symfony/Component/Console/Application->doRunCommand(Object(Illuminate/Cache/Console/ClearCommand), Object(Symfony/Component/Console/Input/ArgvInput), Object(Symfony/Component/Console/Output/ConsoleOutput))
#25 C:/Users/USUARIO/Downloads/laravelProgramacion3/holalaravel-main/vendor/symfony/console/Application.php(195): Symfony/Component/Console/Application->doRun(Object(Symfony/Component/Console/Input/ArgvInput), Object(Symfony/Component/Console/Output/ConsoleOutput))
#26 C:/Users/USUARIO/Downloads/laravelProgramacion3/holalaravel-main/vendor/laravel/framework/src/Illuminate/Foundation/Console/Kernel.php(198): Symfony/Component/Console/Application->run(Object(Symfony/Component/Console/Input/ArgvInput), Object(Symfony/Component/Console/Output/ConsoleOutput))
#27 C:/Users/USUARIO/Downloads/laravelProgramacion3/holalaravel-main/vendor/laravel/framework/src/Illuminate/Foundation/Application.php(1235): Illuminate/Foundation/Console/Kernel->handle(Object(Symfony/Component/Console/Input/ArgvInput), Object(Symfony/Component/Console/Output/ConsoleOutput))
#28 C:/Users/USUARIO/Downloads/laravelProgramacion3/holalaravel-main/artisan(16): Illuminate/Foundation/Application->handleCommand(Object(Symfony/Component/Console/Input/ArgvInput))
#29 {main}
"} 
[2026-04-11 19:37:55] local.ERROR: Please provide a valid cache path. {"exception":"[object] (InvalidArgumentException(code: 0): Please provide a valid cache path. at C:/Users/USUARIO/Downloads/laravelProgramacion3/holalaravel-main/vendor/laravel/framework/src/Illuminate/View/Compilers/Compiler.php:75)
[stacktrace]
#0 C:/Users/USUARIO/Downloads/laravelProgramacion3/holalaravel-main/vendor/laravel/framework/src/Illuminate/View/ViewServiceProvider.php(97): Illuminate/View/Compilers/Compiler->__construct(Object(Illuminate/Filesystem/Filesystem), false, '', true, 'php', true)
#1 C:/Users/USUARIO/Downloads/laravelProgramacion3/holalaravel-main/vendor/laravel/framework/src/Illuminate/Container/Container.php(1115): Illuminate/View/ViewServiceProvider->Illuminate/View/{closure}(Object(Illuminate/Foundation/Application), Array)
#2 C:/Users/USUARIO/Downloads/laravelProgramacion3/holalaravel-main/vendor/laravel/framework/src/Illuminate/Container/Container.php(933): Illuminate/Container/Container->build(Object(Closure))
#3 C:/Users/USUARIO/Downloads/laravelProgramacion3/holalaravel-main/vendor/laravel/framework/src/Illuminate/Foundation/Application.php(1078): Illuminate/Container/Container->resolve('blade.compiler', Array, true)
#4 C:/Users/USUARIO/Downloads/laravelProgramacion3/holalaravel-main/vendor/laravel/framework/src/Illuminate/Container/Container.php(864): Illuminate/Foundation/Application->resolve('blade.compiler', Array)
#5 C:/Users/USUARIO/Downloads/laravelProgramacion3/holalaravel-main/vendor/laravel/framework/src/Illuminate/Foundation/Application.php(1058): Illuminate/Container/Container->make('blade.compiler', Array)
#6 C:/Users/USUARIO/Downloads/laravelProgramacion3/holalaravel-main/vendor/laravel/framework/src/Illuminate/View/ViewServiceProvider.php(169): Illuminate/Foundation/Application->make('blade.compiler')
#7 [internal function]: Illuminate/View/ViewServiceProvider->Illuminate/View/{closure}()
#8 C:/Users/USUARIO/Downloads/laravelProgramacion3/holalaravel-main/vendor/laravel/framework/src/Illuminate/View/Engines/EngineResolver.php(55): call_user_func(Object(Closure))
#9 C:/Users/USUARIO/Downloads/laravelProgramacion3/holalaravel-main/vendor/laravel/framework/src/Illuminate/View/Factory.php(325): Illuminate/View/Engines/EngineResolver->resolve('blade')
#10 C:/Users/USUARIO/Downloads/laravelProgramacion3/holalaravel-main/vendor/laravel/framework/src/Illuminate/View/Factory.php(287): Illuminate/View/Factory->getEngineFromPath('C://Users//USUARI...')
#11 C:/Users/USUARIO/Downloads/laravelProgramacion3/holalaravel-main/vendor/laravel/framework/src/Illuminate/View/Factory.php(159): Illuminate/View/Factory->viewInstance('welcome', 'C://Users//USUARI...', Array)
#12 C:/Users/USUARIO/Downloads/laravelProgramacion3/holalaravel-main/vendor/laravel/framework/src/Illuminate/Foundation/helpers.php(1100): Illuminate/View/Factory->make('welcome', Array, Array)
#13 C:/Users/USUARIO/Downloads/laravelProgramacion3/holalaravel-main/routes/web.php(8): view('welcome')
#14 C:/Users/USUARIO/Downloads/laravelProgramacion3/holalaravel-main/vendor/laravel/framework/src/Illuminate/Routing/CallableDispatcher.php(39): Illuminate/Routing/RouteFileRegistrar->{closure}()
#15 C:/Users/USUARIO/Downloads/laravelProgramacion3/holalaravel-main/vendor/laravel/framework/src/Illuminate/Routing/Route.php(243): Illuminate/Routing/CallableDispatcher->dispatch(Object(Illuminate/Routing/Route), Object(Closure))
#16 C:/Users/USUARIO/Downloads/laravelProgramacion3/holalaravel-main/vendor/laravel/framework/src/Illuminate/Routing/Route.php(214): Illuminate/Routing/Route->runCallable()
#17 C:/Users/USUARIO/Downloads/laravelProgramacion3/holalaravel-main/vendor/laravel/framework/src/Illuminate/Routing/Router.php(822): Illuminate/Routing/Route->run()
#18 C:/Users/USUARIO/Downloads/laravelProgramacion3/holalaravel-main/vendor/laravel/framework/src/Illuminate/Pipeline/Pipeline.php(180): Illuminate/Routing/Router->Illuminate/Routing/{closure}(Object(Illuminate/Http/Request))
#19 C:/Users/USUARIO/Downloads/laravelProgramacion3/holalaravel-main/vendor/laravel/framework/src/Illuminate/Routing/Middleware/SubstituteBindings.php(50): Illuminate/Pipeline/Pipeline->Illuminate/Pipeline/{closure}(Object(Illuminate/Http/Request))
#20 C:/Users/USUARIO/Downloads/laravelProgramacion3/holalaravel-main/vendor/laravel/framework/src/Illuminate/Pipeline/Pipeline.php(219): Illuminate/Routing/Middleware/SubstituteBindings->handle(Object(Illuminate/Http/Request), Object(Closure))
#21 C:/Users/USUARIO/Downloads/laravelProgramacion3/holalaravel-main/vendor/laravel/framework/src/Illuminate/Foundation/Http/Middleware/VerifyCsrfToken.php(87): Illuminate/Pipeline/Pipeline->Illuminate/Pipeline/{closure}(Object(Illuminate/Http/Request))
#22 C:/Users/USUARIO/Downloads/laravelProgramacion3/holalaravel-main/vendor/laravel/framework/src/Illuminate/Pipeline/Pipeline.php(219): Illuminate/Foundation/Http/Middleware/VerifyCsrfToken->handle(Object(Illuminate/Http/Request), Object(Closure))
#23 C:/Users/USUARIO/Downloads/laravelProgramacion3/holalaravel-main/vendor/laravel/framework/src/Illuminate/View/Middleware/ShareErrorsFromSession.php(48): Illuminate/Pipeline/Pipeline->Illuminate/Pipeline/{closure}(Object(Illuminate/Http/Request))
#24 C:/Users/USUARIO/Downloads/laravelProgramacion3/holalaravel-main/vendor/laravel/framework/src/Illuminate/Pipeline/Pipeline.php(219): Illuminate/View/Middleware/ShareErrorsFromSession->handle(Object(Illuminate/Http/Request), Object(Closure))
#25 C:/Users/USUARIO/Downloads/laravelProgramacion3/holalaravel-main/vendor/laravel/framework/src/Illuminate/Session/Middleware/StartSession.php(120): Illuminate/Pipeline/Pipeline->Illuminate/Pipeline/{closure}(Object(Illuminate/Http/Request))
#26 C:/Users/USUARIO/Downloads/laravelProgramacion3/holalaravel-main/vendor/laravel/framework/src/Illuminate/Session/Middleware/StartSession.php(63): Illuminate/Session/Middleware/StartSession->handleStatefulRequest(Object(Illuminate/Http/Request), Object(Illuminate/Session/Store), Object(Closure))
#27 C:/Users/USUARIO/Downloads/laravelProgramacion3/holalaravel-main/vendor/laravel/framework/src/Illuminate/Pipeline/Pipeline.php(219): Illuminate/Session/Middleware/StartSession->handle(Object(Illuminate/Http/Request), Object(Closure))
#28 C:/Users/USUARIO/Downloads/laravelProgramacion3/holalaravel-main/vendor/laravel/framework/src/Illuminate/Cookie/Middleware/AddQueuedCookiesToResponse.php(36): Illuminate/Pipeline/Pipeline->Illuminate/Pipeline/{closure}(Object(Illuminate/Http/Request))
#29 C:/Users/USUARIO/Downloads/laravelProgramacion3/holalaravel-main/vendor/laravel/framework/src/Illuminate/Pipeline/Pipeline.php(219): Illuminate/Cookie/Middleware/AddQueuedCookiesToResponse->handle(Object(Illuminate/Http/Request), Object(Closure))
#30 C:/Users/USUARIO/Downloads/laravelProgramacion3/holalaravel-main/vendor/laravel/framework/src/Illuminate/Cookie/Middleware/EncryptCookies.php(74): Illuminate/Pipeline/Pipeline->Illuminate/Pipeline/{closure}(Object(Illuminate/Http/Request))
#31 C:/Users/USUARIO/Downloads/laravelProgramacion3/holalaravel-main/vendor/laravel/framework/src/Illuminate/Pipeline/Pipeline.php(219): Illuminate/Cookie/Middleware/EncryptCookies->handle(Object(Illuminate/Http/Request), Object(Closure))
#32 C:/Users/USUARIO/Downloads/laravelProgramacion3/holalaravel-main/vendor/laravel/framework/src/Illuminate/Pipeline/Pipeline.php(137): Illuminate/Pipeline/Pipeline->Illuminate/Pipeline/{closure}(Object(Illuminate/Http/Request))
#33 C:/Users/USUARIO/Downloads/laravelProgramacion3/holalaravel-main/vendor/laravel/framework/src/Illuminate/Routing/Router.php(821): Illuminate/Pipeline/Pipeline->then(Object(Closure))
#34 C:/Users/USUARIO/Downloads/laravelProgramacion3/holalaravel-main/vendor/laravel/framework/src/Illuminate/Routing/Router.php(800): Illuminate/Routing/Router->runRouteWithinStack(Object(Illuminate/Routing/Route), Object(Illuminate/Http/Request))
#35 C:/Users/USUARIO/Downloads/laravelProgramacion3/holalaravel-main/vendor/laravel/framework/src/Illuminate/Routing/Router.php(764): Illuminate/Routing/Router->runRoute(Object(Illuminate/Http/Request), Object(Illuminate/Routing/Route))
#36 C:/Users/USUARIO/Downloads/laravelProgramacion3/holalaravel-main/vendor/laravel/framework/src/Illuminate/Routing/Router.php(753): Illuminate/Routing/Router->dispatchToRoute(Object(Illuminate/Http/Request))
#37 C:/Users/USUARIO/Downloads/laravelProgramacion3/holalaravel-main/vendor/laravel/framework/src/Illuminate/Foundation/Http/Kernel.php(200): Illuminate/Routing/Router->dispatch(Object(Illuminate/Http/Request))
#38 C:/Users/USUARIO/Downloads/laravelProgramacion3/holalaravel-main/vendor/laravel/framework/src/Illuminate/Pipeline/Pipeline.php(180): Illuminate/Foundation/Http/Kernel->Illuminate/Foundation/Http/{closure}(Object(Illuminate/Http/Request))
#39 C:/Users/USUARIO/Downloads/laravelProgramacion3/holalaravel-main/vendor/laravel/framework/src/Illuminate/Foundation/Http/Middleware/TransformsRequest.php(21): Illuminate/Pipeline/Pipeline->Illuminate/Pipeline/{closure}(Object(Illuminate/Http/Request))
#40 C:/Users/USUARIO/Downloads/laravelProgramacion3/holalaravel-main/vendor/laravel/framework/src/Illuminate/Foundation/Http/Middleware/ConvertEmptyStringsToNull.php(31): Illuminate/Foundation/Http/Middleware/TransformsRequest->handle(Object(Illuminate/Http/Request), Object(Closure))
#41 C:/Users/USUARIO/Downloads/laravelProgramacion3/holalaravel-main/vendor/laravel/framework/src/Illuminate/Pipeline/Pipeline.php(219): Illuminate/Foundation/Http/Middleware/ConvertEmptyStringsToNull->handle(Object(Illuminate/Http/Request), Object(Closure))
#42 C:/Users/USUARIO/Downloads/laravelProgramacion3/holalaravel-main/vendor/laravel/framework/src/Illuminate/Foundation/Http/Middleware/TransformsRequest.php(21): Illuminate/Pipeline/Pipeline->Illuminate/Pipeline/{closure}(Object(Illuminate/Http/Request))
#43 C:/Users/USUARIO/Downloads/laravelProgramacion3/holalaravel-main/vendor/laravel/framework/src/Illuminate/Foundation/Http/Middleware/TrimStrings.php(51): Illuminate/Foundation/Http/Middleware/TransformsRequest->handle(Object(Illuminate/Http/Request), Object(Closure))
#44 C:/Users/USUARIO/Downloads/laravelProgramacion3/holalaravel-main/vendor/laravel/framework/src/Illuminate/Pipeline/Pipeline.php(219): Illuminate/Foundation/Http/Middleware/TrimStrings->handle(Object(Illuminate/Http/Request), Object(Closure))
#45 C:/Users/USUARIO/Downloads/laravelProgramacion3/holalaravel-main/vendor/laravel/framework/src/Illuminate/Http/Middleware/ValidatePostSize.php(27): Illuminate/Pipeline/Pipeline->Illuminate/Pipeline/{closure}(Object(Illuminate/Http/Request))
#46 C:/Users/USUARIO/Downloads/laravelProgramacion3/holalaravel-main/vendor/laravel/framework/src/Illuminate/Pipeline/Pipeline.php(219): Illuminate/Http/Middleware/ValidatePostSize->handle(Object(Illuminate/Http/Request), Object(Closure))
#47 C:/Users/USUARIO/Downloads/laravelProgramacion3/holalaravel-main/vendor/laravel/framework/src/Illuminate/Foundation/Http/Middleware/PreventRequestsDuringMaintenance.php(109): Illuminate/Pipeline/Pipeline->Illuminate/Pipeline/{closure}(Object(Illuminate/Http/Request))
#48 C:/Users/USUARIO/Downloads/laravelProgramacion3/holalaravel-main/vendor/laravel/framework/src/Illuminate/Pipeline/Pipeline.php(219): Illuminate/Foundation/Http/Middleware/PreventRequestsDuringMaintenance->handle(Object(Illuminate/Http/Request), Object(Closure))
#49 C:/Users/USUARIO/Downloads/laravelProgramacion3/holalaravel-main/vendor/laravel/framework/src/Illuminate/Http/Middleware/HandleCors.php(61): Illuminate/Pipeline/Pipeline->Illuminate/Pipeline/{closure}(Object(Illuminate/Http/Request))
#50 C:/Users/USUARIO/Downloads/laravelProgramacion3/holalaravel-main/vendor/laravel/framework/src/Illuminate/Pipeline/Pipeline.php(219): Illuminate/Http/Middleware/HandleCors->handle(Object(Illuminate/Http/Request), Object(Closure))
#51 C:/Users/USUARIO/Downloads/laravelProgramacion3/holalaravel-main/vendor/laravel/framework/src/Illuminate/Http/Middleware/TrustProxies.php(58): Illuminate/Pipeline/Pipeline->Illuminate/Pipeline/{closure}(Object(Illuminate/Http/Request))
#52 C:/Users/USUARIO/Downloads/laravelProgramacion3/holalaravel-main/vendor/laravel/framework/src/Illuminate/Pipeline/Pipeline.php(219): Illuminate/Http/Middleware/TrustProxies->handle(Object(Illuminate/Http/Request), Object(Closure))
#53 C:/Users/USUARIO/Downloads/laravelProgramacion3/holalaravel-main/vendor/laravel/framework/src/Illuminate/Foundation/Http/Middleware/InvokeDeferredCallbacks.php(22): Illuminate/Pipeline/Pipeline->Illuminate/Pipeline/{closure}(Object(Illuminate/Http/Request))
#54 C:/Users/USUARIO/Downloads/laravelProgramacion3/holalaravel-main/vendor/laravel/framework/src/Illuminate/Pipeline/Pipeline.php(219): Illuminate/Foundation/Http/Middleware/InvokeDeferredCallbacks->handle(Object(Illuminate/Http/Request), Object(Closure))
#55 C:/Users/USUARIO/Downloads/laravelProgramacion3/holalaravel-main/vendor/laravel/framework/src/Illuminate/Http/Middleware/ValidatePathEncoding.php(26): Illuminate/Pipeline/Pipeline->Illuminate/Pipeline/{closure}(Object(Illuminate/Http/Request))
#56 C:/Users/USUARIO/Downloads/laravelProgramacion3/holalaravel-main/vendor/laravel/framework/src/Illuminate/Pipeline/Pipeline.php(219): Illuminate/Http/Middleware/ValidatePathEncoding->handle(Object(Illuminate/Http/Request), Object(Closure))
#57 C:/Users/USUARIO/Downloads/laravelProgramacion3/holalaravel-main/vendor/laravel/framework/src/Illuminate/Pipeline/Pipeline.php(137): Illuminate/Pipeline/Pipeline->Illuminate/Pipeline/{closure}(Object(Illuminate/Http/Request))
#58 C:/Users/USUARIO/Downloads/laravelProgramacion3/holalaravel-main/vendor/laravel/framework/src/Illuminate/Foundation/Http/Kernel.php(175): Illuminate/Pipeline/Pipeline->then(Object(Closure))
#59 C:/Users/USUARIO/Downloads/laravelProgramacion3/holalaravel-main/vendor/laravel/framework/src/Illuminate/Foundation/Http/Kernel.php(144): Illuminate/Foundation/Http/Kernel->sendRequestThroughRouter(Object(Illuminate/Http/Request))
#60 C:/Users/USUARIO/Downloads/laravelProgramacion3/holalaravel-main/vendor/laravel/framework/src/Illuminate/Foundation/Application.php(1220): Illuminate/Foundation/Http/Kernel->handle(Object(Illuminate/Http/Request))
#61 C:/Users/USUARIO/Downloads/laravelProgramacion3/holalaravel-main/public/index.php(20): Illuminate/Foundation/Application->handleRequest(Object(Illuminate/Http/Request))
#62 C:/Users/USUARIO/Downloads/laravelProgramacion3/holalaravel-main/vendor/laravel/framework/src/Illuminate/Foundation/resources/server.php(23): require_once('C://Users//USUARI...')
#63 {main}
"} 
[2026-04-11 19:37:56] local.ERROR: file_put_contents(C:\Users\USUARIO\Downloads\laravelProgramacion3\holalaravel-main\storage\framework/sessions/asWn042v044cezCzVb75Dd18HHsVyYgcVmd0AVbN): Failed to open stream: No such file or directory {"exception":"[object] (ErrorException(code: 0): file_put_contents(C:\\Users\\USUARIO\\Downloads\\laravelProgramacion3\\holalaravel-main\\storage\\framework/sessions/asWn042v044cezCzVb75Dd18HHsVyYgcVmd0AVbN): Failed to open stream: No such file or directory at C:/Users/USUARIO/Downloads/laravelProgramacion3/holalaravel-main/vendor/laravel/framework/src/Illuminate/Filesystem/Filesystem.php:204)
[stacktrace]
#0 C:/Users/USUARIO/Downloads/laravelProgramacion3/holalaravel-main/vendor/laravel/framework/src/Illuminate/Foundation/Bootstrap/HandleExceptions.php(258): Illuminate/Foundation/Bootstrap/HandleExceptions->handleError(2, 'file_put_conten...', 'C://Users//USUARI...', 204)
#1 [internal function]: Illuminate/Foundation/Bootstrap/HandleExceptions->Illuminate/Foundation/Bootstrap/{closure}(2, 'file_put_conten...', 'C://Users//USUARI...', 204)
#2 C:/Users/USUARIO/Downloads/laravelProgramacion3/holalaravel-main/vendor/laravel/framework/src/Illuminate/Filesystem/Filesystem.php(204): file_put_contents('C://Users//USUARI...', 'a:3:{s:6:\"_toke...', 2)
#3 C:/Users/USUARIO/Downloads/laravelProgramacion3/holalaravel-main/vendor/laravel/framework/src/Illuminate/Session/FileSessionHandler.php(89): Illuminate/Filesystem/Filesystem->put('C://Users//USUARI...', 'a:3:{s:6:\"_toke...', true)
#4 C:/Users/USUARIO/Downloads/laravelProgramacion3/holalaravel-main/vendor/laravel/framework/src/Illuminate/Session/Store.php(187): Illuminate/Session/FileSessionHandler->write('asWn042v044cezC...', 'a:3:{s:6:\"_toke...')
#5 C:/Users/USUARIO/Downloads/laravelProgramacion3/holalaravel-main/vendor/laravel/framework/src/Illuminate/Session/Middleware/StartSession.php(248): Illuminate/Session/Store->save()
#6 C:/Users/USUARIO/Downloads/laravelProgramacion3/holalaravel-main/vendor/laravel/framework/src/Illuminate/Session/Middleware/StartSession.php(129): Illuminate/Session/Middleware/StartSession->saveSession(Object(Illuminate/Http/Request))
#7 C:/Users/USUARIO/Downloads/laravelProgramacion3/holalaravel-main/vendor/laravel/framework/src/Illuminate/Session/Middleware/StartSession.php(63): Illuminate/Session/Middleware/StartSession->handleStatefulRequest(Object(Illuminate/Http/Request), Object(Illuminate/Session/Store), Object(Closure))
#8 C:/Users/USUARIO/Downloads/laravelProgramacion3/holalaravel-main/vendor/laravel/framework/src/Illuminate/Pipeline/Pipeline.php(219): Illuminate/Session/Middleware/StartSession->handle(Object(Illuminate/Http/Request), Object(Closure))
#9 C:/Users/USUARIO/Downloads/laravelProgramacion3/holalaravel-main/vendor/laravel/framework/src/Illuminate/Cookie/Middleware/AddQueuedCookiesToResponse.php(36): Illuminate/Pipeline/Pipeline->Illuminate/Pipeline/{closure}(Object(Illuminate/Http/Request))
#10 C:/Users/USUARIO/Downloads/laravelProgramacion3/holalaravel-main/vendor/laravel/framework/src/Illuminate/Pipeline/Pipeline.php(219): Illuminate/Cookie/Middleware/AddQueuedCookiesToResponse->handle(Object(Illuminate/Http/Request), Object(Closure))
#11 C:/Users/USUARIO/Downloads/laravelProgramacion3/holalaravel-main/vendor/laravel/framework/src/Illuminate/Cookie/Middleware/EncryptCookies.php(74): Illuminate/Pipeline/Pipeline->Illuminate/Pipeline/{closure}(Object(Illuminate/Http/Request))
#12 C:/Users/USUARIO/Downloads/laravelProgramacion3/holalaravel-main/vendor/laravel/framework/src/Illuminate/Pipeline/Pipeline.php(219): Illuminate/Cookie/Middleware/EncryptCookies->handle(Object(Illuminate/Http/Request), Object(Closure))
#13 C:/Users/USUARIO/Downloads/laravelProgramacion3/holalaravel-main/vendor/laravel/framework/src/Illuminate/Pipeline/Pipeline.php(137): Illuminate/Pipeline/Pipeline->Illuminate/Pipeline/{closure}(Object(Illuminate/Http/Request))
#14 C:/Users/USUARIO/Downloads/laravelProgramacion3/holalaravel-main/vendor/laravel/framework/src/Illuminate/Routing/Router.php(821): Illuminate/Pipeline/Pipeline->then(Object(Closure))
#15 C:/Users/USUARIO/Downloads/laravelProgramacion3/holalaravel-main/vendor/laravel/framework/src/Illuminate/Routing/Router.php(800): Illuminate/Routing/Router->runRouteWithinStack(Object(Illuminate/Routing/Route), Object(Illuminate/Http/Request))
#16 C:/Users/USUARIO/Downloads/laravelProgramacion3/holalaravel-main/vendor/laravel/framework/src/Illuminate/Routing/Router.php(764): Illuminate/Routing/Router->runRoute(Object(Illuminate/Http/Request), Object(Illuminate/Routing/Route))
#17 C:/Users/USUARIO/Downloads/laravelProgramacion3/holalaravel-main/vendor/laravel/framework/src/Illuminate/Routing/Router.php(753): Illuminate/Routing/Router->dispatchToRoute(Object(Illuminate/Http/Request))
#18 C:/Users/USUARIO/Downloads/laravelProgramacion3/holalaravel-main/vendor/laravel/framework/src/Illuminate/Foundation/Http/Kernel.php(200): Illuminate/Routing/Router->dispatch(Object(Illuminate/Http/Request))
#19 C:/Users/USUARIO/Downloads/laravelProgramacion3/holalaravel-main/vendor/laravel/framework/src/Illuminate/Pipeline/Pipeline.php(180): Illuminate/Foundation/Http/Kernel->Illuminate/Foundation/Http/{closure}(Object(Illuminate/Http/Request))
#20 C:/Users/USUARIO/Downloads/laravelProgramacion3/holalaravel-main/vendor/laravel/framework/src/Illuminate/Foundation/Http/Middleware/TransformsRequest.php(21): Illuminate/Pipeline/Pipeline->Illuminate/Pipeline/{closure}(Object(Illuminate/Http/Request))
#21 C:/Users/USUARIO/Downloads/laravelProgramacion3/holalaravel-main/vendor/laravel/framework/src/Illuminate/Foundation/Http/Middleware/ConvertEmptyStringsToNull.php(31): Illuminate/Foundation/Http/Middleware/TransformsRequest->handle(Object(Illuminate/Http/Request), Object(Closure))
#22 C:/Users/USUARIO/Downloads/laravelProgramacion3/holalaravel-main/vendor/laravel/framework/src/Illuminate/Pipeline/Pipeline.php(219): Illuminate/Foundation/Http/Middleware/ConvertEmptyStringsToNull->handle(Object(Illuminate/Http/Request), Object(Closure))
#23 C:/Users/USUARIO/Downloads/laravelProgramacion3/holalaravel-main/vendor/laravel/framework/src/Illuminate/Foundation/Http/Middleware/TransformsRequest.php(21): Illuminate/Pipeline/Pipeline->Illuminate/Pipeline/{closure}(Object(Illuminate/Http/Request))
#24 C:/Users/USUARIO/Downloads/laravelProgramacion3/holalaravel-main/vendor/laravel/framework/src/Illuminate/Foundation/Http/Middleware/TrimStrings.php(51): Illuminate/Foundation/Http/Middleware/TransformsRequest->handle(Object(Illuminate/Http/Request), Object(Closure))
#25 C:/Users/USUARIO/Downloads/laravelProgramacion3/holalaravel-main/vendor/laravel/framework/src/Illuminate/Pipeline/Pipeline.php(219): Illuminate/Foundation/Http/Middleware/TrimStrings->handle(Object(Illuminate/Http/Request), Object(Closure))
#26 C:/Users/USUARIO/Downloads/laravelProgramacion3/holalaravel-main/vendor/laravel/framework/src/Illuminate/Http/Middleware/ValidatePostSize.php(27): Illuminate/Pipeline/Pipeline->Illuminate/Pipeline/{closure}(Object(Illuminate/Http/Request))
#27 C:/Users/USUARIO/Downloads/laravelProgramacion3/holalaravel-main/vendor/laravel/framework/src/Illuminate/Pipeline/Pipeline.php(219): Illuminate/Http/Middleware/ValidatePostSize->handle(Object(Illuminate/Http/Request), Object(Closure))
#28 C:/Users/USUARIO/Downloads/laravelProgramacion3/holalaravel-main/vendor/laravel/framework/src/Illuminate/Foundation/Http/Middleware/PreventRequestsDuringMaintenance.php(109): Illuminate/Pipeline/Pipeline->Illuminate/Pipeline/{closure}(Object(Illuminate/Http/Request))
#29 C:/Users/USUARIO/Downloads/laravelProgramacion3/holalaravel-main/vendor/laravel/framework/src/Illuminate/Pipeline/Pipeline.php(219): Illuminate/Foundation/Http/Middleware/PreventRequestsDuringMaintenance->handle(Object(Illuminate/Http/Request), Object(Closure))
#30 C:/Users/USUARIO/Downloads/laravelProgramacion3/holalaravel-main/vendor/laravel/framework/src/Illuminate/Http/Middleware/HandleCors.php(61): Illuminate/Pipeline/Pipeline->Illuminate/Pipeline/{closure}(Object(Illuminate/Http/Request))
#31 C:/Users/USUARIO/Downloads/laravelProgramacion3/holalaravel-main/vendor/laravel/framework/src/Illuminate/Pipeline/Pipeline.php(219): Illuminate/Http/Middleware/HandleCors->handle(Object(Illuminate/Http/Request), Object(Closure))
#32 C:/Users/USUARIO/Downloads/laravelProgramacion3/holalaravel-main/vendor/laravel/framework/src/Illuminate/Http/Middleware/TrustProxies.php(58): Illuminate/Pipeline/Pipeline->Illuminate/Pipeline/{closure}(Object(Illuminate/Http/Request))
#33 C:/Users/USUARIO/Downloads/laravelProgramacion3/holalaravel-main/vendor/laravel/framework/src/Illuminate/Pipeline/Pipeline.php(219): Illuminate/Http/Middleware/TrustProxies->handle(Object(Illuminate/Http/Request), Object(Closure))
#34 C:/Users/USUARIO/Downloads/laravelProgramacion3/holalaravel-main/vendor/laravel/framework/src/Illuminate/Foundation/Http/Middleware/InvokeDeferredCallbacks.php(22): Illuminate/Pipeline/Pipeline->Illuminate/Pipeline/{closure}(Object(Illuminate/Http/Request))
#35 C:/Users/USUARIO/Downloads/laravelProgramacion3/holalaravel-main/vendor/laravel/framework/src/Illuminate/Pipeline/Pipeline.php(219): Illuminate/Foundation/Http/Middleware/InvokeDeferredCallbacks->handle(Object(Illuminate/Http/Request), Object(Closure))
#36 C:/Users/USUARIO/Downloads/laravelProgramacion3/holalaravel-main/vendor/laravel/framework/src/Illuminate/Http/Middleware/ValidatePathEncoding.php(26): Illuminate/Pipeline/Pipeline->Illuminate/Pipeline/{closure}(Object(Illuminate/Http/Request))
#37 C:/Users/USUARIO/Downloads/laravelProgramacion3/holalaravel-main/vendor/laravel/framework/src/Illuminate/Pipeline/Pipeline.php(219): Illuminate/Http/Middleware/ValidatePathEncoding->handle(Object(Illuminate/Http/Request), Object(Closure))
#38 C:/Users/USUARIO/Downloads/laravelProgramacion3/holalaravel-main/vendor/laravel/framework/src/Illuminate/Pipeline/Pipeline.php(137): Illuminate/Pipeline/Pipeline->Illuminate/Pipeline/{closure}(Object(Illuminate/Http/Request))
#39 C:/Users/USUARIO/Downloads/laravelProgramacion3/holalaravel-main/vendor/laravel/framework/src/Illuminate/Foundation/Http/Kernel.php(175): Illuminate/Pipeline/Pipeline->then(Object(Closure))
#40 C:/Users/USUARIO/Downloads/laravelProgramacion3/holalaravel-main/vendor/laravel/framework/src/Illuminate/Foundation/Http/Kernel.php(144): Illuminate/Foundation/Http/Kernel->sendRequestThroughRouter(Object(Illuminate/Http/Request))
#41 C:/Users/USUARIO/Downloads/laravelProgramacion3/holalaravel-main/vendor/laravel/framework/src/Illuminate/Foundation/Application.php(1220): Illuminate/Foundation/Http/Kernel->handle(Object(Illuminate/Http/Request))
#42 C:/Users/USUARIO/Downloads/laravelProgramacion3/holalaravel-main/public/index.php(20): Illuminate/Foundation/Application->handleRequest(Object(Illuminate/Http/Request))
#43 C:/Users/USUARIO/Downloads/laravelProgramacion3/holalaravel-main/vendor/laravel/framework/src/Illuminate/Foundation/resources/server.php(23): require_once('C://Users//USUARI...')
#44 {main}
"} 
[2026-04-11 19:38:35] local.ERROR: Please provide a valid cache path. {"exception":"[object] (InvalidArgumentException(code: 0): Please provide a valid cache path. at C:/Users/USUARIO/Downloads/laravelProgramacion3/holalaravel-main/vendor/laravel/framework/src/Illuminate/View/Compilers/Compiler.php:75)
[stacktrace]
#0 C:/Users/USUARIO/Downloads/laravelProgramacion3/holalaravel-main/vendor/laravel/framework/src/Illuminate/View/ViewServiceProvider.php(97): Illuminate/View/Compilers/Compiler->__construct(Object(Illuminate/Filesystem/Filesystem), false, '', true, 'php', true)
#1 C:/Users/USUARIO/Downloads/laravelProgramacion3/holalaravel-main/vendor/laravel/framework/src/Illuminate/Container/Container.php(1115): Illuminate/View/ViewServiceProvider->Illuminate/View/{closure}(Object(Illuminate/Foundation/Application), Array)
#2 C:/Users/USUARIO/Downloads/laravelProgramacion3/holalaravel-main/vendor/laravel/framework/src/Illuminate/Container/Container.php(933): Illuminate/Container/Container->build(Object(Closure))
#3 C:/Users/USUARIO/Downloads/laravelProgramacion3/holalaravel-main/vendor/laravel/framework/src/Illuminate/Foundation/Application.php(1078): Illuminate/Container/Container->resolve('blade.compiler', Array, true)
#4 C:/Users/USUARIO/Downloads/laravelProgramacion3/holalaravel-main/vendor/laravel/framework/src/Illuminate/Container/Container.php(864): Illuminate/Foundation/Application->resolve('blade.compiler', Array)
#5 C:/Users/USUARIO/Downloads/laravelProgramacion3/holalaravel-main/vendor/laravel/framework/src/Illuminate/Foundation/Application.php(1058): Illuminate/Container/Container->make('blade.compiler', Array)
#6 C:/Users/USUARIO/Downloads/laravelProgramacion3/holalaravel-main/vendor/laravel/framework/src/Illuminate/View/ViewServiceProvider.php(169): Illuminate/Foundation/Application->make('blade.compiler')
#7 [internal function]: Illuminate/View/ViewServiceProvider->Illuminate/View/{closure}()
#8 C:/Users/USUARIO/Downloads/laravelProgramacion3/holalaravel-main/vendor/laravel/framework/src/Illuminate/View/Engines/EngineResolver.php(55): call_user_func(Object(Closure))
#9 C:/Users/USUARIO/Downloads/laravelProgramacion3/holalaravel-main/vendor/laravel/framework/src/Illuminate/View/Factory.php(325): Illuminate/View/Engines/EngineResolver->resolve('blade')
#10 C:/Users/USUARIO/Downloads/laravelProgramacion3/holalaravel-main/vendor/laravel/framework/src/Illuminate/View/Factory.php(287): Illuminate/View/Factory->getEngineFromPath('C://Users//USUARI...')
#11 C:/Users/USUARIO/Downloads/laravelProgramacion3/holalaravel-main/vendor/laravel/framework/src/Illuminate/View/Factory.php(159): Illuminate/View/Factory->viewInstance('welcome', 'C://Users//USUARI...', Array)
#12 C:/Users/USUARIO/Downloads/laravelProgramacion3/holalaravel-main/vendor/laravel/framework/src/Illuminate/Foundation/helpers.php(1100): Illuminate/View/Factory->make('welcome', Array, Array)
#13 C:/Users/USUARIO/Downloads/laravelProgramacion3/holalaravel-main/routes/web.php(8): view('welcome')
#14 C:/Users/USUARIO/Downloads/laravelProgramacion3/holalaravel-main/vendor/laravel/framework/src/Illuminate/Routing/CallableDispatcher.php(39): Illuminate/Routing/RouteFileRegistrar->{closure}()
#15 C:/Users/USUARIO/Downloads/laravelProgramacion3/holalaravel-main/vendor/laravel/framework/src/Illuminate/Routing/Route.php(243): Illuminate/Routing/CallableDispatcher->dispatch(Object(Illuminate/Routing/Route), Object(Closure))
#16 C:/Users/USUARIO/Downloads/laravelProgramacion3/holalaravel-main/vendor/laravel/framework/src/Illuminate/Routing/Route.php(214): Illuminate/Routing/Route->runCallable()
#17 C:/Users/USUARIO/Downloads/laravelProgramacion3/holalaravel-main/vendor/laravel/framework/src/Illuminate/Routing/Router.php(822): Illuminate/Routing/Route->run()
#18 C:/Users/USUARIO/Downloads/laravelProgramacion3/holalaravel-main/vendor/laravel/framework/src/Illuminate/Pipeline/Pipeline.php(180): Illuminate/Routing/Router->Illuminate/Routing/{closure}(Object(Illuminate/Http/Request))
#19 C:/Users/USUARIO/Downloads/laravelProgramacion3/holalaravel-main/vendor/laravel/framework/src/Illuminate/Routing/Middleware/SubstituteBindings.php(50): Illuminate/Pipeline/Pipeline->Illuminate/Pipeline/{closure}(Object(Illuminate/Http/Request))
#20 C:/Users/USUARIO/Downloads/laravelProgramacion3/holalaravel-main/vendor/laravel/framework/src/Illuminate/Pipeline/Pipeline.php(219): Illuminate/Routing/Middleware/SubstituteBindings->handle(Object(Illuminate/Http/Request), Object(Closure))
#21 C:/Users/USUARIO/Downloads/laravelProgramacion3/holalaravel-main/vendor/laravel/framework/src/Illuminate/Foundation/Http/Middleware/VerifyCsrfToken.php(87): Illuminate/Pipeline/Pipeline->Illuminate/Pipeline/{closure}(Object(Illuminate/Http/Request))
#22 C:/Users/USUARIO/Downloads/laravelProgramacion3/holalaravel-main/vendor/laravel/framework/src/Illuminate/Pipeline/Pipeline.php(219): Illuminate/Foundation/Http/Middleware/VerifyCsrfToken->handle(Object(Illuminate/Http/Request), Object(Closure))
#23 C:/Users/USUARIO/Downloads/laravelProgramacion3/holalaravel-main/vendor/laravel/framework/src/Illuminate/View/Middleware/ShareErrorsFromSession.php(48): Illuminate/Pipeline/Pipeline->Illuminate/Pipeline/{closure}(Object(Illuminate/Http/Request))
#24 C:/Users/USUARIO/Downloads/laravelProgramacion3/holalaravel-main/vendor/laravel/framework/src/Illuminate/Pipeline/Pipeline.php(219): Illuminate/View/Middleware/ShareErrorsFromSession->handle(Object(Illuminate/Http/Request), Object(Closure))
#25 C:/Users/USUARIO/Downloads/laravelProgramacion3/holalaravel-main/vendor/laravel/framework/src/Illuminate/Session/Middleware/StartSession.php(120): Illuminate/Pipeline/Pipeline->Illuminate/Pipeline/{closure}(Object(Illuminate/Http/Request))
#26 C:/Users/USUARIO/Downloads/laravelProgramacion3/holalaravel-main/vendor/laravel/framework/src/Illuminate/Session/Middleware/StartSession.php(63): Illuminate/Session/Middleware/StartSession->handleStatefulRequest(Object(Illuminate/Http/Request), Object(Illuminate/Session/Store), Object(Closure))
#27 C:/Users/USUARIO/Downloads/laravelProgramacion3/holalaravel-main/vendor/laravel/framework/src/Illuminate/Pipeline/Pipeline.php(219): Illuminate/Session/Middleware/StartSession->handle(Object(Illuminate/Http/Request), Object(Closure))
#28 C:/Users/USUARIO/Downloads/laravelProgramacion3/holalaravel-main/vendor/laravel/framework/src/Illuminate/Cookie/Middleware/AddQueuedCookiesToResponse.php(36): Illuminate/Pipeline/Pipeline->Illuminate/Pipeline/{closure}(Object(Illuminate/Http/Request))
#29 C:/Users/USUARIO/Downloads/laravelProgramacion3/holalaravel-main/vendor/laravel/framework/src/Illuminate/Pipeline/Pipeline.php(219): Illuminate/Cookie/Middleware/AddQueuedCookiesToResponse->handle(Object(Illuminate/Http/Request), Object(Closure))
#30 C:/Users/USUARIO/Downloads/laravelProgramacion3/holalaravel-main/vendor/laravel/framework/src/Illuminate/Cookie/Middleware/EncryptCookies.php(74): Illuminate/Pipeline/Pipeline->Illuminate/Pipeline/{closure}(Object(Illuminate/Http/Request))
#31 C:/Users/USUARIO/Downloads/laravelProgramacion3/holalaravel-main/vendor/laravel/framework/src/Illuminate/Pipeline/Pipeline.php(219): Illuminate/Cookie/Middleware/EncryptCookies->handle(Object(Illuminate/Http/Request), Object(Closure))
#32 C:/Users/USUARIO/Downloads/laravelProgramacion3/holalaravel-main/vendor/laravel/framework/src/Illuminate/Pipeline/Pipeline.php(137): Illuminate/Pipeline/Pipeline->Illuminate/Pipeline/{closure}(Object(Illuminate/Http/Request))
#33 C:/Users/USUARIO/Downloads/laravelProgramacion3/holalaravel-main/vendor/laravel/framework/src/Illuminate/Routing/Router.php(821): Illuminate/Pipeline/Pipeline->then(Object(Closure))
#34 C:/Users/USUARIO/Downloads/laravelProgramacion3/holalaravel-main/vendor/laravel/framework/src/Illuminate/Routing/Router.php(800): Illuminate/Routing/Router->runRouteWithinStack(Object(Illuminate/Routing/Route), Object(Illuminate/Http/Request))
#35 C:/Users/USUARIO/Downloads/laravelProgramacion3/holalaravel-main/vendor/laravel/framework/src/Illuminate/Routing/Router.php(764): Illuminate/Routing/Router->runRoute(Object(Illuminate/Http/Request), Object(Illuminate/Routing/Route))
#36 C:/Users/USUARIO/Downloads/laravelProgramacion3/holalaravel-main/vendor/laravel/framework/src/Illuminate/Routing/Router.php(753): Illuminate/Routing/Router->dispatchToRoute(Object(Illuminate/Http/Request))
#37 C:/Users/USUARIO/Downloads/laravelProgramacion3/holalaravel-main/vendor/laravel/framework/src/Illuminate/Foundation/Http/Kernel.php(200): Illuminate/Routing/Router->dispatch(Object(Illuminate/Http/Request))
#38 C:/Users/USUARIO/Downloads/laravelProgramacion3/holalaravel-main/vendor/laravel/framework/src/Illuminate/Pipeline/Pipeline.php(180): Illuminate/Foundation/Http/Kernel->Illuminate/Foundation/Http/{closure}(Object(Illuminate/Http/Request))
#39 C:/Users/USUARIO/Downloads/laravelProgramacion3/holalaravel-main/vendor/laravel/framework/src/Illuminate/Foundation/Http/Middleware/TransformsRequest.php(21): Illuminate/Pipeline/Pipeline->Illuminate/Pipeline/{closure}(Object(Illuminate/Http/Request))
#40 C:/Users/USUARIO/Downloads/laravelProgramacion3/holalaravel-main/vendor/laravel/framework/src/Illuminate/Foundation/Http/Middleware/ConvertEmptyStringsToNull.php(31): Illuminate/Foundation/Http/Middleware/TransformsRequest->handle(Object(Illuminate/Http/Request), Object(Closure))
#41 C:/Users/USUARIO/Downloads/laravelProgramacion3/holalaravel-main/vendor/laravel/framework/src/Illuminate/Pipeline/Pipeline.php(219): Illuminate/Foundation/Http/Middleware/ConvertEmptyStringsToNull->handle(Object(Illuminate/Http/Request), Object(Closure))
#42 C:/Users/USUARIO/Downloads/laravelProgramacion3/holalaravel-main/vendor/laravel/framework/src/Illuminate/Foundation/Http/Middleware/TransformsRequest.php(21): Illuminate/Pipeline/Pipeline->Illuminate/Pipeline/{closure}(Object(Illuminate/Http/Request))
#43 C:/Users/USUARIO/Downloads/laravelProgramacion3/holalaravel-main/vendor/laravel/framework/src/Illuminate/Foundation/Http/Middleware/TrimStrings.php(51): Illuminate/Foundation/Http/Middleware/TransformsRequest->handle(Object(Illuminate/Http/Request), Object(Closure))
#44 C:/Users/USUARIO/Downloads/laravelProgramacion3/holalaravel-main/vendor/laravel/framework/src/Illuminate/Pipeline/Pipeline.php(219): Illuminate/Foundation/Http/Middleware/TrimStrings->handle(Object(Illuminate/Http/Request), Object(Closure))
#45 C:/Users/USUARIO/Downloads/laravelProgramacion3/holalaravel-main/vendor/laravel/framework/src/Illuminate/Http/Middleware/ValidatePostSize.php(27): Illuminate/Pipeline/Pipeline->Illuminate/Pipeline/{closure}(Object(Illuminate/Http/Request))
#46 C:/Users/USUARIO/Downloads/laravelProgramacion3/holalaravel-main/vendor/laravel/framework/src/Illuminate/Pipeline/Pipeline.php(219): Illuminate/Http/Middleware/ValidatePostSize->handle(Object(Illuminate/Http/Request), Object(Closure))
#47 C:/Users/USUARIO/Downloads/laravelProgramacion3/holalaravel-main/vendor/laravel/framework/src/Illuminate/Foundation/Http/Middleware/PreventRequestsDuringMaintenance.php(109): Illuminate/Pipeline/Pipeline->Illuminate/Pipeline/{closure}(Object(Illuminate/Http/Request))
#48 C:/Users/USUARIO/Downloads/laravelProgramacion3/holalaravel-main/vendor/laravel/framework/src/Illuminate/Pipeline/Pipeline.php(219): Illuminate/Foundation/Http/Middleware/PreventRequestsDuringMaintenance->handle(Object(Illuminate/Http/Request), Object(Closure))
#49 C:/Users/USUARIO/Downloads/laravelProgramacion3/holalaravel-main/vendor/laravel/framework/src/Illuminate/Http/Middleware/HandleCors.php(61): Illuminate/Pipeline/Pipeline->Illuminate/Pipeline/{closure}(Object(Illuminate/Http/Request))
#50 C:/Users/USUARIO/Downloads/laravelProgramacion3/holalaravel-main/vendor/laravel/framework/src/Illuminate/Pipeline/Pipeline.php(219): Illuminate/Http/Middleware/HandleCors->handle(Object(Illuminate/Http/Request), Object(Closure))
#51 C:/Users/USUARIO/Downloads/laravelProgramacion3/holalaravel-main/vendor/laravel/framework/src/Illuminate/Http/Middleware/TrustProxies.php(58): Illuminate/Pipeline/Pipeline->Illuminate/Pipeline/{closure}(Object(Illuminate/Http/Request))
#52 C:/Users/USUARIO/Downloads/laravelProgramacion3/holalaravel-main/vendor/laravel/framework/src/Illuminate/Pipeline/Pipeline.php(219): Illuminate/Http/Middleware/TrustProxies->handle(Object(Illuminate/Http/Request), Object(Closure))
#53 C:/Users/USUARIO/Downloads/laravelProgramacion3/holalaravel-main/vendor/laravel/framework/src/Illuminate/Foundation/Http/Middleware/InvokeDeferredCallbacks.php(22): Illuminate/Pipeline/Pipeline->Illuminate/Pipeline/{closure}(Object(Illuminate/Http/Request))
#54 C:/Users/USUARIO/Downloads/laravelProgramacion3/holalaravel-main/vendor/laravel/framework/src/Illuminate/Pipeline/Pipeline.php(219): Illuminate/Foundation/Http/Middleware/InvokeDeferredCallbacks->handle(Object(Illuminate/Http/Request), Object(Closure))
#55 C:/Users/USUARIO/Downloads/laravelProgramacion3/holalaravel-main/vendor/laravel/framework/src/Illuminate/Http/Middleware/ValidatePathEncoding.php(26): Illuminate/Pipeline/Pipeline->Illuminate/Pipeline/{closure}(Object(Illuminate/Http/Request))
#56 C:/Users/USUARIO/Downloads/laravelProgramacion3/holalaravel-main/vendor/laravel/framework/src/Illuminate/Pipeline/Pipeline.php(219): Illuminate/Http/Middleware/ValidatePathEncoding->handle(Object(Illuminate/Http/Request), Object(Closure))
#57 C:/Users/USUARIO/Downloads/laravelProgramacion3/holalaravel-main/vendor/laravel/framework/src/Illuminate/Pipeline/Pipeline.php(137): Illuminate/Pipeline/Pipeline->Illuminate/Pipeline/{closure}(Object(Illuminate/Http/Request))
#58 C:/Users/USUARIO/Downloads/laravelProgramacion3/holalaravel-main/vendor/laravel/framework/src/Illuminate/Foundation/Http/Kernel.php(175): Illuminate/Pipeline/Pipeline->then(Object(Closure))
#59 C:/Users/USUARIO/Downloads/laravelProgramacion3/holalaravel-main/vendor/laravel/framework/src/Illuminate/Foundation/Http/Kernel.php(144): Illuminate/Foundation/Http/Kernel->sendRequestThroughRouter(Object(Illuminate/Http/Request))
#60 C:/Users/USUARIO/Downloads/laravelProgramacion3/holalaravel-main/vendor/laravel/framework/src/Illuminate/Foundation/Application.php(1220): Illuminate/Foundation/Http/Kernel->handle(Object(Illuminate/Http/Request))
#61 C:/Users/USUARIO/Downloads/laravelProgramacion3/holalaravel-main/public/index.php(20): Illuminate/Foundation/Application->handleRequest(Object(Illuminate/Http/Request))
#62 C:/Users/USUARIO/Downloads/laravelProgramacion3/holalaravel-main/vendor/laravel/framework/src/Illuminate/Foundation/resources/server.php(23): require_once('C://Users//USUARI...')
#63 {main}
"} 
[2026-04-11 19:38:35] local.ERROR: file_put_contents(C:\Users\USUARIO\Downloads\laravelProgramacion3\holalaravel-main\storage\framework/sessions/g2qck4X6sLwgStmZVK0sbcLiYlL4SzHW4mKp2IuZ): Failed to open stream: No such file or directory {"exception":"[object] (ErrorException(code: 0): file_put_contents(C:\\Users\\USUARIO\\Downloads\\laravelProgramacion3\\holalaravel-main\\storage\\framework/sessions/g2qck4X6sLwgStmZVK0sbcLiYlL4SzHW4mKp2IuZ): Failed to open stream: No such file or directory at C:/Users/USUARIO/Downloads/laravelProgramacion3/holalaravel-main/vendor/laravel/framework/src/Illuminate/Filesystem/Filesystem.php:204)
[stacktrace]
#0 C:/Users/USUARIO/Downloads/laravelProgramacion3/holalaravel-main/vendor/laravel/framework/src/Illuminate/Foundation/Bootstrap/HandleExceptions.php(258): Illuminate/Foundation/Bootstrap/HandleExceptions->handleError(2, 'file_put_conten...', 'C://Users//USUARI...', 204)
#1 [internal function]: Illuminate/Foundation/Bootstrap/HandleExceptions->Illuminate/Foundation/Bootstrap/{closure}(2, 'file_put_conten...', 'C://Users//USUARI...', 204)
#2 C:/Users/USUARIO/Downloads/laravelProgramacion3/holalaravel-main/vendor/laravel/framework/src/Illuminate/Filesystem/Filesystem.php(204): file_put_contents('C://Users//USUARI...', 'a:3:{s:6:\"_toke...', 2)
#3 C:/Users/USUARIO/Downloads/laravelProgramacion3/holalaravel-main/vendor/laravel/framework/src/Illuminate/Session/FileSessionHandler.php(89): Illuminate/Filesystem/Filesystem->put('C://Users//USUARI...', 'a:3:{s:6:\"_toke...', true)
#4 C:/Users/USUARIO/Downloads/laravelProgramacion3/holalaravel-main/vendor/laravel/framework/src/Illuminate/Session/Store.php(187): Illuminate/Session/FileSessionHandler->write('g2qck4X6sLwgStm...', 'a:3:{s:6:\"_toke...')
#5 C:/Users/USUARIO/Downloads/laravelProgramacion3/holalaravel-main/vendor/laravel/framework/src/Illuminate/Session/Middleware/StartSession.php(248): Illuminate/Session/Store->save()
#6 C:/Users/USUARIO/Downloads/laravelProgramacion3/holalaravel-main/vendor/laravel/framework/src/Illuminate/Session/Middleware/StartSession.php(129): Illuminate/Session/Middleware/StartSession->saveSession(Object(Illuminate/Http/Request))
#7 C:/Users/USUARIO/Downloads/laravelProgramacion3/holalaravel-main/vendor/laravel/framework/src/Illuminate/Session/Middleware/StartSession.php(63): Illuminate/Session/Middleware/StartSession->handleStatefulRequest(Object(Illuminate/Http/Request), Object(Illuminate/Session/Store), Object(Closure))
#8 C:/Users/USUARIO/Downloads/laravelProgramacion3/holalaravel-main/vendor/laravel/framework/src/Illuminate/Pipeline/Pipeline.php(219): Illuminate/Session/Middleware/StartSession->handle(Object(Illuminate/Http/Request), Object(Closure))
#9 C:/Users/USUARIO/Downloads/laravelProgramacion3/holalaravel-main/vendor/laravel/framework/src/Illuminate/Cookie/Middleware/AddQueuedCookiesToResponse.php(36): Illuminate/Pipeline/Pipeline->Illuminate/Pipeline/{closure}(Object(Illuminate/Http/Request))
#10 C:/Users/USUARIO/Downloads/laravelProgramacion3/holalaravel-main/vendor/laravel/framework/src/Illuminate/Pipeline/Pipeline.php(219): Illuminate/Cookie/Middleware/AddQueuedCookiesToResponse->handle(Object(Illuminate/Http/Request), Object(Closure))
#11 C:/Users/USUARIO/Downloads/laravelProgramacion3/holalaravel-main/vendor/laravel/framework/src/Illuminate/Cookie/Middleware/EncryptCookies.php(74): Illuminate/Pipeline/Pipeline->Illuminate/Pipeline/{closure}(Object(Illuminate/Http/Request))
#12 C:/Users/USUARIO/Downloads/laravelProgramacion3/holalaravel-main/vendor/laravel/framework/src/Illuminate/Pipeline/Pipeline.php(219): Illuminate/Cookie/Middleware/EncryptCookies->handle(Object(Illuminate/Http/Request), Object(Closure))
#13 C:/Users/USUARIO/Downloads/laravelProgramacion3/holalaravel-main/vendor/laravel/framework/src/Illuminate/Pipeline/Pipeline.php(137): Illuminate/Pipeline/Pipeline->Illuminate/Pipeline/{closure}(Object(Illuminate/Http/Request))
#14 C:/Users/USUARIO/Downloads/laravelProgramacion3/holalaravel-main/vendor/laravel/framework/src/Illuminate/Routing/Router.php(821): Illuminate/Pipeline/Pipeline->then(Object(Closure))
#15 C:/Users/USUARIO/Downloads/laravelProgramacion3/holalaravel-main/vendor/laravel/framework/src/Illuminate/Routing/Router.php(800): Illuminate/Routing/Router->runRouteWithinStack(Object(Illuminate/Routing/Route), Object(Illuminate/Http/Request))
#16 C:/Users/USUARIO/Downloads/laravelProgramacion3/holalaravel-main/vendor/laravel/framework/src/Illuminate/Routing/Router.php(764): Illuminate/Routing/Router->runRoute(Object(Illuminate/Http/Request), Object(Illuminate/Routing/Route))
#17 C:/Users/USUARIO/Downloads/laravelProgramacion3/holalaravel-main/vendor/laravel/framework/src/Illuminate/Routing/Router.php(753): Illuminate/Routing/Router->dispatchToRoute(Object(Illuminate/Http/Request))
#18 C:/Users/USUARIO/Downloads/laravelProgramacion3/holalaravel-main/vendor/laravel/framework/src/Illuminate/Foundation/Http/Kernel.php(200): Illuminate/Routing/Router->dispatch(Object(Illuminate/Http/Request))
#19 C:/Users/USUARIO/Downloads/laravelProgramacion3/holalaravel-main/vendor/laravel/framework/src/Illuminate/Pipeline/Pipeline.php(180): Illuminate/Foundation/Http/Kernel->Illuminate/Foundation/Http/{closure}(Object(Illuminate/Http/Request))
#20 C:/Users/USUARIO/Downloads/laravelProgramacion3/holalaravel-main/vendor/laravel/framework/src/Illuminate/Foundation/Http/Middleware/TransformsRequest.php(21): Illuminate/Pipeline/Pipeline->Illuminate/Pipeline/{closure}(Object(Illuminate/Http/Request))
#21 C:/Users/USUARIO/Downloads/laravelProgramacion3/holalaravel-main/vendor/laravel/framework/src/Illuminate/Foundation/Http/Middleware/ConvertEmptyStringsToNull.php(31): Illuminate/Foundation/Http/Middleware/TransformsRequest->handle(Object(Illuminate/Http/Request), Object(Closure))
#22 C:/Users/USUARIO/Downloads/laravelProgramacion3/holalaravel-main/vendor/laravel/framework/src/Illuminate/Pipeline/Pipeline.php(219): Illuminate/Foundation/Http/Middleware/ConvertEmptyStringsToNull->handle(Object(Illuminate/Http/Request), Object(Closure))
#23 C:/Users/USUARIO/Downloads/laravelProgramacion3/holalaravel-main/vendor/laravel/framework/src/Illuminate/Foundation/Http/Middleware/TransformsRequest.php(21): Illuminate/Pipeline/Pipeline->Illuminate/Pipeline/{closure}(Object(Illuminate/Http/Request))
#24 C:/Users/USUARIO/Downloads/laravelProgramacion3/holalaravel-main/vendor/laravel/framework/src/Illuminate/Foundation/Http/Middleware/TrimStrings.php(51): Illuminate/Foundation/Http/Middleware/TransformsRequest->handle(Object(Illuminate/Http/Request), Object(Closure))
#25 C:/Users/USUARIO/Downloads/laravelProgramacion3/holalaravel-main/vendor/laravel/framework/src/Illuminate/Pipeline/Pipeline.php(219): Illuminate/Foundation/Http/Middleware/TrimStrings->handle(Object(Illuminate/Http/Request), Object(Closure))
#26 C:/Users/USUARIO/Downloads/laravelProgramacion3/holalaravel-main/vendor/laravel/framework/src/Illuminate/Http/Middleware/ValidatePostSize.php(27): Illuminate/Pipeline/Pipeline->Illuminate/Pipeline/{closure}(Object(Illuminate/Http/Request))
#27 C:/Users/USUARIO/Downloads/laravelProgramacion3/holalaravel-main/vendor/laravel/framework/src/Illuminate/Pipeline/Pipeline.php(219): Illuminate/Http/Middleware/ValidatePostSize->handle(Object(Illuminate/Http/Request), Object(Closure))
#28 C:/Users/USUARIO/Downloads/laravelProgramacion3/holalaravel-main/vendor/laravel/framework/src/Illuminate/Foundation/Http/Middleware/PreventRequestsDuringMaintenance.php(109): Illuminate/Pipeline/Pipeline->Illuminate/Pipeline/{closure}(Object(Illuminate/Http/Request))
#29 C:/Users/USUARIO/Downloads/laravelProgramacion3/holalaravel-main/vendor/laravel/framework/src/Illuminate/Pipeline/Pipeline.php(219): Illuminate/Foundation/Http/Middleware/PreventRequestsDuringMaintenance->handle(Object(Illuminate/Http/Request), Object(Closure))
#30 C:/Users/USUARIO/Downloads/laravelProgramacion3/holalaravel-main/vendor/laravel/framework/src/Illuminate/Http/Middleware/HandleCors.php(61): Illuminate/Pipeline/Pipeline->Illuminate/Pipeline/{closure}(Object(Illuminate/Http/Request))
#31 C:/Users/USUARIO/Downloads/laravelProgramacion3/holalaravel-main/vendor/laravel/framework/src/Illuminate/Pipeline/Pipeline.php(219): Illuminate/Http/Middleware/HandleCors->handle(Object(Illuminate/Http/Request), Object(Closure))
#32 C:/Users/USUARIO/Downloads/laravelProgramacion3/holalaravel-main/vendor/laravel/framework/src/Illuminate/Http/Middleware/TrustProxies.php(58): Illuminate/Pipeline/Pipeline->Illuminate/Pipeline/{closure}(Object(Illuminate/Http/Request))
#33 C:/Users/USUARIO/Downloads/laravelProgramacion3/holalaravel-main/vendor/laravel/framework/src/Illuminate/Pipeline/Pipeline.php(219): Illuminate/Http/Middleware/TrustProxies->handle(Object(Illuminate/Http/Request), Object(Closure))
#34 C:/Users/USUARIO/Downloads/laravelProgramacion3/holalaravel-main/vendor/laravel/framework/src/Illuminate/Foundation/Http/Middleware/InvokeDeferredCallbacks.php(22): Illuminate/Pipeline/Pipeline->Illuminate/Pipeline/{closure}(Object(Illuminate/Http/Request))
#35 C:/Users/USUARIO/Downloads/laravelProgramacion3/holalaravel-main/vendor/laravel/framework/src/Illuminate/Pipeline/Pipeline.php(219): Illuminate/Foundation/Http/Middleware/InvokeDeferredCallbacks->handle(Object(Illuminate/Http/Request), Object(Closure))
#36 C:/Users/USUARIO/Downloads/laravelProgramacion3/holalaravel-main/vendor/laravel/framework/src/Illuminate/Http/Middleware/ValidatePathEncoding.php(26): Illuminate/Pipeline/Pipeline->Illuminate/Pipeline/{closure}(Object(Illuminate/Http/Request))
#37 C:/Users/USUARIO/Downloads/laravelProgramacion3/holalaravel-main/vendor/laravel/framework/src/Illuminate/Pipeline/Pipeline.php(219): Illuminate/Http/Middleware/ValidatePathEncoding->handle(Object(Illuminate/Http/Request), Object(Closure))
#38 C:/Users/USUARIO/Downloads/laravelProgramacion3/holalaravel-main/vendor/laravel/framework/src/Illuminate/Pipeline/Pipeline.php(137): Illuminate/Pipeline/Pipeline->Illuminate/Pipeline/{closure}(Object(Illuminate/Http/Request))
#39 C:/Users/USUARIO/Downloads/laravelProgramacion3/holalaravel-main/vendor/laravel/framework/src/Illuminate/Foundation/Http/Kernel.php(175): Illuminate/Pipeline/Pipeline->then(Object(Closure))
#40 C:/Users/USUARIO/Downloads/laravelProgramacion3/holalaravel-main/vendor/laravel/framework/src/Illuminate/Foundation/Http/Kernel.php(144): Illuminate/Foundation/Http/Kernel->sendRequestThroughRouter(Object(Illuminate/Http/Request))
#41 C:/Users/USUARIO/Downloads/laravelProgramacion3/holalaravel-main/vendor/laravel/framework/src/Illuminate/Foundation/Application.php(1220): Illuminate/Foundation/Http/Kernel->handle(Object(Illuminate/Http/Request))
#42 C:/Users/USUARIO/Downloads/laravelProgramacion3/holalaravel-main/public/index.php(20): Illuminate/Foundation/Application->handleRequest(Object(Illuminate/Http/Request))
#43 C:/Users/USUARIO/Downloads/laravelProgramacion3/holalaravel-main/vendor/laravel/framework/src/Illuminate/Foundation/resources/server.php(23): require_once('C://Users//USUARI...')
#44 {main}
"} 
[2026-04-11 19:38:50] local.ERROR: View path not found. {"exception":"[object] (RuntimeException(code: 0): View path not found. at C:/Users/USUARIO/Downloads/laravelProgramacion3/holalaravel-main/vendor/laravel/framework/src/Illuminate/Foundation/Console/ViewClearCommand.php:58)
[stacktrace]
#0 C:/Users/USUARIO/Downloads/laravelProgramacion3/holalaravel-main/vendor/laravel/framework/src/Illuminate/Container/BoundMethod.php(36): Illuminate/Foundation/Console/ViewClearCommand->handle()
#1 C:/Users/USUARIO/Downloads/laravelProgramacion3/holalaravel-main/vendor/laravel/framework/src/Illuminate/Container/Util.php(43): Illuminate/Container/BoundMethod::Illuminate/Container/{closure}()
#2 C:/Users/USUARIO/Downloads/laravelProgramacion3/holalaravel-main/vendor/laravel/framework/src/Illuminate/Container/BoundMethod.php(96): Illuminate/Container/Util::unwrapIfClosure(Object(Closure))
#3 C:/Users/USUARIO/Downloads/laravelProgramacion3/holalaravel-main/vendor/laravel/framework/src/Illuminate/Container/BoundMethod.php(35): Illuminate/Container/BoundMethod::callBoundMethod(Object(Illuminate/Foundation/Application), Array, Object(Closure))
#4 C:/Users/USUARIO/Downloads/laravelProgramacion3/holalaravel-main/vendor/laravel/framework/src/Illuminate/Container/Container.php(799): Illuminate/Container/BoundMethod::call(Object(Illuminate/Foundation/Application), Array, Array, NULL)
#5 C:/Users/USUARIO/Downloads/laravelProgramacion3/holalaravel-main/vendor/laravel/framework/src/Illuminate/Console/Command.php(211): Illuminate/Container/Container->call(Array)
#6 C:/Users/USUARIO/Downloads/laravelProgramacion3/holalaravel-main/vendor/symfony/console/Command/Command.php(341): Illuminate/Console/Command->execute(Object(Symfony/Component/Console/Input/ArgvInput), Object(Illuminate/Console/OutputStyle))
#7 C:/Users/USUARIO/Downloads/laravelProgramacion3/holalaravel-main/vendor/laravel/framework/src/Illuminate/Console/Command.php(180): Symfony/Component/Console/Command/Command->run(Object(Symfony/Component/Console/Input/ArgvInput), Object(Illuminate/Console/OutputStyle))
#8 C:/Users/USUARIO/Downloads/laravelProgramacion3/holalaravel-main/vendor/symfony/console/Application.php(1117): Illuminate/Console/Command->run(Object(Symfony/Component/Console/Input/ArgvInput), Object(Symfony/Component/Console/Output/ConsoleOutput))
#9 C:/Users/USUARIO/Downloads/laravelProgramacion3/holalaravel-main/vendor/symfony/console/Application.php(356): Symfony/Component/Console/Application->doRunCommand(Object(Illuminate/Foundation/Console/ViewClearCommand), Object(Symfony/Component/Console/Input/ArgvInput), Object(Symfony/Component/Console/Output/ConsoleOutput))
#10 C:/Users/USUARIO/Downloads/laravelProgramacion3/holalaravel-main/vendor/symfony/console/Application.php(195): Symfony/Component/Console/Application->doRun(Object(Symfony/Component/Console/Input/ArgvInput), Object(Symfony/Component/Console/Output/ConsoleOutput))
#11 C:/Users/USUARIO/Downloads/laravelProgramacion3/holalaravel-main/vendor/laravel/framework/src/Illuminate/Foundation/Console/Kernel.php(198): Symfony/Component/Console/Application->run(Object(Symfony/Component/Console/Input/ArgvInput), Object(Symfony/Component/Console/Output/ConsoleOutput))
#12 C:/Users/USUARIO/Downloads/laravelProgramacion3/holalaravel-main/vendor/laravel/framework/src/Illuminate/Foundation/Application.php(1235): Illuminate/Foundation/Console/Kernel->handle(Object(Symfony/Component/Console/Input/ArgvInput), Object(Symfony/Component/Console/Output/ConsoleOutput))
#13 C:/Users/USUARIO/Downloads/laravelProgramacion3/holalaravel-main/artisan(16): Illuminate/Foundation/Application->handleCommand(Object(Symfony/Component/Console/Input/ArgvInput))
#14 {main}
"} 
[2026-04-11 19:40:00] local.ERROR: Please provide a valid cache path. {"exception":"[object] (InvalidArgumentException(code: 0): Please provide a valid cache path. at C:/Users/USUARIO/Downloads/laravelProgramacion3/holalaravel-main/vendor/laravel/framework/src/Illuminate/View/Compilers/Compiler.php:75)
[stacktrace]
#0 C:/Users/USUARIO/Downloads/laravelProgramacion3/holalaravel-main/vendor/laravel/framework/src/Illuminate/View/ViewServiceProvider.php(97): Illuminate/View/Compilers/Compiler->__construct(Object(Illuminate/Filesystem/Filesystem), false, '', true, 'php', true)
#1 C:/Users/USUARIO/Downloads/laravelProgramacion3/holalaravel-main/vendor/laravel/framework/src/Illuminate/Container/Container.php(1115): Illuminate/View/ViewServiceProvider->Illuminate/View/{closure}(Object(Illuminate/Foundation/Application), Array)
#2 C:/Users/USUARIO/Downloads/laravelProgramacion3/holalaravel-main/vendor/laravel/framework/src/Illuminate/Container/Container.php(933): Illuminate/Container/Container->build(Object(Closure))
#3 C:/Users/USUARIO/Downloads/laravelProgramacion3/holalaravel-main/vendor/laravel/framework/src/Illuminate/Foundation/Application.php(1078): Illuminate/Container/Container->resolve('blade.compiler', Array, true)
#4 C:/Users/USUARIO/Downloads/laravelProgramacion3/holalaravel-main/vendor/laravel/framework/src/Illuminate/Container/Container.php(864): Illuminate/Foundation/Application->resolve('blade.compiler', Array)
#5 C:/Users/USUARIO/Downloads/laravelProgramacion3/holalaravel-main/vendor/laravel/framework/src/Illuminate/Foundation/Application.php(1058): Illuminate/Container/Container->make('blade.compiler', Array)
#6 C:/Users/USUARIO/Downloads/laravelProgramacion3/holalaravel-main/vendor/laravel/framework/src/Illuminate/View/ViewServiceProvider.php(169): Illuminate/Foundation/Application->make('blade.compiler')
#7 [internal function]: Illuminate/View/ViewServiceProvider->Illuminate/View/{closure}()
#8 C:/Users/USUARIO/Downloads/laravelProgramacion3/holalaravel-main/vendor/laravel/framework/src/Illuminate/View/Engines/EngineResolver.php(55): call_user_func(Object(Closure))
#9 C:/Users/USUARIO/Downloads/laravelProgramacion3/holalaravel-main/vendor/laravel/framework/src/Illuminate/View/Factory.php(325): Illuminate/View/Engines/EngineResolver->resolve('blade')
#10 C:/Users/USUARIO/Downloads/laravelProgramacion3/holalaravel-main/vendor/laravel/framework/src/Illuminate/View/Factory.php(287): Illuminate/View/Factory->getEngineFromPath('C://Users//USUARI...')
#11 C:/Users/USUARIO/Downloads/laravelProgramacion3/holalaravel-main/vendor/laravel/framework/src/Illuminate/View/Factory.php(159): Illuminate/View/Factory->viewInstance('welcome', 'C://Users//USUARI...', Array)
#12 C:/Users/USUARIO/Downloads/laravelProgramacion3/holalaravel-main/vendor/laravel/framework/src/Illuminate/Foundation/helpers.php(1100): Illuminate/View/Factory->make('welcome', Array, Array)
#13 C:/Users/USUARIO/Downloads/laravelProgramacion3/holalaravel-main/routes/web.php(8): view('welcome')
#14 C:/Users/USUARIO/Downloads/laravelProgramacion3/holalaravel-main/vendor/laravel/framework/src/Illuminate/Routing/CallableDispatcher.php(39): Illuminate/Routing/RouteFileRegistrar->{closure}()
#15 C:/Users/USUARIO/Downloads/laravelProgramacion3/holalaravel-main/vendor/laravel/framework/src/Illuminate/Routing/Route.php(243): Illuminate/Routing/CallableDispatcher->dispatch(Object(Illuminate/Routing/Route), Object(Closure))
#16 C:/Users/USUARIO/Downloads/laravelProgramacion3/holalaravel-main/vendor/laravel/framework/src/Illuminate/Routing/Route.php(214): Illuminate/Routing/Route->runCallable()
#17 C:/Users/USUARIO/Downloads/laravelProgramacion3/holalaravel-main/vendor/laravel/framework/src/Illuminate/Routing/Router.php(822): Illuminate/Routing/Route->run()
#18 C:/Users/USUARIO/Downloads/laravelProgramacion3/holalaravel-main/vendor/laravel/framework/src/Illuminate/Pipeline/Pipeline.php(180): Illuminate/Routing/Router->Illuminate/Routing/{closure}(Object(Illuminate/Http/Request))
#19 C:/Users/USUARIO/Downloads/laravelProgramacion3/holalaravel-main/vendor/laravel/framework/src/Illuminate/Routing/Middleware/SubstituteBindings.php(50): Illuminate/Pipeline/Pipeline->Illuminate/Pipeline/{closure}(Object(Illuminate/Http/Request))
#20 C:/Users/USUARIO/Downloads/laravelProgramacion3/holalaravel-main/vendor/laravel/framework/src/Illuminate/Pipeline/Pipeline.php(219): Illuminate/Routing/Middleware/SubstituteBindings->handle(Object(Illuminate/Http/Request), Object(Closure))
#21 C:/Users/USUARIO/Downloads/laravelProgramacion3/holalaravel-main/vendor/laravel/framework/src/Illuminate/Foundation/Http/Middleware/VerifyCsrfToken.php(87): Illuminate/Pipeline/Pipeline->Illuminate/Pipeline/{closure}(Object(Illuminate/Http/Request))
#22 C:/Users/USUARIO/Downloads/laravelProgramacion3/holalaravel-main/vendor/laravel/framework/src/Illuminate/Pipeline/Pipeline.php(219): Illuminate/Foundation/Http/Middleware/VerifyCsrfToken->handle(Object(Illuminate/Http/Request), Object(Closure))
#23 C:/Users/USUARIO/Downloads/laravelProgramacion3/holalaravel-main/vendor/laravel/framework/src/Illuminate/View/Middleware/ShareErrorsFromSession.php(48): Illuminate/Pipeline/Pipeline->Illuminate/Pipeline/{closure}(Object(Illuminate/Http/Request))
#24 C:/Users/USUARIO/Downloads/laravelProgramacion3/holalaravel-main/vendor/laravel/framework/src/Illuminate/Pipeline/Pipeline.php(219): Illuminate/View/Middleware/ShareErrorsFromSession->handle(Object(Illuminate/Http/Request), Object(Closure))
#25 C:/Users/USUARIO/Downloads/laravelProgramacion3/holalaravel-main/vendor/laravel/framework/src/Illuminate/Session/Middleware/StartSession.php(120): Illuminate/Pipeline/Pipeline->Illuminate/Pipeline/{closure}(Object(Illuminate/Http/Request))
#26 C:/Users/USUARIO/Downloads/laravelProgramacion3/holalaravel-main/vendor/laravel/framework/src/Illuminate/Session/Middleware/StartSession.php(63): Illuminate/Session/Middleware/StartSession->handleStatefulRequest(Object(Illuminate/Http/Request), Object(Illuminate/Session/Store), Object(Closure))
#27 C:/Users/USUARIO/Downloads/laravelProgramacion3/holalaravel-main/vendor/laravel/framework/src/Illuminate/Pipeline/Pipeline.php(219): Illuminate/Session/Middleware/StartSession->handle(Object(Illuminate/Http/Request), Object(Closure))
#28 C:/Users/USUARIO/Downloads/laravelProgramacion3/holalaravel-main/vendor/laravel/framework/src/Illuminate/Cookie/Middleware/AddQueuedCookiesToResponse.php(36): Illuminate/Pipeline/Pipeline->Illuminate/Pipeline/{closure}(Object(Illuminate/Http/Request))
#29 C:/Users/USUARIO/Downloads/laravelProgramacion3/holalaravel-main/vendor/laravel/framework/src/Illuminate/Pipeline/Pipeline.php(219): Illuminate/Cookie/Middleware/AddQueuedCookiesToResponse->handle(Object(Illuminate/Http/Request), Object(Closure))
#30 C:/Users/USUARIO/Downloads/laravelProgramacion3/holalaravel-main/vendor/laravel/framework/src/Illuminate/Cookie/Middleware/EncryptCookies.php(74): Illuminate/Pipeline/Pipeline->Illuminate/Pipeline/{closure}(Object(Illuminate/Http/Request))
#31 C:/Users/USUARIO/Downloads/laravelProgramacion3/holalaravel-main/vendor/laravel/framework/src/Illuminate/Pipeline/Pipeline.php(219): Illuminate/Cookie/Middleware/EncryptCookies->handle(Object(Illuminate/Http/Request), Object(Closure))
#32 C:/Users/USUARIO/Downloads/laravelProgramacion3/holalaravel-main/vendor/laravel/framework/src/Illuminate/Pipeline/Pipeline.php(137): Illuminate/Pipeline/Pipeline->Illuminate/Pipeline/{closure}(Object(Illuminate/Http/Request))
#33 C:/Users/USUARIO/Downloads/laravelProgramacion3/holalaravel-main/vendor/laravel/framework/src/Illuminate/Routing/Router.php(821): Illuminate/Pipeline/Pipeline->then(Object(Closure))
#34 C:/Users/USUARIO/Downloads/laravelProgramacion3/holalaravel-main/vendor/laravel/framework/src/Illuminate/Routing/Router.php(800): Illuminate/Routing/Router->runRouteWithinStack(Object(Illuminate/Routing/Route), Object(Illuminate/Http/Request))
#35 C:/Users/USUARIO/Downloads/laravelProgramacion3/holalaravel-main/vendor/laravel/framework/src/Illuminate/Routing/Router.php(764): Illuminate/Routing/Router->runRoute(Object(Illuminate/Http/Request), Object(Illuminate/Routing/Route))
#36 C:/Users/USUARIO/Downloads/laravelProgramacion3/holalaravel-main/vendor/laravel/framework/src/Illuminate/Routing/Router.php(753): Illuminate/Routing/Router->dispatchToRoute(Object(Illuminate/Http/Request))
#37 C:/Users/USUARIO/Downloads/laravelProgramacion3/holalaravel-main/vendor/laravel/framework/src/Illuminate/Foundation/Http/Kernel.php(200): Illuminate/Routing/Router->dispatch(Object(Illuminate/Http/Request))
#38 C:/Users/USUARIO/Downloads/laravelProgramacion3/holalaravel-main/vendor/laravel/framework/src/Illuminate/Pipeline/Pipeline.php(180): Illuminate/Foundation/Http/Kernel->Illuminate/Foundation/Http/{closure}(Object(Illuminate/Http/Request))
#39 C:/Users/USUARIO/Downloads/laravelProgramacion3/holalaravel-main/vendor/laravel/framework/src/Illuminate/Foundation/Http/Middleware/TransformsRequest.php(21): Illuminate/Pipeline/Pipeline->Illuminate/Pipeline/{closure}(Object(Illuminate/Http/Request))
#40 C:/Users/USUARIO/Downloads/laravelProgramacion3/holalaravel-main/vendor/laravel/framework/src/Illuminate/Foundation/Http/Middleware/ConvertEmptyStringsToNull.php(31): Illuminate/Foundation/Http/Middleware/TransformsRequest->handle(Object(Illuminate/Http/Request), Object(Closure))
#41 C:/Users/USUARIO/Downloads/laravelProgramacion3/holalaravel-main/vendor/laravel/framework/src/Illuminate/Pipeline/Pipeline.php(219): Illuminate/Foundation/Http/Middleware/ConvertEmptyStringsToNull->handle(Object(Illuminate/Http/Request), Object(Closure))
#42 C:/Users/USUARIO/Downloads/laravelProgramacion3/holalaravel-main/vendor/laravel/framework/src/Illuminate/Foundation/Http/Middleware/TransformsRequest.php(21): Illuminate/Pipeline/Pipeline->Illuminate/Pipeline/{closure}(Object(Illuminate/Http/Request))
#43 C:/Users/USUARIO/Downloads/laravelProgramacion3/holalaravel-main/vendor/laravel/framework/src/Illuminate/Foundation/Http/Middleware/TrimStrings.php(51): Illuminate/Foundation/Http/Middleware/TransformsRequest->handle(Object(Illuminate/Http/Request), Object(Closure))
#44 C:/Users/USUARIO/Downloads/laravelProgramacion3/holalaravel-main/vendor/laravel/framework/src/Illuminate/Pipeline/Pipeline.php(219): Illuminate/Foundation/Http/Middleware/TrimStrings->handle(Object(Illuminate/Http/Request), Object(Closure))
#45 C:/Users/USUARIO/Downloads/laravelProgramacion3/holalaravel-main/vendor/laravel/framework/src/Illuminate/Http/Middleware/ValidatePostSize.php(27): Illuminate/Pipeline/Pipeline->Illuminate/Pipeline/{closure}(Object(Illuminate/Http/Request))
#46 C:/Users/USUARIO/Downloads/laravelProgramacion3/holalaravel-main/vendor/laravel/framework/src/Illuminate/Pipeline/Pipeline.php(219): Illuminate/Http/Middleware/ValidatePostSize->handle(Object(Illuminate/Http/Request), Object(Closure))
#47 C:/Users/USUARIO/Downloads/laravelProgramacion3/holalaravel-main/vendor/laravel/framework/src/Illuminate/Foundation/Http/Middleware/PreventRequestsDuringMaintenance.php(109): Illuminate/Pipeline/Pipeline->Illuminate/Pipeline/{closure}(Object(Illuminate/Http/Request))
#48 C:/Users/USUARIO/Downloads/laravelProgramacion3/holalaravel-main/vendor/laravel/framework/src/Illuminate/Pipeline/Pipeline.php(219): Illuminate/Foundation/Http/Middleware/PreventRequestsDuringMaintenance->handle(Object(Illuminate/Http/Request), Object(Closure))
#49 C:/Users/USUARIO/Downloads/laravelProgramacion3/holalaravel-main/vendor/laravel/framework/src/Illuminate/Http/Middleware/HandleCors.php(61): Illuminate/Pipeline/Pipeline->Illuminate/Pipeline/{closure}(Object(Illuminate/Http/Request))
#50 C:/Users/USUARIO/Downloads/laravelProgramacion3/holalaravel-main/vendor/laravel/framework/src/Illuminate/Pipeline/Pipeline.php(219): Illuminate/Http/Middleware/HandleCors->handle(Object(Illuminate/Http/Request), Object(Closure))
#51 C:/Users/USUARIO/Downloads/laravelProgramacion3/holalaravel-main/vendor/laravel/framework/src/Illuminate/Http/Middleware/TrustProxies.php(58): Illuminate/Pipeline/Pipeline->Illuminate/Pipeline/{closure}(Object(Illuminate/Http/Request))
#52 C:/Users/USUARIO/Downloads/laravelProgramacion3/holalaravel-main/vendor/laravel/framework/src/Illuminate/Pipeline/Pipeline.php(219): Illuminate/Http/Middleware/TrustProxies->handle(Object(Illuminate/Http/Request), Object(Closure))
#53 C:/Users/USUARIO/Downloads/laravelProgramacion3/holalaravel-main/vendor/laravel/framework/src/Illuminate/Foundation/Http/Middleware/InvokeDeferredCallbacks.php(22): Illuminate/Pipeline/Pipeline->Illuminate/Pipeline/{closure}(Object(Illuminate/Http/Request))
#54 C:/Users/USUARIO/Downloads/laravelProgramacion3/holalaravel-main/vendor/laravel/framework/src/Illuminate/Pipeline/Pipeline.php(219): Illuminate/Foundation/Http/Middleware/InvokeDeferredCallbacks->handle(Object(Illuminate/Http/Request), Object(Closure))
#55 C:/Users/USUARIO/Downloads/laravelProgramacion3/holalaravel-main/vendor/laravel/framework/src/Illuminate/Http/Middleware/ValidatePathEncoding.php(26): Illuminate/Pipeline/Pipeline->Illuminate/Pipeline/{closure}(Object(Illuminate/Http/Request))
#56 C:/Users/USUARIO/Downloads/laravelProgramacion3/holalaravel-main/vendor/laravel/framework/src/Illuminate/Pipeline/Pipeline.php(219): Illuminate/Http/Middleware/ValidatePathEncoding->handle(Object(Illuminate/Http/Request), Object(Closure))
#57 C:/Users/USUARIO/Downloads/laravelProgramacion3/holalaravel-main/vendor/laravel/framework/src/Illuminate/Pipeline/Pipeline.php(137): Illuminate/Pipeline/Pipeline->Illuminate/Pipeline/{closure}(Object(Illuminate/Http/Request))
#58 C:/Users/USUARIO/Downloads/laravelProgramacion3/holalaravel-main/vendor/laravel/framework/src/Illuminate/Foundation/Http/Kernel.php(175): Illuminate/Pipeline/Pipeline->then(Object(Closure))
#59 C:/Users/USUARIO/Downloads/laravelProgramacion3/holalaravel-main/vendor/laravel/framework/src/Illuminate/Foundation/Http/Kernel.php(144): Illuminate/Foundation/Http/Kernel->sendRequestThroughRouter(Object(Illuminate/Http/Request))
#60 C:/Users/USUARIO/Downloads/laravelProgramacion3/holalaravel-main/vendor/laravel/framework/src/Illuminate/Foundation/Application.php(1220): Illuminate/Foundation/Http/Kernel->handle(Object(Illuminate/Http/Request))
#61 C:/Users/USUARIO/Downloads/laravelProgramacion3/holalaravel-main/public/index.php(20): Illuminate/Foundation/Application->handleRequest(Object(Illuminate/Http/Request))
#62 C:/Users/USUARIO/Downloads/laravelProgramacion3/holalaravel-main/vendor/laravel/framework/src/Illuminate/Foundation/resources/server.php(23): require_once('C://Users//USUARI...')
#63 {main}
"} 
[2026-04-11 19:40:01] local.ERROR: file_put_contents(C:\Users\USUARIO\Downloads\laravelProgramacion3\holalaravel-main\storage\framework/sessions/FsvtHQ0KRtSClcgwy2xFoT6gsIjDv8LuaemTD094): Failed to open stream: No such file or directory {"exception":"[object] (ErrorException(code: 0): file_put_contents(C:\\Users\\USUARIO\\Downloads\\laravelProgramacion3\\holalaravel-main\\storage\\framework/sessions/FsvtHQ0KRtSClcgwy2xFoT6gsIjDv8LuaemTD094): Failed to open stream: No such file or directory at C:/Users/USUARIO/Downloads/laravelProgramacion3/holalaravel-main/vendor/laravel/framework/src/Illuminate/Filesystem/Filesystem.php:204)
[stacktrace]
#0 C:/Users/USUARIO/Downloads/laravelProgramacion3/holalaravel-main/vendor/laravel/framework/src/Illuminate/Foundation/Bootstrap/HandleExceptions.php(258): Illuminate/Foundation/Bootstrap/HandleExceptions->handleError(2, 'file_put_conten...', 'C://Users//USUARI...', 204)
#1 [internal function]: Illuminate/Foundation/Bootstrap/HandleExceptions->Illuminate/Foundation/Bootstrap/{closure}(2, 'file_put_conten...', 'C://Users//USUARI...', 204)
#2 C:/Users/USUARIO/Downloads/laravelProgramacion3/holalaravel-main/vendor/laravel/framework/src/Illuminate/Filesystem/Filesystem.php(204): file_put_contents('C://Users//USUARI...', 'a:3:{s:6:\"_toke...', 2)
#3 C:/Users/USUARIO/Downloads/laravelProgramacion3/holalaravel-main/vendor/laravel/framework/src/Illuminate/Session/FileSessionHandler.php(89): Illuminate/Filesystem/Filesystem->put('C://Users//USUARI...', 'a:3:{s:6:\"_toke...', true)
#4 C:/Users/USUARIO/Downloads/laravelProgramacion3/holalaravel-main/vendor/laravel/framework/src/Illuminate/Session/Store.php(187): Illuminate/Session/FileSessionHandler->write('FsvtHQ0KRtSClcg...', 'a:3:{s:6:\"_toke...')
#5 C:/Users/USUARIO/Downloads/laravelProgramacion3/holalaravel-main/vendor/laravel/framework/src/Illuminate/Session/Middleware/StartSession.php(248): Illuminate/Session/Store->save()
#6 C:/Users/USUARIO/Downloads/laravelProgramacion3/holalaravel-main/vendor/laravel/framework/src/Illuminate/Session/Middleware/StartSession.php(129): Illuminate/Session/Middleware/StartSession->saveSession(Object(Illuminate/Http/Request))
#7 C:/Users/USUARIO/Downloads/laravelProgramacion3/holalaravel-main/vendor/laravel/framework/src/Illuminate/Session/Middleware/StartSession.php(63): Illuminate/Session/Middleware/StartSession->handleStatefulRequest(Object(Illuminate/Http/Request), Object(Illuminate/Session/Store), Object(Closure))
#8 C:/Users/USUARIO/Downloads/laravelProgramacion3/holalaravel-main/vendor/laravel/framework/src/Illuminate/Pipeline/Pipeline.php(219): Illuminate/Session/Middleware/StartSession->handle(Object(Illuminate/Http/Request), Object(Closure))
#9 C:/Users/USUARIO/Downloads/laravelProgramacion3/holalaravel-main/vendor/laravel/framework/src/Illuminate/Cookie/Middleware/AddQueuedCookiesToResponse.php(36): Illuminate/Pipeline/Pipeline->Illuminate/Pipeline/{closure}(Object(Illuminate/Http/Request))
#10 C:/Users/USUARIO/Downloads/laravelProgramacion3/holalaravel-main/vendor/laravel/framework/src/Illuminate/Pipeline/Pipeline.php(219): Illuminate/Cookie/Middleware/AddQueuedCookiesToResponse->handle(Object(Illuminate/Http/Request), Object(Closure))
#11 C:/Users/USUARIO/Downloads/laravelProgramacion3/holalaravel-main/vendor/laravel/framework/src/Illuminate/Cookie/Middleware/EncryptCookies.php(74): Illuminate/Pipeline/Pipeline->Illuminate/Pipeline/{closure}(Object(Illuminate/Http/Request))
#12 C:/Users/USUARIO/Downloads/laravelProgramacion3/holalaravel-main/vendor/laravel/framework/src/Illuminate/Pipeline/Pipeline.php(219): Illuminate/Cookie/Middleware/EncryptCookies->handle(Object(Illuminate/Http/Request), Object(Closure))
#13 C:/Users/USUARIO/Downloads/laravelProgramacion3/holalaravel-main/vendor/laravel/framework/src/Illuminate/Pipeline/Pipeline.php(137): Illuminate/Pipeline/Pipeline->Illuminate/Pipeline/{closure}(Object(Illuminate/Http/Request))
#14 C:/Users/USUARIO/Downloads/laravelProgramacion3/holalaravel-main/vendor/laravel/framework/src/Illuminate/Routing/Router.php(821): Illuminate/Pipeline/Pipeline->then(Object(Closure))
#15 C:/Users/USUARIO/Downloads/laravelProgramacion3/holalaravel-main/vendor/laravel/framework/src/Illuminate/Routing/Router.php(800): Illuminate/Routing/Router->runRouteWithinStack(Object(Illuminate/Routing/Route), Object(Illuminate/Http/Request))
#16 C:/Users/USUARIO/Downloads/laravelProgramacion3/holalaravel-main/vendor/laravel/framework/src/Illuminate/Routing/Router.php(764): Illuminate/Routing/Router->runRoute(Object(Illuminate/Http/Request), Object(Illuminate/Routing/Route))
#17 C:/Users/USUARIO/Downloads/laravelProgramacion3/holalaravel-main/vendor/laravel/framework/src/Illuminate/Routing/Router.php(753): Illuminate/Routing/Router->dispatchToRoute(Object(Illuminate/Http/Request))
#18 C:/Users/USUARIO/Downloads/laravelProgramacion3/holalaravel-main/vendor/laravel/framework/src/Illuminate/Foundation/Http/Kernel.php(200): Illuminate/Routing/Router->dispatch(Object(Illuminate/Http/Request))
#19 C:/Users/USUARIO/Downloads/laravelProgramacion3/holalaravel-main/vendor/laravel/framework/src/Illuminate/Pipeline/Pipeline.php(180): Illuminate/Foundation/Http/Kernel->Illuminate/Foundation/Http/{closure}(Object(Illuminate/Http/Request))
#20 C:/Users/USUARIO/Downloads/laravelProgramacion3/holalaravel-main/vendor/laravel/framework/src/Illuminate/Foundation/Http/Middleware/TransformsRequest.php(21): Illuminate/Pipeline/Pipeline->Illuminate/Pipeline/{closure}(Object(Illuminate/Http/Request))
#21 C:/Users/USUARIO/Downloads/laravelProgramacion3/holalaravel-main/vendor/laravel/framework/src/Illuminate/Foundation/Http/Middleware/ConvertEmptyStringsToNull.php(31): Illuminate/Foundation/Http/Middleware/TransformsRequest->handle(Object(Illuminate/Http/Request), Object(Closure))
#22 C:/Users/USUARIO/Downloads/laravelProgramacion3/holalaravel-main/vendor/laravel/framework/src/Illuminate/Pipeline/Pipeline.php(219): Illuminate/Foundation/Http/Middleware/ConvertEmptyStringsToNull->handle(Object(Illuminate/Http/Request), Object(Closure))
#23 C:/Users/USUARIO/Downloads/laravelProgramacion3/holalaravel-main/vendor/laravel/framework/src/Illuminate/Foundation/Http/Middleware/TransformsRequest.php(21): Illuminate/Pipeline/Pipeline->Illuminate/Pipeline/{closure}(Object(Illuminate/Http/Request))
#24 C:/Users/USUARIO/Downloads/laravelProgramacion3/holalaravel-main/vendor/laravel/framework/src/Illuminate/Foundation/Http/Middleware/TrimStrings.php(51): Illuminate/Foundation/Http/Middleware/TransformsRequest->handle(Object(Illuminate/Http/Request), Object(Closure))
#25 C:/Users/USUARIO/Downloads/laravelProgramacion3/holalaravel-main/vendor/laravel/framework/src/Illuminate/Pipeline/Pipeline.php(219): Illuminate/Foundation/Http/Middleware/TrimStrings->handle(Object(Illuminate/Http/Request), Object(Closure))
#26 C:/Users/USUARIO/Downloads/laravelProgramacion3/holalaravel-main/vendor/laravel/framework/src/Illuminate/Http/Middleware/ValidatePostSize.php(27): Illuminate/Pipeline/Pipeline->Illuminate/Pipeline/{closure}(Object(Illuminate/Http/Request))
#27 C:/Users/USUARIO/Downloads/laravelProgramacion3/holalaravel-main/vendor/laravel/framework/src/Illuminate/Pipeline/Pipeline.php(219): Illuminate/Http/Middleware/ValidatePostSize->handle(Object(Illuminate/Http/Request), Object(Closure))
#28 C:/Users/USUARIO/Downloads/laravelProgramacion3/holalaravel-main/vendor/laravel/framework/src/Illuminate/Foundation/Http/Middleware/PreventRequestsDuringMaintenance.php(109): Illuminate/Pipeline/Pipeline->Illuminate/Pipeline/{closure}(Object(Illuminate/Http/Request))
#29 C:/Users/USUARIO/Downloads/laravelProgramacion3/holalaravel-main/vendor/laravel/framework/src/Illuminate/Pipeline/Pipeline.php(219): Illuminate/Foundation/Http/Middleware/PreventRequestsDuringMaintenance->handle(Object(Illuminate/Http/Request), Object(Closure))
#30 C:/Users/USUARIO/Downloads/laravelProgramacion3/holalaravel-main/vendor/laravel/framework/src/Illuminate/Http/Middleware/HandleCors.php(61): Illuminate/Pipeline/Pipeline->Illuminate/Pipeline/{closure}(Object(Illuminate/Http/Request))
#31 C:/Users/USUARIO/Downloads/laravelProgramacion3/holalaravel-main/vendor/laravel/framework/src/Illuminate/Pipeline/Pipeline.php(219): Illuminate/Http/Middleware/HandleCors->handle(Object(Illuminate/Http/Request), Object(Closure))
#32 C:/Users/USUARIO/Downloads/laravelProgramacion3/holalaravel-main/vendor/laravel/framework/src/Illuminate/Http/Middleware/TrustProxies.php(58): Illuminate/Pipeline/Pipeline->Illuminate/Pipeline/{closure}(Object(Illuminate/Http/Request))
#33 C:/Users/USUARIO/Downloads/laravelProgramacion3/holalaravel-main/vendor/laravel/framework/src/Illuminate/Pipeline/Pipeline.php(219): Illuminate/Http/Middleware/TrustProxies->handle(Object(Illuminate/Http/Request), Object(Closure))
#34 C:/Users/USUARIO/Downloads/laravelProgramacion3/holalaravel-main/vendor/laravel/framework/src/Illuminate/Foundation/Http/Middleware/InvokeDeferredCallbacks.php(22): Illuminate/Pipeline/Pipeline->Illuminate/Pipeline/{closure}(Object(Illuminate/Http/Request))
#35 C:/Users/USUARIO/Downloads/laravelProgramacion3/holalaravel-main/vendor/laravel/framework/src/Illuminate/Pipeline/Pipeline.php(219): Illuminate/Foundation/Http/Middleware/InvokeDeferredCallbacks->handle(Object(Illuminate/Http/Request), Object(Closure))
#36 C:/Users/USUARIO/Downloads/laravelProgramacion3/holalaravel-main/vendor/laravel/framework/src/Illuminate/Http/Middleware/ValidatePathEncoding.php(26): Illuminate/Pipeline/Pipeline->Illuminate/Pipeline/{closure}(Object(Illuminate/Http/Request))
#37 C:/Users/USUARIO/Downloads/laravelProgramacion3/holalaravel-main/vendor/laravel/framework/src/Illuminate/Pipeline/Pipeline.php(219): Illuminate/Http/Middleware/ValidatePathEncoding->handle(Object(Illuminate/Http/Request), Object(Closure))
#38 C:/Users/USUARIO/Downloads/laravelProgramacion3/holalaravel-main/vendor/laravel/framework/src/Illuminate/Pipeline/Pipeline.php(137): Illuminate/Pipeline/Pipeline->Illuminate/Pipeline/{closure}(Object(Illuminate/Http/Request))
#39 C:/Users/USUARIO/Downloads/laravelProgramacion3/holalaravel-main/vendor/laravel/framework/src/Illuminate/Foundation/Http/Kernel.php(175): Illuminate/Pipeline/Pipeline->then(Object(Closure))
#40 C:/Users/USUARIO/Downloads/laravelProgramacion3/holalaravel-main/vendor/laravel/framework/src/Illuminate/Foundation/Http/Kernel.php(144): Illuminate/Foundation/Http/Kernel->sendRequestThroughRouter(Object(Illuminate/Http/Request))
#41 C:/Users/USUARIO/Downloads/laravelProgramacion3/holalaravel-main/vendor/laravel/framework/src/Illuminate/Foundation/Application.php(1220): Illuminate/Foundation/Http/Kernel->handle(Object(Illuminate/Http/Request))
#42 C:/Users/USUARIO/Downloads/laravelProgramacion3/holalaravel-main/public/index.php(20): Illuminate/Foundation/Application->handleRequest(Object(Illuminate/Http/Request))
#43 C:/Users/USUARIO/Downloads/laravelProgramacion3/holalaravel-main/vendor/laravel/framework/src/Illuminate/Foundation/resources/server.php(23): require_once('C://Users//USUARI...')
#44 {main}
"} 
[2026-04-11 19:40:41] local.ERROR: syntax error, unexpected token "public" {"exception":"[object] (ParseError(code: 0): syntax error, unexpected token \"public\" at C:/Users/USUARIO/Downloads/laravelProgramacion3/holalaravel-main/app/Http/Controllers/ProductoController.php:115)
[stacktrace]
#0 C:/Users/USUARIO/Downloads/laravelProgramacion3/holalaravel-main/vendor/composer/ClassLoader.php(427): Composer/Autoload/{closure}('C://Users//USUARI...')
#1 [internal function]: Composer/Autoload/ClassLoader->loadClass('App//Http//Contro...')
#2 C:/Users/USUARIO/Downloads/laravelProgramacion3/holalaravel-main/vendor/laravel/framework/src/Illuminate/Routing/Route.php(1125): is_a('App//Http//Contro...', 'Illuminate//Rout...', true)
#3 C:/Users/USUARIO/Downloads/laravelProgramacion3/holalaravel-main/vendor/laravel/framework/src/Illuminate/Routing/Route.php(1062): Illuminate/Routing/Route->controllerMiddleware()
#4 C:/Users/USUARIO/Downloads/laravelProgramacion3/holalaravel-main/vendor/laravel/framework/src/Illuminate/Routing/Router.php(834): Illuminate/Routing/Route->gatherMiddleware()
#5 C:/Users/USUARIO/Downloads/laravelProgramacion3/holalaravel-main/vendor/laravel/framework/src/Illuminate/Routing/Router.php(816): Illuminate/Routing/Router->gatherRouteMiddleware(Object(Illuminate/Routing/Route))
#6 C:/Users/USUARIO/Downloads/laravelProgramacion3/holalaravel-main/vendor/laravel/framework/src/Illuminate/Routing/Router.php(800): Illuminate/Routing/Router->runRouteWithinStack(Object(Illuminate/Routing/Route), Object(Illuminate/Http/Request))
#7 C:/Users/USUARIO/Downloads/laravelProgramacion3/holalaravel-main/vendor/laravel/framework/src/Illuminate/Routing/Router.php(764): Illuminate/Routing/Router->runRoute(Object(Illuminate/Http/Request), Object(Illuminate/Routing/Route))
#8 C:/Users/USUARIO/Downloads/laravelProgramacion3/holalaravel-main/vendor/laravel/framework/src/Illuminate/Routing/Router.php(753): Illuminate/Routing/Router->dispatchToRoute(Object(Illuminate/Http/Request))
#9 C:/Users/USUARIO/Downloads/laravelProgramacion3/holalaravel-main/vendor/laravel/framework/src/Illuminate/Foundation/Http/Kernel.php(200): Illuminate/Routing/Router->dispatch(Object(Illuminate/Http/Request))
#10 C:/Users/USUARIO/Downloads/laravelProgramacion3/holalaravel-main/vendor/laravel/framework/src/Illuminate/Pipeline/Pipeline.php(180): Illuminate/Foundation/Http/Kernel->Illuminate/Foundation/Http/{closure}(Object(Illuminate/Http/Request))
#11 C:/Users/USUARIO/Downloads/laravelProgramacion3/holalaravel-main/vendor/laravel/framework/src/Illuminate/Foundation/Http/Middleware/TransformsRequest.php(21): Illuminate/Pipeline/Pipeline->Illuminate/Pipeline/{closure}(Object(Illuminate/Http/Request))
#12 C:/Users/USUARIO/Downloads/laravelProgramacion3/holalaravel-main/vendor/laravel/framework/src/Illuminate/Foundation/Http/Middleware/ConvertEmptyStringsToNull.php(31): Illuminate/Foundation/Http/Middleware/TransformsRequest->handle(Object(Illuminate/Http/Request), Object(Closure))
#13 C:/Users/USUARIO/Downloads/laravelProgramacion3/holalaravel-main/vendor/laravel/framework/src/Illuminate/Pipeline/Pipeline.php(219): Illuminate/Foundation/Http/Middleware/ConvertEmptyStringsToNull->handle(Object(Illuminate/Http/Request), Object(Closure))
#14 C:/Users/USUARIO/Downloads/laravelProgramacion3/holalaravel-main/vendor/laravel/framework/src/Illuminate/Foundation/Http/Middleware/TransformsRequest.php(21): Illuminate/Pipeline/Pipeline->Illuminate/Pipeline/{closure}(Object(Illuminate/Http/Request))
#15 C:/Users/USUARIO/Downloads/laravelProgramacion3/holalaravel-main/vendor/laravel/framework/src/Illuminate/Foundation/Http/Middleware/TrimStrings.php(51): Illuminate/Foundation/Http/Middleware/TransformsRequest->handle(Object(Illuminate/Http/Request), Object(Closure))
#16 C:/Users/USUARIO/Downloads/laravelProgramacion3/holalaravel-main/vendor/laravel/framework/src/Illuminate/Pipeline/Pipeline.php(219): Illuminate/Foundation/Http/Middleware/TrimStrings->handle(Object(Illuminate/Http/Request), Object(Closure))
#17 C:/Users/USUARIO/Downloads/laravelProgramacion3/holalaravel-main/vendor/laravel/framework/src/Illuminate/Http/Middleware/ValidatePostSize.php(27): Illuminate/Pipeline/Pipeline->Illuminate/Pipeline/{closure}(Object(Illuminate/Http/Request))
#18 C:/Users/USUARIO/Downloads/laravelProgramacion3/holalaravel-main/vendor/laravel/framework/src/Illuminate/Pipeline/Pipeline.php(219): Illuminate/Http/Middleware/ValidatePostSize->handle(Object(Illuminate/Http/Request), Object(Closure))
#19 C:/Users/USUARIO/Downloads/laravelProgramacion3/holalaravel-main/vendor/laravel/framework/src/Illuminate/Foundation/Http/Middleware/PreventRequestsDuringMaintenance.php(109): Illuminate/Pipeline/Pipeline->Illuminate/Pipeline/{closure}(Object(Illuminate/Http/Request))
#20 C:/Users/USUARIO/Downloads/laravelProgramacion3/holalaravel-main/vendor/laravel/framework/src/Illuminate/Pipeline/Pipeline.php(219): Illuminate/Foundation/Http/Middleware/PreventRequestsDuringMaintenance->handle(Object(Illuminate/Http/Request), Object(Closure))
#21 C:/Users/USUARIO/Downloads/laravelProgramacion3/holalaravel-main/vendor/laravel/framework/src/Illuminate/Http/Middleware/HandleCors.php(61): Illuminate/Pipeline/Pipeline->Illuminate/Pipeline/{closure}(Object(Illuminate/Http/Request))
#22 C:/Users/USUARIO/Downloads/laravelProgramacion3/holalaravel-main/vendor/laravel/framework/src/Illuminate/Pipeline/Pipeline.php(219): Illuminate/Http/Middleware/HandleCors->handle(Object(Illuminate/Http/Request), Object(Closure))
#23 C:/Users/USUARIO/Downloads/laravelProgramacion3/holalaravel-main/vendor/laravel/framework/src/Illuminate/Http/Middleware/TrustProxies.php(58): Illuminate/Pipeline/Pipeline->Illuminate/Pipeline/{closure}(Object(Illuminate/Http/Request))
#24 C:/Users/USUARIO/Downloads/laravelProgramacion3/holalaravel-main/vendor/laravel/framework/src/Illuminate/Pipeline/Pipeline.php(219): Illuminate/Http/Middleware/TrustProxies->handle(Object(Illuminate/Http/Request), Object(Closure))
#25 C:/Users/USUARIO/Downloads/laravelProgramacion3/holalaravel-main/vendor/laravel/framework/src/Illuminate/Foundation/Http/Middleware/InvokeDeferredCallbacks.php(22): Illuminate/Pipeline/Pipeline->Illuminate/Pipeline/{closure}(Object(Illuminate/Http/Request))
#26 C:/Users/USUARIO/Downloads/laravelProgramacion3/holalaravel-main/vendor/laravel/framework/src/Illuminate/Pipeline/Pipeline.php(219): Illuminate/Foundation/Http/Middleware/InvokeDeferredCallbacks->handle(Object(Illuminate/Http/Request), Object(Closure))
#27 C:/Users/USUARIO/Downloads/laravelProgramacion3/holalaravel-main/vendor/laravel/framework/src/Illuminate/Http/Middleware/ValidatePathEncoding.php(26): Illuminate/Pipeline/Pipeline->Illuminate/Pipeline/{closure}(Object(Illuminate/Http/Request))
#28 C:/Users/USUARIO/Downloads/laravelProgramacion3/holalaravel-main/vendor/laravel/framework/src/Illuminate/Pipeline/Pipeline.php(219): Illuminate/Http/Middleware/ValidatePathEncoding->handle(Object(Illuminate/Http/Request), Object(Closure))
#29 C:/Users/USUARIO/Downloads/laravelProgramacion3/holalaravel-main/vendor/laravel/framework/src/Illuminate/Pipeline/Pipeline.php(137): Illuminate/Pipeline/Pipeline->Illuminate/Pipeline/{closure}(Object(Illuminate/Http/Request))
#30 C:/Users/USUARIO/Downloads/laravelProgramacion3/holalaravel-main/vendor/laravel/framework/src/Illuminate/Foundation/Http/Kernel.php(175): Illuminate/Pipeline/Pipeline->then(Object(Closure))
#31 C:/Users/USUARIO/Downloads/laravelProgramacion3/holalaravel-main/vendor/laravel/framework/src/Illuminate/Foundation/Http/Kernel.php(144): Illuminate/Foundation/Http/Kernel->sendRequestThroughRouter(Object(Illuminate/Http/Request))
#32 C:/Users/USUARIO/Downloads/laravelProgramacion3/holalaravel-main/vendor/laravel/framework/src/Illuminate/Foundation/Application.php(1220): Illuminate/Foundation/Http/Kernel->handle(Object(Illuminate/Http/Request))
#33 C:/Users/USUARIO/Downloads/laravelProgramacion3/holalaravel-main/public/index.php(20): Illuminate/Foundation/Application->handleRequest(Object(Illuminate/Http/Request))
#34 C:/Users/USUARIO/Downloads/laravelProgramacion3/holalaravel-main/vendor/laravel/framework/src/Illuminate/Foundation/resources/server.php(23): require_once('C://Users//USUARI...')
#35 {main}
"} 
[2026-04-11 19:42:23] local.ERROR: syntax error, unexpected token "}", expecting ";" {"exception":"[object] (ParseError(code: 0): syntax error, unexpected token \"}\", expecting \";\" at C:/Users/USUARIO/Downloads/laravelProgramacion3/holalaravel-main/app/Http/Controllers/ProductoController.php:122)
[stacktrace]
#0 C:/Users/USUARIO/Downloads/laravelProgramacion3/holalaravel-main/vendor/composer/ClassLoader.php(427): Composer/Autoload/{closure}('C://Users//USUARI...')
#1 [internal function]: Composer/Autoload/ClassLoader->loadClass('App//Http//Contro...')
#2 C:/Users/USUARIO/Downloads/laravelProgramacion3/holalaravel-main/vendor/laravel/framework/src/Illuminate/Routing/Route.php(1125): is_a('App//Http//Contro...', 'Illuminate//Rout...', true)
#3 C:/Users/USUARIO/Downloads/laravelProgramacion3/holalaravel-main/vendor/laravel/framework/src/Illuminate/Routing/Route.php(1062): Illuminate/Routing/Route->controllerMiddleware()
#4 C:/Users/USUARIO/Downloads/laravelProgramacion3/holalaravel-main/vendor/laravel/framework/src/Illuminate/Routing/Router.php(834): Illuminate/Routing/Route->gatherMiddleware()
#5 C:/Users/USUARIO/Downloads/laravelProgramacion3/holalaravel-main/vendor/laravel/framework/src/Illuminate/Routing/Router.php(816): Illuminate/Routing/Router->gatherRouteMiddleware(Object(Illuminate/Routing/Route))
#6 C:/Users/USUARIO/Downloads/laravelProgramacion3/holalaravel-main/vendor/laravel/framework/src/Illuminate/Routing/Router.php(800): Illuminate/Routing/Router->runRouteWithinStack(Object(Illuminate/Routing/Route), Object(Illuminate/Http/Request))
#7 C:/Users/USUARIO/Downloads/laravelProgramacion3/holalaravel-main/vendor/laravel/framework/src/Illuminate/Routing/Router.php(764): Illuminate/Routing/Router->runRoute(Object(Illuminate/Http/Request), Object(Illuminate/Routing/Route))
#8 C:/Users/USUARIO/Downloads/laravelProgramacion3/holalaravel-main/vendor/laravel/framework/src/Illuminate/Routing/Router.php(753): Illuminate/Routing/Router->dispatchToRoute(Object(Illuminate/Http/Request))
#9 C:/Users/USUARIO/Downloads/laravelProgramacion3/holalaravel-main/vendor/laravel/framework/src/Illuminate/Foundation/Http/Kernel.php(200): Illuminate/Routing/Router->dispatch(Object(Illuminate/Http/Request))
#10 C:/Users/USUARIO/Downloads/laravelProgramacion3/holalaravel-main/vendor/laravel/framework/src/Illuminate/Pipeline/Pipeline.php(180): Illuminate/Foundation/Http/Kernel->Illuminate/Foundation/Http/{closure}(Object(Illuminate/Http/Request))
#11 C:/Users/USUARIO/Downloads/laravelProgramacion3/holalaravel-main/vendor/laravel/framework/src/Illuminate/Foundation/Http/Middleware/TransformsRequest.php(21): Illuminate/Pipeline/Pipeline->Illuminate/Pipeline/{closure}(Object(Illuminate/Http/Request))
#12 C:/Users/USUARIO/Downloads/laravelProgramacion3/holalaravel-main/vendor/laravel/framework/src/Illuminate/Foundation/Http/Middleware/ConvertEmptyStringsToNull.php(31): Illuminate/Foundation/Http/Middleware/TransformsRequest->handle(Object(Illuminate/Http/Request), Object(Closure))
#13 C:/Users/USUARIO/Downloads/laravelProgramacion3/holalaravel-main/vendor/laravel/framework/src/Illuminate/Pipeline/Pipeline.php(219): Illuminate/Foundation/Http/Middleware/ConvertEmptyStringsToNull->handle(Object(Illuminate/Http/Request), Object(Closure))
#14 C:/Users/USUARIO/Downloads/laravelProgramacion3/holalaravel-main/vendor/laravel/framework/src/Illuminate/Foundation/Http/Middleware/TransformsRequest.php(21): Illuminate/Pipeline/Pipeline->Illuminate/Pipeline/{closure}(Object(Illuminate/Http/Request))
#15 C:/Users/USUARIO/Downloads/laravelProgramacion3/holalaravel-main/vendor/laravel/framework/src/Illuminate/Foundation/Http/Middleware/TrimStrings.php(51): Illuminate/Foundation/Http/Middleware/TransformsRequest->handle(Object(Illuminate/Http/Request), Object(Closure))
#16 C:/Users/USUARIO/Downloads/laravelProgramacion3/holalaravel-main/vendor/laravel/framework/src/Illuminate/Pipeline/Pipeline.php(219): Illuminate/Foundation/Http/Middleware/TrimStrings->handle(Object(Illuminate/Http/Request), Object(Closure))
#17 C:/Users/USUARIO/Downloads/laravelProgramacion3/holalaravel-main/vendor/laravel/framework/src/Illuminate/Http/Middleware/ValidatePostSize.php(27): Illuminate/Pipeline/Pipeline->Illuminate/Pipeline/{closure}(Object(Illuminate/Http/Request))
#18 C:/Users/USUARIO/Downloads/laravelProgramacion3/holalaravel-main/vendor/laravel/framework/src/Illuminate/Pipeline/Pipeline.php(219): Illuminate/Http/Middleware/ValidatePostSize->handle(Object(Illuminate/Http/Request), Object(Closure))
#19 C:/Users/USUARIO/Downloads/laravelProgramacion3/holalaravel-main/vendor/laravel/framework/src/Illuminate/Foundation/Http/Middleware/PreventRequestsDuringMaintenance.php(109): Illuminate/Pipeline/Pipeline->Illuminate/Pipeline/{closure}(Object(Illuminate/Http/Request))
#20 C:/Users/USUARIO/Downloads/laravelProgramacion3/holalaravel-main/vendor/laravel/framework/src/Illuminate/Pipeline/Pipeline.php(219): Illuminate/Foundation/Http/Middleware/PreventRequestsDuringMaintenance->handle(Object(Illuminate/Http/Request), Object(Closure))
#21 C:/Users/USUARIO/Downloads/laravelProgramacion3/holalaravel-main/vendor/laravel/framework/src/Illuminate/Http/Middleware/HandleCors.php(61): Illuminate/Pipeline/Pipeline->Illuminate/Pipeline/{closure}(Object(Illuminate/Http/Request))
#22 C:/Users/USUARIO/Downloads/laravelProgramacion3/holalaravel-main/vendor/laravel/framework/src/Illuminate/Pipeline/Pipeline.php(219): Illuminate/Http/Middleware/HandleCors->handle(Object(Illuminate/Http/Request), Object(Closure))
#23 C:/Users/USUARIO/Downloads/laravelProgramacion3/holalaravel-main/vendor/laravel/framework/src/Illuminate/Http/Middleware/TrustProxies.php(58): Illuminate/Pipeline/Pipeline->Illuminate/Pipeline/{closure}(Object(Illuminate/Http/Request))
#24 C:/Users/USUARIO/Downloads/laravelProgramacion3/holalaravel-main/vendor/laravel/framework/src/Illuminate/Pipeline/Pipeline.php(219): Illuminate/Http/Middleware/TrustProxies->handle(Object(Illuminate/Http/Request), Object(Closure))
#25 C:/Users/USUARIO/Downloads/laravelProgramacion3/holalaravel-main/vendor/laravel/framework/src/Illuminate/Foundation/Http/Middleware/InvokeDeferredCallbacks.php(22): Illuminate/Pipeline/Pipeline->Illuminate/Pipeline/{closure}(Object(Illuminate/Http/Request))
#26 C:/Users/USUARIO/Downloads/laravelProgramacion3/holalaravel-main/vendor/laravel/framework/src/Illuminate/Pipeline/Pipeline.php(219): Illuminate/Foundation/Http/Middleware/InvokeDeferredCallbacks->handle(Object(Illuminate/Http/Request), Object(Closure))
#27 C:/Users/USUARIO/Downloads/laravelProgramacion3/holalaravel-main/vendor/laravel/framework/src/Illuminate/Http/Middleware/ValidatePathEncoding.php(26): Illuminate/Pipeline/Pipeline->Illuminate/Pipeline/{closure}(Object(Illuminate/Http/Request))
#28 C:/Users/USUARIO/Downloads/laravelProgramacion3/holalaravel-main/vendor/laravel/framework/src/Illuminate/Pipeline/Pipeline.php(219): Illuminate/Http/Middleware/ValidatePathEncoding->handle(Object(Illuminate/Http/Request), Object(Closure))
#29 C:/Users/USUARIO/Downloads/laravelProgramacion3/holalaravel-main/vendor/laravel/framework/src/Illuminate/Pipeline/Pipeline.php(137): Illuminate/Pipeline/Pipeline->Illuminate/Pipeline/{closure}(Object(Illuminate/Http/Request))
#30 C:/Users/USUARIO/Downloads/laravelProgramacion3/holalaravel-main/vendor/laravel/framework/src/Illuminate/Foundation/Http/Kernel.php(175): Illuminate/Pipeline/Pipeline->then(Object(Closure))
#31 C:/Users/USUARIO/Downloads/laravelProgramacion3/holalaravel-main/vendor/laravel/framework/src/Illuminate/Foundation/Http/Kernel.php(144): Illuminate/Foundation/Http/Kernel->sendRequestThroughRouter(Object(Illuminate/Http/Request))
#32 C:/Users/USUARIO/Downloads/laravelProgramacion3/holalaravel-main/vendor/laravel/framework/src/Illuminate/Foundation/Application.php(1220): Illuminate/Foundation/Http/Kernel->handle(Object(Illuminate/Http/Request))
#33 C:/Users/USUARIO/Downloads/laravelProgramacion3/holalaravel-main/public/index.php(20): Illuminate/Foundation/Application->handleRequest(Object(Illuminate/Http/Request))
#34 C:/Users/USUARIO/Downloads/laravelProgramacion3/holalaravel-main/vendor/laravel/framework/src/Illuminate/Foundation/resources/server.php(23): require_once('C://Users//USUARI...')
#35 {main}
"} 
[2026-04-11 19:43:00] local.ERROR: Vite manifest not found at: C:\Users\USUARIO\Downloads\laravelProgramacion3\holalaravel-main\public\build/manifest.json (View: C:\Users\USUARIO\Downloads\laravelProgramacion3\holalaravel-main\resources\views\layouts\plantilla.blade.php) (View: C:\Users\USUARIO\Downloads\laravelProgramacion3\holalaravel-main\resources\views\layouts\plantilla.blade.php) {"exception":"[object] (Illuminate\\View\\ViewException(code: 0): Vite manifest not found at: C:\\Users\\USUARIO\\Downloads\\laravelProgramacion3\\holalaravel-main\\public\\build/manifest.json (View: C:\\Users\\USUARIO\\Downloads\\laravelProgramacion3\\holalaravel-main\\resources\\views\\layouts\\plantilla.blade.php) (View: C:\\Users\\USUARIO\\Downloads\\laravelProgramacion3\\holalaravel-main\\resources\\views\\layouts\\plantilla.blade.php) at C:/Users/USUARIO/Downloads/laravelProgramacion3/holalaravel-main/vendor/laravel/framework/src/Illuminate/Foundation/Vite.php:946)
[stacktrace]
#0 C:/Users/USUARIO/Downloads/laravelProgramacion3/holalaravel-main/vendor/laravel/framework/src/Illuminate/View/Engines/PhpEngine.php(59): Illuminate/View/Engines/CompilerEngine->handleViewException(Object(Illuminate/View/ViewException), 1)
#1 C:/Users/USUARIO/Downloads/laravelProgramacion3/holalaravel-main/vendor/laravel/framework/src/Illuminate/View/Engines/CompilerEngine.php(76): Illuminate/View/Engines/PhpEngine->evaluatePath('C://Users//USUARI...', Array)
#2 C:/Users/USUARIO/Downloads/laravelProgramacion3/holalaravel-main/vendor/laravel/framework/src/Illuminate/View/View.php(208): Illuminate/View/Engines/CompilerEngine->get('C://Users//USUARI...', Array)
#3 C:/Users/USUARIO/Downloads/laravelProgramacion3/holalaravel-main/vendor/laravel/framework/src/Illuminate/View/View.php(191): Illuminate/View/View->getContents()
#4 C:/Users/USUARIO/Downloads/laravelProgramacion3/holalaravel-main/vendor/laravel/framework/src/Illuminate/View/View.php(160): Illuminate/View/View->renderContents()
#5 C:/Users/USUARIO/Downloads/laravelProgramacion3/holalaravel-main/vendor/laravel/framework/src/Illuminate/Http/Response.php(78): Illuminate/View/View->render()
#6 C:/Users/USUARIO/Downloads/laravelProgramacion3/holalaravel-main/vendor/laravel/framework/src/Illuminate/Http/Response.php(34): Illuminate/Http/Response->setContent(Object(Illuminate/View/View))
#7 C:/Users/USUARIO/Downloads/laravelProgramacion3/holalaravel-main/vendor/laravel/framework/src/Illuminate/Routing/Router.php(939): Illuminate/Http/Response->__construct(Object(Illuminate/View/View), 200, Array)
#8 C:/Users/USUARIO/Downloads/laravelProgramacion3/holalaravel-main/vendor/laravel/framework/src/Illuminate/Routing/Router.php(906): Illuminate/Routing/Router::toResponse(Object(Illuminate/Http/Request), Object(Illuminate/View/View))
#9 C:/Users/USUARIO/Downloads/laravelProgramacion3/holalaravel-main/vendor/laravel/framework/src/Illuminate/Routing/Router.php(821): Illuminate/Routing/Router->prepareResponse(Object(Illuminate/Http/Request), Object(Illuminate/View/View))
#10 C:/Users/USUARIO/Downloads/laravelProgramacion3/holalaravel-main/vendor/laravel/framework/src/Illuminate/Pipeline/Pipeline.php(180): Illuminate/Routing/Router->Illuminate/Routing/{closure}(Object(Illuminate/Http/Request))
#11 C:/Users/USUARIO/Downloads/laravelProgramacion3/holalaravel-main/vendor/laravel/framework/src/Illuminate/Routing/Middleware/SubstituteBindings.php(50): Illuminate/Pipeline/Pipeline->Illuminate/Pipeline/{closure}(Object(Illuminate/Http/Request))
#12 C:/Users/USUARIO/Downloads/laravelProgramacion3/holalaravel-main/vendor/laravel/framework/src/Illuminate/Pipeline/Pipeline.php(219): Illuminate/Routing/Middleware/SubstituteBindings->handle(Object(Illuminate/Http/Request), Object(Closure))
#13 C:/Users/USUARIO/Downloads/laravelProgramacion3/holalaravel-main/vendor/laravel/framework/src/Illuminate/Foundation/Http/Middleware/VerifyCsrfToken.php(87): Illuminate/Pipeline/Pipeline->Illuminate/Pipeline/{closure}(Object(Illuminate/Http/Request))
#14 C:/Users/USUARIO/Downloads/laravelProgramacion3/holalaravel-main/vendor/laravel/framework/src/Illuminate/Pipeline/Pipeline.php(219): Illuminate/Foundation/Http/Middleware/VerifyCsrfToken->handle(Object(Illuminate/Http/Request), Object(Closure))
#15 C:/Users/USUARIO/Downloads/laravelProgramacion3/holalaravel-main/vendor/laravel/framework/src/Illuminate/View/Middleware/ShareErrorsFromSession.php(48): Illuminate/Pipeline/Pipeline->Illuminate/Pipeline/{closure}(Object(Illuminate/Http/Request))
#16 C:/Users/USUARIO/Downloads/laravelProgramacion3/holalaravel-main/vendor/laravel/framework/src/Illuminate/Pipeline/Pipeline.php(219): Illuminate/View/Middleware/ShareErrorsFromSession->handle(Object(Illuminate/Http/Request), Object(Closure))
#17 C:/Users/USUARIO/Downloads/laravelProgramacion3/holalaravel-main/vendor/laravel/framework/src/Illuminate/Session/Middleware/StartSession.php(120): Illuminate/Pipeline/Pipeline->Illuminate/Pipeline/{closure}(Object(Illuminate/Http/Request))
#18 C:/Users/USUARIO/Downloads/laravelProgramacion3/holalaravel-main/vendor/laravel/framework/src/Illuminate/Session/Middleware/StartSession.php(63): Illuminate/Session/Middleware/StartSession->handleStatefulRequest(Object(Illuminate/Http/Request), Object(Illuminate/Session/Store), Object(Closure))
#19 C:/Users/USUARIO/Downloads/laravelProgramacion3/holalaravel-main/vendor/laravel/framework/src/Illuminate/Pipeline/Pipeline.php(219): Illuminate/Session/Middleware/StartSession->handle(Object(Illuminate/Http/Request), Object(Closure))
#20 C:/Users/USUARIO/Downloads/laravelProgramacion3/holalaravel-main/vendor/laravel/framework/src/Illuminate/Cookie/Middleware/AddQueuedCookiesToResponse.php(36): Illuminate/Pipeline/Pipeline->Illuminate/Pipeline/{closure}(Object(Illuminate/Http/Request))
#21 C:/Users/USUARIO/Downloads/laravelProgramacion3/holalaravel-main/vendor/laravel/framework/src/Illuminate/Pipeline/Pipeline.php(219): Illuminate/Cookie/Middleware/AddQueuedCookiesToResponse->handle(Object(Illuminate/Http/Request), Object(Closure))
#22 C:/Users/USUARIO/Downloads/laravelProgramacion3/holalaravel-main/vendor/laravel/framework/src/Illuminate/Cookie/Middleware/EncryptCookies.php(74): Illuminate/Pipeline/Pipeline->Illuminate/Pipeline/{closure}(Object(Illuminate/Http/Request))
#23 C:/Users/USUARIO/Downloads/laravelProgramacion3/holalaravel-main/vendor/laravel/framework/src/Illuminate/Pipeline/Pipeline.php(219): Illuminate/Cookie/Middleware/EncryptCookies->handle(Object(Illuminate/Http/Request), Object(Closure))
#24 C:/Users/USUARIO/Downloads/laravelProgramacion3/holalaravel-main/vendor/laravel/framework/src/Illuminate/Pipeline/Pipeline.php(137): Illuminate/Pipeline/Pipeline->Illuminate/Pipeline/{closure}(Object(Illuminate/Http/Request))
#25 C:/Users/USUARIO/Downloads/laravelProgramacion3/holalaravel-main/vendor/laravel/framework/src/Illuminate/Routing/Router.php(821): Illuminate/Pipeline/Pipeline->then(Object(Closure))
#26 C:/Users/USUARIO/Downloads/laravelProgramacion3/holalaravel-main/vendor/laravel/framework/src/Illuminate/Routing/Router.php(800): Illuminate/Routing/Router->runRouteWithinStack(Object(Illuminate/Routing/Route), Object(Illuminate/Http/Request))
#27 C:/Users/USUARIO/Downloads/laravelProgramacion3/holalaravel-main/vendor/laravel/framework/src/Illuminate/Routing/Router.php(764): Illuminate/Routing/Router->runRoute(Object(Illuminate/Http/Request), Object(Illuminate/Routing/Route))
#28 C:/Users/USUARIO/Downloads/laravelProgramacion3/holalaravel-main/vendor/laravel/framework/src/Illuminate/Routing/Router.php(753): Illuminate/Routing/Router->dispatchToRoute(Object(Illuminate/Http/Request))
#29 C:/Users/USUARIO/Downloads/laravelProgramacion3/holalaravel-main/vendor/laravel/framework/src/Illuminate/Foundation/Http/Kernel.php(200): Illuminate/Routing/Router->dispatch(Object(Illuminate/Http/Request))
#30 C:/Users/USUARIO/Downloads/laravelProgramacion3/holalaravel-main/vendor/laravel/framework/src/Illuminate/Pipeline/Pipeline.php(180): Illuminate/Foundation/Http/Kernel->Illuminate/Foundation/Http/{closure}(Object(Illuminate/Http/Request))
#31 C:/Users/USUARIO/Downloads/laravelProgramacion3/holalaravel-main/vendor/laravel/framework/src/Illuminate/Foundation/Http/Middleware/TransformsRequest.php(21): Illuminate/Pipeline/Pipeline->Illuminate/Pipeline/{closure}(Object(Illuminate/Http/Request))
#32 C:/Users/USUARIO/Downloads/laravelProgramacion3/holalaravel-main/vendor/laravel/framework/src/Illuminate/Foundation/Http/Middleware/ConvertEmptyStringsToNull.php(31): Illuminate/Foundation/Http/Middleware/TransformsRequest->handle(Object(Illuminate/Http/Request), Object(Closure))
#33 C:/Users/USUARIO/Downloads/laravelProgramacion3/holalaravel-main/vendor/laravel/framework/src/Illuminate/Pipeline/Pipeline.php(219): Illuminate/Foundation/Http/Middleware/ConvertEmptyStringsToNull->handle(Object(Illuminate/Http/Request), Object(Closure))
#34 C:/Users/USUARIO/Downloads/laravelProgramacion3/holalaravel-main/vendor/laravel/framework/src/Illuminate/Foundation/Http/Middleware/TransformsRequest.php(21): Illuminate/Pipeline/Pipeline->Illuminate/Pipeline/{closure}(Object(Illuminate/Http/Request))
#35 C:/Users/USUARIO/Downloads/laravelProgramacion3/holalaravel-main/vendor/laravel/framework/src/Illuminate/Foundation/Http/Middleware/TrimStrings.php(51): Illuminate/Foundation/Http/Middleware/TransformsRequest->handle(Object(Illuminate/Http/Request), Object(Closure))
#36 C:/Users/USUARIO/Downloads/laravelProgramacion3/holalaravel-main/vendor/laravel/framework/src/Illuminate/Pipeline/Pipeline.php(219): Illuminate/Foundation/Http/Middleware/TrimStrings->handle(Object(Illuminate/Http/Request), Object(Closure))
#37 C:/Users/USUARIO/Downloads/laravelProgramacion3/holalaravel-main/vendor/laravel/framework/src/Illuminate/Http/Middleware/ValidatePostSize.php(27): Illuminate/Pipeline/Pipeline->Illuminate/Pipeline/{closure}(Object(Illuminate/Http/Request))
#38 C:/Users/USUARIO/Downloads/laravelProgramacion3/holalaravel-main/vendor/laravel/framework/src/Illuminate/Pipeline/Pipeline.php(219): Illuminate/Http/Middleware/ValidatePostSize->handle(Object(Illuminate/Http/Request), Object(Closure))
#39 C:/Users/USUARIO/Downloads/laravelProgramacion3/holalaravel-main/vendor/laravel/framework/src/Illuminate/Foundation/Http/Middleware/PreventRequestsDuringMaintenance.php(109): Illuminate/Pipeline/Pipeline->Illuminate/Pipeline/{closure}(Object(Illuminate/Http/Request))
#40 C:/Users/USUARIO/Downloads/laravelProgramacion3/holalaravel-main/vendor/laravel/framework/src/Illuminate/Pipeline/Pipeline.php(219): Illuminate/Foundation/Http/Middleware/PreventRequestsDuringMaintenance->handle(Object(Illuminate/Http/Request), Object(Closure))
#41 C:/Users/USUARIO/Downloads/laravelProgramacion3/holalaravel-main/vendor/laravel/framework/src/Illuminate/Http/Middleware/HandleCors.php(61): Illuminate/Pipeline/Pipeline->Illuminate/Pipeline/{closure}(Object(Illuminate/Http/Request))
#42 C:/Users/USUARIO/Downloads/laravelProgramacion3/holalaravel-main/vendor/laravel/framework/src/Illuminate/Pipeline/Pipeline.php(219): Illuminate/Http/Middleware/HandleCors->handle(Object(Illuminate/Http/Request), Object(Closure))
#43 C:/Users/USUARIO/Downloads/laravelProgramacion3/holalaravel-main/vendor/laravel/framework/src/Illuminate/Http/Middleware/TrustProxies.php(58): Illuminate/Pipeline/Pipeline->Illuminate/Pipeline/{closure}(Object(Illuminate/Http/Request))
#44 C:/Users/USUARIO/Downloads/laravelProgramacion3/holalaravel-main/vendor/laravel/framework/src/Illuminate/Pipeline/Pipeline.php(219): Illuminate/Http/Middleware/TrustProxies->handle(Object(Illuminate/Http/Request), Object(Closure))
#45 C:/Users/USUARIO/Downloads/laravelProgramacion3/holalaravel-main/vendor/laravel/framework/src/Illuminate/Foundation/Http/Middleware/InvokeDeferredCallbacks.php(22): Illuminate/Pipeline/Pipeline->Illuminate/Pipeline/{closure}(Object(Illuminate/Http/Request))
#46 C:/Users/USUARIO/Downloads/laravelProgramacion3/holalaravel-main/vendor/laravel/framework/src/Illuminate/Pipeline/Pipeline.php(219): Illuminate/Foundation/Http/Middleware/InvokeDeferredCallbacks->handle(Object(Illuminate/Http/Request), Object(Closure))
#47 C:/Users/USUARIO/Downloads/laravelProgramacion3/holalaravel-main/vendor/laravel/framework/src/Illuminate/Http/Middleware/ValidatePathEncoding.php(26): Illuminate/Pipeline/Pipeline->Illuminate/Pipeline/{closure}(Object(Illuminate/Http/Request))
#48 C:/Users/USUARIO/Downloads/laravelProgramacion3/holalaravel-main/vendor/laravel/framework/src/Illuminate/Pipeline/Pipeline.php(219): Illuminate/Http/Middleware/ValidatePathEncoding->handle(Object(Illuminate/Http/Request), Object(Closure))
#49 C:/Users/USUARIO/Downloads/laravelProgramacion3/holalaravel-main/vendor/laravel/framework/src/Illuminate/Pipeline/Pipeline.php(137): Illuminate/Pipeline/Pipeline->Illuminate/Pipeline/{closure}(Object(Illuminate/Http/Request))
#50 C:/Users/USUARIO/Downloads/laravelProgramacion3/holalaravel-main/vendor/laravel/framework/src/Illuminate/Foundation/Http/Kernel.php(175): Illuminate/Pipeline/Pipeline->then(Object(Closure))
#51 C:/Users/USUARIO/Downloads/laravelProgramacion3/holalaravel-main/vendor/laravel/framework/src/Illuminate/Foundation/Http/Kernel.php(144): Illuminate/Foundation/Http/Kernel->sendRequestThroughRouter(Object(Illuminate/Http/Request))
#52 C:/Users/USUARIO/Downloads/laravelProgramacion3/holalaravel-main/vendor/laravel/framework/src/Illuminate/Foundation/Application.php(1220): Illuminate/Foundation/Http/Kernel->handle(Object(Illuminate/Http/Request))
#53 C:/Users/USUARIO/Downloads/laravelProgramacion3/holalaravel-main/public/index.php(20): Illuminate/Foundation/Application->handleRequest(Object(Illuminate/Http/Request))
#54 C:/Users/USUARIO/Downloads/laravelProgramacion3/holalaravel-main/vendor/laravel/framework/src/Illuminate/Foundation/resources/server.php(23): require_once('C://Users//USUARI...')
#55 {main}

[previous exception] [object] (Illuminate\\View\\ViewException(code: 0): Vite manifest not found at: C:\\Users\\USUARIO\\Downloads\\laravelProgramacion3\\holalaravel-main\\public\\build/manifest.json (View: C:\\Users\\USUARIO\\Downloads\\laravelProgramacion3\\holalaravel-main\\resources\\views\\layouts\\plantilla.blade.php) at C:/Users/USUARIO/Downloads/laravelProgramacion3/holalaravel-main/vendor/laravel/framework/src/Illuminate/Foundation/Vite.php:946)
[stacktrace]
#0 C:/Users/USUARIO/Downloads/laravelProgramacion3/holalaravel-main/vendor/laravel/framework/src/Illuminate/View/Engines/PhpEngine.php(59): Illuminate/View/Engines/CompilerEngine->handleViewException(Object(Illuminate/Foundation/ViteManifestNotFoundException), 2)
#1 C:/Users/USUARIO/Downloads/laravelProgramacion3/holalaravel-main/vendor/laravel/framework/src/Illuminate/View/Engines/CompilerEngine.php(76): Illuminate/View/Engines/PhpEngine->evaluatePath('C://Users//USUARI...', Array)
#2 C:/Users/USUARIO/Downloads/laravelProgramacion3/holalaravel-main/vendor/laravel/framework/src/Illuminate/View/View.php(208): Illuminate/View/Engines/CompilerEngine->get('C://Users//USUARI...', Array)
#3 C:/Users/USUARIO/Downloads/laravelProgramacion3/holalaravel-main/vendor/laravel/framework/src/Illuminate/View/View.php(191): Illuminate/View/View->getContents()
#4 C:/Users/USUARIO/Downloads/laravelProgramacion3/holalaravel-main/vendor/laravel/framework/src/Illuminate/View/View.php(160): Illuminate/View/View->renderContents()
#5 C:/Users/USUARIO/Downloads/laravelProgramacion3/holalaravel-main/storage/framework/views/7fa6daa05ea85ea9c7bb553645429aa5.php(103): Illuminate/View/View->render()
#6 C:/Users/USUARIO/Downloads/laravelProgramacion3/holalaravel-main/vendor/laravel/framework/src/Illuminate/Filesystem/Filesystem.php(123): require('C://Users//USUARI...')
#7 C:/Users/USUARIO/Downloads/laravelProgramacion3/holalaravel-main/vendor/laravel/framework/src/Illuminate/Filesystem/Filesystem.php(124): Illuminate/Filesystem/Filesystem::Illuminate/Filesystem/{closure}()
#8 C:/Users/USUARIO/Downloads/laravelProgramacion3/holalaravel-main/vendor/laravel/framework/src/Illuminate/View/Engines/PhpEngine.php(57): Illuminate/Filesystem/Filesystem->getRequire('C://Users//USUARI...', Array)
#9 C:/Users/USUARIO/Downloads/laravelProgramacion3/holalaravel-main/vendor/laravel/framework/src/Illuminate/View/Engines/CompilerEngine.php(76): Illuminate/View/Engines/PhpEngine->evaluatePath('C://Users//USUARI...', Array)
#10 C:/Users/USUARIO/Downloads/laravelProgramacion3/holalaravel-main/vendor/laravel/framework/src/Illuminate/View/View.php(208): Illuminate/View/Engines/CompilerEngine->get('C://Users//USUARI...', Array)
#11 C:/Users/USUARIO/Downloads/laravelProgramacion3/holalaravel-main/vendor/laravel/framework/src/Illuminate/View/View.php(191): Illuminate/View/View->getContents()
#12 C:/Users/USUARIO/Downloads/laravelProgramacion3/holalaravel-main/vendor/laravel/framework/src/Illuminate/View/View.php(160): Illuminate/View/View->renderContents()
#13 C:/Users/USUARIO/Downloads/laravelProgramacion3/holalaravel-main/vendor/laravel/framework/src/Illuminate/Http/Response.php(78): Illuminate/View/View->render()
#14 C:/Users/USUARIO/Downloads/laravelProgramacion3/holalaravel-main/vendor/laravel/framework/src/Illuminate/Http/Response.php(34): Illuminate/Http/Response->setContent(Object(Illuminate/View/View))
#15 C:/Users/USUARIO/Downloads/laravelProgramacion3/holalaravel-main/vendor/laravel/framework/src/Illuminate/Routing/Router.php(939): Illuminate/Http/Response->__construct(Object(Illuminate/View/View), 200, Array)
#16 C:/Users/USUARIO/Downloads/laravelProgramacion3/holalaravel-main/vendor/laravel/framework/src/Illuminate/Routing/Router.php(906): Illuminate/Routing/Router::toResponse(Object(Illuminate/Http/Request), Object(Illuminate/View/View))
#17 C:/Users/USUARIO/Downloads/laravelProgramacion3/holalaravel-main/vendor/laravel/framework/src/Illuminate/Routing/Router.php(821): Illuminate/Routing/Router->prepareResponse(Object(Illuminate/Http/Request), Object(Illuminate/View/View))
#18 C:/Users/USUARIO/Downloads/laravelProgramacion3/holalaravel-main/vendor/laravel/framework/src/Illuminate/Pipeline/Pipeline.php(180): Illuminate/Routing/Router->Illuminate/Routing/{closure}(Object(Illuminate/Http/Request))
#19 C:/Users/USUARIO/Downloads/laravelProgramacion3/holalaravel-main/vendor/laravel/framework/src/Illuminate/Routing/Middleware/SubstituteBindings.php(50): Illuminate/Pipeline/Pipeline->Illuminate/Pipeline/{closure}(Object(Illuminate/Http/Request))
#20 C:/Users/USUARIO/Downloads/laravelProgramacion3/holalaravel-main/vendor/laravel/framework/src/Illuminate/Pipeline/Pipeline.php(219): Illuminate/Routing/Middleware/SubstituteBindings->handle(Object(Illuminate/Http/Request), Object(Closure))
#21 C:/Users/USUARIO/Downloads/laravelProgramacion3/holalaravel-main/vendor/laravel/framework/src/Illuminate/Foundation/Http/Middleware/VerifyCsrfToken.php(87): Illuminate/Pipeline/Pipeline->Illuminate/Pipeline/{closure}(Object(Illuminate/Http/Request))
#22 C:/Users/USUARIO/Downloads/laravelProgramacion3/holalaravel-main/vendor/laravel/framework/src/Illuminate/Pipeline/Pipeline.php(219): Illuminate/Foundation/Http/Middleware/VerifyCsrfToken->handle(Object(Illuminate/Http/Request), Object(Closure))
#23 C:/Users/USUARIO/Downloads/laravelProgramacion3/holalaravel-main/vendor/laravel/framework/src/Illuminate/View/Middleware/ShareErrorsFromSession.php(48): Illuminate/Pipeline/Pipeline->Illuminate/Pipeline/{closure}(Object(Illuminate/Http/Request))
#24 C:/Users/USUARIO/Downloads/laravelProgramacion3/holalaravel-main/vendor/laravel/framework/src/Illuminate/Pipeline/Pipeline.php(219): Illuminate/View/Middleware/ShareErrorsFromSession->handle(Object(Illuminate/Http/Request), Object(Closure))
#25 C:/Users/USUARIO/Downloads/laravelProgramacion3/holalaravel-main/vendor/laravel/framework/src/Illuminate/Session/Middleware/StartSession.php(120): Illuminate/Pipeline/Pipeline->Illuminate/Pipeline/{closure}(Object(Illuminate/Http/Request))
#26 C:/Users/USUARIO/Downloads/laravelProgramacion3/holalaravel-main/vendor/laravel/framework/src/Illuminate/Session/Middleware/StartSession.php(63): Illuminate/Session/Middleware/StartSession->handleStatefulRequest(Object(Illuminate/Http/Request), Object(Illuminate/Session/Store), Object(Closure))
#27 C:/Users/USUARIO/Downloads/laravelProgramacion3/holalaravel-main/vendor/laravel/framework/src/Illuminate/Pipeline/Pipeline.php(219): Illuminate/Session/Middleware/StartSession->handle(Object(Illuminate/Http/Request), Object(Closure))
#28 C:/Users/USUARIO/Downloads/laravelProgramacion3/holalaravel-main/vendor/laravel/framework/src/Illuminate/Cookie/Middleware/AddQueuedCookiesToResponse.php(36): Illuminate/Pipeline/Pipeline->Illuminate/Pipeline/{closure}(Object(Illuminate/Http/Request))
#29 C:/Users/USUARIO/Downloads/laravelProgramacion3/holalaravel-main/vendor/laravel/framework/src/Illuminate/Pipeline/Pipeline.php(219): Illuminate/Cookie/Middleware/AddQueuedCookiesToResponse->handle(Object(Illuminate/Http/Request), Object(Closure))
#30 C:/Users/USUARIO/Downloads/laravelProgramacion3/holalaravel-main/vendor/laravel/framework/src/Illuminate/Cookie/Middleware/EncryptCookies.php(74): Illuminate/Pipeline/Pipeline->Illuminate/Pipeline/{closure}(Object(Illuminate/Http/Request))
#31 C:/Users/USUARIO/Downloads/laravelProgramacion3/holalaravel-main/vendor/laravel/framework/src/Illuminate/Pipeline/Pipeline.php(219): Illuminate/Cookie/Middleware/EncryptCookies->handle(Object(Illuminate/Http/Request), Object(Closure))
#32 C:/Users/USUARIO/Downloads/laravelProgramacion3/holalaravel-main/vendor/laravel/framework/src/Illuminate/Pipeline/Pipeline.php(137): Illuminate/Pipeline/Pipeline->Illuminate/Pipeline/{closure}(Object(Illuminate/Http/Request))
#33 C:/Users/USUARIO/Downloads/laravelProgramacion3/holalaravel-main/vendor/laravel/framework/src/Illuminate/Routing/Router.php(821): Illuminate/Pipeline/Pipeline->then(Object(Closure))
#34 C:/Users/USUARIO/Downloads/laravelProgramacion3/holalaravel-main/vendor/laravel/framework/src/Illuminate/Routing/Router.php(800): Illuminate/Routing/Router->runRouteWithinStack(Object(Illuminate/Routing/Route), Object(Illuminate/Http/Request))
#35 C:/Users/USUARIO/Downloads/laravelProgramacion3/holalaravel-main/vendor/laravel/framework/src/Illuminate/Routing/Router.php(764): Illuminate/Routing/Router->runRoute(Object(Illuminate/Http/Request), Object(Illuminate/Routing/Route))
#36 C:/Users/USUARIO/Downloads/laravelProgramacion3/holalaravel-main/vendor/laravel/framework/src/Illuminate/Routing/Router.php(753): Illuminate/Routing/Router->dispatchToRoute(Object(Illuminate/Http/Request))
#37 C:/Users/USUARIO/Downloads/laravelProgramacion3/holalaravel-main/vendor/laravel/framework/src/Illuminate/Foundation/Http/Kernel.php(200): Illuminate/Routing/Router->dispatch(Object(Illuminate/Http/Request))
#38 C:/Users/USUARIO/Downloads/laravelProgramacion3/holalaravel-main/vendor/laravel/framework/src/Illuminate/Pipeline/Pipeline.php(180): Illuminate/Foundation/Http/Kernel->Illuminate/Foundation/Http/{closure}(Object(Illuminate/Http/Request))
#39 C:/Users/USUARIO/Downloads/laravelProgramacion3/holalaravel-main/vendor/laravel/framework/src/Illuminate/Foundation/Http/Middleware/TransformsRequest.php(21): Illuminate/Pipeline/Pipeline->Illuminate/Pipeline/{closure}(Object(Illuminate/Http/Request))
#40 C:/Users/USUARIO/Downloads/laravelProgramacion3/holalaravel-main/vendor/laravel/framework/src/Illuminate/Foundation/Http/Middleware/ConvertEmptyStringsToNull.php(31): Illuminate/Foundation/Http/Middleware/TransformsRequest->handle(Object(Illuminate/Http/Request), Object(Closure))
#41 C:/Users/USUARIO/Downloads/laravelProgramacion3/holalaravel-main/vendor/laravel/framework/src/Illuminate/Pipeline/Pipeline.php(219): Illuminate/Foundation/Http/Middleware/ConvertEmptyStringsToNull->handle(Object(Illuminate/Http/Request), Object(Closure))
#42 C:/Users/USUARIO/Downloads/laravelProgramacion3/holalaravel-main/vendor/laravel/framework/src/Illuminate/Foundation/Http/Middleware/TransformsRequest.php(21): Illuminate/Pipeline/Pipeline->Illuminate/Pipeline/{closure}(Object(Illuminate/Http/Request))
#43 C:/Users/USUARIO/Downloads/laravelProgramacion3/holalaravel-main/vendor/laravel/framework/src/Illuminate/Foundation/Http/Middleware/TrimStrings.php(51): Illuminate/Foundation/Http/Middleware/TransformsRequest->handle(Object(Illuminate/Http/Request), Object(Closure))
#44 C:/Users/USUARIO/Downloads/laravelProgramacion3/holalaravel-main/vendor/laravel/framework/src/Illuminate/Pipeline/Pipeline.php(219): Illuminate/Foundation/Http/Middleware/TrimStrings->handle(Object(Illuminate/Http/Request), Object(Closure))
#45 C:/Users/USUARIO/Downloads/laravelProgramacion3/holalaravel-main/vendor/laravel/framework/src/Illuminate/Http/Middleware/ValidatePostSize.php(27): Illuminate/Pipeline/Pipeline->Illuminate/Pipeline/{closure}(Object(Illuminate/Http/Request))
#46 C:/Users/USUARIO/Downloads/laravelProgramacion3/holalaravel-main/vendor/laravel/framework/src/Illuminate/Pipeline/Pipeline.php(219): Illuminate/Http/Middleware/ValidatePostSize->handle(Object(Illuminate/Http/Request), Object(Closure))
#47 C:/Users/USUARIO/Downloads/laravelProgramacion3/holalaravel-main/vendor/laravel/framework/src/Illuminate/Foundation/Http/Middleware/PreventRequestsDuringMaintenance.php(109): Illuminate/Pipeline/Pipeline->Illuminate/Pipeline/{closure}(Object(Illuminate/Http/Request))
#48 C:/Users/USUARIO/Downloads/laravelProgramacion3/holalaravel-main/vendor/laravel/framework/src/Illuminate/Pipeline/Pipeline.php(219): Illuminate/Foundation/Http/Middleware/PreventRequestsDuringMaintenance->handle(Object(Illuminate/Http/Request), Object(Closure))
#49 C:/Users/USUARIO/Downloads/laravelProgramacion3/holalaravel-main/vendor/laravel/framework/src/Illuminate/Http/Middleware/HandleCors.php(61): Illuminate/Pipeline/Pipeline->Illuminate/Pipeline/{closure}(Object(Illuminate/Http/Request))
#50 C:/Users/USUARIO/Downloads/laravelProgramacion3/holalaravel-main/vendor/laravel/framework/src/Illuminate/Pipeline/Pipeline.php(219): Illuminate/Http/Middleware/HandleCors->handle(Object(Illuminate/Http/Request), Object(Closure))
#51 C:/Users/USUARIO/Downloads/laravelProgramacion3/holalaravel-main/vendor/laravel/framework/src/Illuminate/Http/Middleware/TrustProxies.php(58): Illuminate/Pipeline/Pipeline->Illuminate/Pipeline/{closure}(Object(Illuminate/Http/Request))
#52 C:/Users/USUARIO/Downloads/laravelProgramacion3/holalaravel-main/vendor/laravel/framework/src/Illuminate/Pipeline/Pipeline.php(219): Illuminate/Http/Middleware/TrustProxies->handle(Object(Illuminate/Http/Request), Object(Closure))
#53 C:/Users/USUARIO/Downloads/laravelProgramacion3/holalaravel-main/vendor/laravel/framework/src/Illuminate/Foundation/Http/Middleware/InvokeDeferredCallbacks.php(22): Illuminate/Pipeline/Pipeline->Illuminate/Pipeline/{closure}(Object(Illuminate/Http/Request))
#54 C:/Users/USUARIO/Downloads/laravelProgramacion3/holalaravel-main/vendor/laravel/framework/src/Illuminate/Pipeline/Pipeline.php(219): Illuminate/Foundation/Http/Middleware/InvokeDeferredCallbacks->handle(Object(Illuminate/Http/Request), Object(Closure))
#55 C:/Users/USUARIO/Downloads/laravelProgramacion3/holalaravel-main/vendor/laravel/framework/src/Illuminate/Http/Middleware/ValidatePathEncoding.php(26): Illuminate/Pipeline/Pipeline->Illuminate/Pipeline/{closure}(Object(Illuminate/Http/Request))
#56 C:/Users/USUARIO/Downloads/laravelProgramacion3/holalaravel-main/vendor/laravel/framework/src/Illuminate/Pipeline/Pipeline.php(219): Illuminate/Http/Middleware/ValidatePathEncoding->handle(Object(Illuminate/Http/Request), Object(Closure))
#57 C:/Users/USUARIO/Downloads/laravelProgramacion3/holalaravel-main/vendor/laravel/framework/src/Illuminate/Pipeline/Pipeline.php(137): Illuminate/Pipeline/Pipeline->Illuminate/Pipeline/{closure}(Object(Illuminate/Http/Request))
#58 C:/Users/USUARIO/Downloads/laravelProgramacion3/holalaravel-main/vendor/laravel/framework/src/Illuminate/Foundation/Http/Kernel.php(175): Illuminate/Pipeline/Pipeline->then(Object(Closure))
#59 C:/Users/USUARIO/Downloads/laravelProgramacion3/holalaravel-main/vendor/laravel/framework/src/Illuminate/Foundation/Http/Kernel.php(144): Illuminate/Foundation/Http/Kernel->sendRequestThroughRouter(Object(Illuminate/Http/Request))
#60 C:/Users/USUARIO/Downloads/laravelProgramacion3/holalaravel-main/vendor/laravel/framework/src/Illuminate/Foundation/Application.php(1220): Illuminate/Foundation/Http/Kernel->handle(Object(Illuminate/Http/Request))
#61 C:/Users/USUARIO/Downloads/laravelProgramacion3/holalaravel-main/public/index.php(20): Illuminate/Foundation/Application->handleRequest(Object(Illuminate/Http/Request))
#62 C:/Users/USUARIO/Downloads/laravelProgramacion3/holalaravel-main/vendor/laravel/framework/src/Illuminate/Foundation/resources/server.php(23): require_once('C://Users//USUARI...')
#63 {main}

[previous exception] [object] (Illuminate\\Foundation\\ViteManifestNotFoundException(code: 0): Vite manifest not found at: C:\\Users\\USUARIO\\Downloads\\laravelProgramacion3\\holalaravel-main\\public\\build/manifest.json at C:/Users/USUARIO/Downloads/laravelProgramacion3/holalaravel-main/vendor/laravel/framework/src/Illuminate/Foundation/Vite.php:946)
[stacktrace]
#0 C:/Users/USUARIO/Downloads/laravelProgramacion3/holalaravel-main/vendor/laravel/framework/src/Illuminate/Foundation/Vite.php(384): Illuminate/Foundation/Vite->manifest('build')
#1 C:/Users/USUARIO/Downloads/laravelProgramacion3/holalaravel-main/storage/framework/views/75f4a2e59becc873479887215b8f2ad2.php(11): Illuminate/Foundation/Vite->__invoke(Object(Illuminate/Support/Collection))
#2 C:/Users/USUARIO/Downloads/laravelProgramacion3/holalaravel-main/vendor/laravel/framework/src/Illuminate/Filesystem/Filesystem.php(123): require('C://Users//USUARI...')
#3 C:/Users/USUARIO/Downloads/laravelProgramacion3/holalaravel-main/vendor/laravel/framework/src/Illuminate/Filesystem/Filesystem.php(124): Illuminate/Filesystem/Filesystem::Illuminate/Filesystem/{closure}()
#4 C:/Users/USUARIO/Downloads/laravelProgramacion3/holalaravel-main/vendor/laravel/framework/src/Illuminate/View/Engines/PhpEngine.php(57): Illuminate/Filesystem/Filesystem->getRequire('C://Users//USUARI...', Array)
#5 C:/Users/USUARIO/Downloads/laravelProgramacion3/holalaravel-main/vendor/laravel/framework/src/Illuminate/View/Engines/CompilerEngine.php(76): Illuminate/View/Engines/PhpEngine->evaluatePath('C://Users//USUARI...', Array)
#6 C:/Users/USUARIO/Downloads/laravelProgramacion3/holalaravel-main/vendor/laravel/framework/src/Illuminate/View/View.php(208): Illuminate/View/Engines/CompilerEngine->get('C://Users//USUARI...', Array)
#7 C:/Users/USUARIO/Downloads/laravelProgramacion3/holalaravel-main/vendor/laravel/framework/src/Illuminate/View/View.php(191): Illuminate/View/View->getContents()
#8 C:/Users/USUARIO/Downloads/laravelProgramacion3/holalaravel-main/vendor/laravel/framework/src/Illuminate/View/View.php(160): Illuminate/View/View->renderContents()
#9 C:/Users/USUARIO/Downloads/laravelProgramacion3/holalaravel-main/storage/framework/views/7fa6daa05ea85ea9c7bb553645429aa5.php(103): Illuminate/View/View->render()
#10 C:/Users/USUARIO/Downloads/laravelProgramacion3/holalaravel-main/vendor/laravel/framework/src/Illuminate/Filesystem/Filesystem.php(123): require('C://Users//USUARI...')
#11 C:/Users/USUARIO/Downloads/laravelProgramacion3/holalaravel-main/vendor/laravel/framework/src/Illuminate/Filesystem/Filesystem.php(124): Illuminate/Filesystem/Filesystem::Illuminate/Filesystem/{closure}()
#12 C:/Users/USUARIO/Downloads/laravelProgramacion3/holalaravel-main/vendor/laravel/framework/src/Illuminate/View/Engines/PhpEngine.php(57): Illuminate/Filesystem/Filesystem->getRequire('C://Users//USUARI...', Array)
#13 C:/Users/USUARIO/Downloads/laravelProgramacion3/holalaravel-main/vendor/laravel/framework/src/Illuminate/View/Engines/CompilerEngine.php(76): Illuminate/View/Engines/PhpEngine->evaluatePath('C://Users//USUARI...', Array)
#14 C:/Users/USUARIO/Downloads/laravelProgramacion3/holalaravel-main/vendor/laravel/framework/src/Illuminate/View/View.php(208): Illuminate/View/Engines/CompilerEngine->get('C://Users//USUARI...', Array)
#15 C:/Users/USUARIO/Downloads/laravelProgramacion3/holalaravel-main/vendor/laravel/framework/src/Illuminate/View/View.php(191): Illuminate/View/View->getContents()
#16 C:/Users/USUARIO/Downloads/laravelProgramacion3/holalaravel-main/vendor/laravel/framework/src/Illuminate/View/View.php(160): Illuminate/View/View->renderContents()
#17 C:/Users/USUARIO/Downloads/laravelProgramacion3/holalaravel-main/vendor/laravel/framework/src/Illuminate/Http/Response.php(78): Illuminate/View/View->render()
#18 C:/Users/USUARIO/Downloads/laravelProgramacion3/holalaravel-main/vendor/laravel/framework/src/Illuminate/Http/Response.php(34): Illuminate/Http/Response->setContent(Object(Illuminate/View/View))
#19 C:/Users/USUARIO/Downloads/laravelProgramacion3/holalaravel-main/vendor/laravel/framework/src/Illuminate/Routing/Router.php(939): Illuminate/Http/Response->__construct(Object(Illuminate/View/View), 200, Array)
#20 C:/Users/USUARIO/Downloads/laravelProgramacion3/holalaravel-main/vendor/laravel/framework/src/Illuminate/Routing/Router.php(906): Illuminate/Routing/Router::toResponse(Object(Illuminate/Http/Request), Object(Illuminate/View/View))
#21 C:/Users/USUARIO/Downloads/laravelProgramacion3/holalaravel-main/vendor/laravel/framework/src/Illuminate/Routing/Router.php(821): Illuminate/Routing/Router->prepareResponse(Object(Illuminate/Http/Request), Object(Illuminate/View/View))
#22 C:/Users/USUARIO/Downloads/laravelProgramacion3/holalaravel-main/vendor/laravel/framework/src/Illuminate/Pipeline/Pipeline.php(180): Illuminate/Routing/Router->Illuminate/Routing/{closure}(Object(Illuminate/Http/Request))
#23 C:/Users/USUARIO/Downloads/laravelProgramacion3/holalaravel-main/vendor/laravel/framework/src/Illuminate/Routing/Middleware/SubstituteBindings.php(50): Illuminate/Pipeline/Pipeline->Illuminate/Pipeline/{closure}(Object(Illuminate/Http/Request))
#24 C:/Users/USUARIO/Downloads/laravelProgramacion3/holalaravel-main/vendor/laravel/framework/src/Illuminate/Pipeline/Pipeline.php(219): Illuminate/Routing/Middleware/SubstituteBindings->handle(Object(Illuminate/Http/Request), Object(Closure))
#25 C:/Users/USUARIO/Downloads/laravelProgramacion3/holalaravel-main/vendor/laravel/framework/src/Illuminate/Foundation/Http/Middleware/VerifyCsrfToken.php(87): Illuminate/Pipeline/Pipeline->Illuminate/Pipeline/{closure}(Object(Illuminate/Http/Request))
#26 C:/Users/USUARIO/Downloads/laravelProgramacion3/holalaravel-main/vendor/laravel/framework/src/Illuminate/Pipeline/Pipeline.php(219): Illuminate/Foundation/Http/Middleware/VerifyCsrfToken->handle(Object(Illuminate/Http/Request), Object(Closure))
#27 C:/Users/USUARIO/Downloads/laravelProgramacion3/holalaravel-main/vendor/laravel/framework/src/Illuminate/View/Middleware/ShareErrorsFromSession.php(48): Illuminate/Pipeline/Pipeline->Illuminate/Pipeline/{closure}(Object(Illuminate/Http/Request))
#28 C:/Users/USUARIO/Downloads/laravelProgramacion3/holalaravel-main/vendor/laravel/framework/src/Illuminate/Pipeline/Pipeline.php(219): Illuminate/View/Middleware/ShareErrorsFromSession->handle(Object(Illuminate/Http/Request), Object(Closure))
#29 C:/Users/USUARIO/Downloads/laravelProgramacion3/holalaravel-main/vendor/laravel/framework/src/Illuminate/Session/Middleware/StartSession.php(120): Illuminate/Pipeline/Pipeline->Illuminate/Pipeline/{closure}(Object(Illuminate/Http/Request))
#30 C:/Users/USUARIO/Downloads/laravelProgramacion3/holalaravel-main/vendor/laravel/framework/src/Illuminate/Session/Middleware/StartSession.php(63): Illuminate/Session/Middleware/StartSession->handleStatefulRequest(Object(Illuminate/Http/Request), Object(Illuminate/Session/Store), Object(Closure))
#31 C:/Users/USUARIO/Downloads/laravelProgramacion3/holalaravel-main/vendor/laravel/framework/src/Illuminate/Pipeline/Pipeline.php(219): Illuminate/Session/Middleware/StartSession->handle(Object(Illuminate/Http/Request), Object(Closure))
#32 C:/Users/USUARIO/Downloads/laravelProgramacion3/holalaravel-main/vendor/laravel/framework/src/Illuminate/Cookie/Middleware/AddQueuedCookiesToResponse.php(36): Illuminate/Pipeline/Pipeline->Illuminate/Pipeline/{closure}(Object(Illuminate/Http/Request))
#33 C:/Users/USUARIO/Downloads/laravelProgramacion3/holalaravel-main/vendor/laravel/framework/src/Illuminate/Pipeline/Pipeline.php(219): Illuminate/Cookie/Middleware/AddQueuedCookiesToResponse->handle(Object(Illuminate/Http/Request), Object(Closure))
#34 C:/Users/USUARIO/Downloads/laravelProgramacion3/holalaravel-main/vendor/laravel/framework/src/Illuminate/Cookie/Middleware/EncryptCookies.php(74): Illuminate/Pipeline/Pipeline->Illuminate/Pipeline/{closure}(Object(Illuminate/Http/Request))
#35 C:/Users/USUARIO/Downloads/laravelProgramacion3/holalaravel-main/vendor/laravel/framework/src/Illuminate/Pipeline/Pipeline.php(219): Illuminate/Cookie/Middleware/EncryptCookies->handle(Object(Illuminate/Http/Request), Object(Closure))
#36 C:/Users/USUARIO/Downloads/laravelProgramacion3/holalaravel-main/vendor/laravel/framework/src/Illuminate/Pipeline/Pipeline.php(137): Illuminate/Pipeline/Pipeline->Illuminate/Pipeline/{closure}(Object(Illuminate/Http/Request))
#37 C:/Users/USUARIO/Downloads/laravelProgramacion3/holalaravel-main/vendor/laravel/framework/src/Illuminate/Routing/Router.php(821): Illuminate/Pipeline/Pipeline->then(Object(Closure))
#38 C:/Users/USUARIO/Downloads/laravelProgramacion3/holalaravel-main/vendor/laravel/framework/src/Illuminate/Routing/Router.php(800): Illuminate/Routing/Router->runRouteWithinStack(Object(Illuminate/Routing/Route), Object(Illuminate/Http/Request))
#39 C:/Users/USUARIO/Downloads/laravelProgramacion3/holalaravel-main/vendor/laravel/framework/src/Illuminate/Routing/Router.php(764): Illuminate/Routing/Router->runRoute(Object(Illuminate/Http/Request), Object(Illuminate/Routing/Route))
#40 C:/Users/USUARIO/Downloads/laravelProgramacion3/holalaravel-main/vendor/laravel/framework/src/Illuminate/Routing/Router.php(753): Illuminate/Routing/Router->dispatchToRoute(Object(Illuminate/Http/Request))
#41 C:/Users/USUARIO/Downloads/laravelProgramacion3/holalaravel-main/vendor/laravel/framework/src/Illuminate/Foundation/Http/Kernel.php(200): Illuminate/Routing/Router->dispatch(Object(Illuminate/Http/Request))
#42 C:/Users/USUARIO/Downloads/laravelProgramacion3/holalaravel-main/vendor/laravel/framework/src/Illuminate/Pipeline/Pipeline.php(180): Illuminate/Foundation/Http/Kernel->Illuminate/Foundation/Http/{closure}(Object(Illuminate/Http/Request))
#43 C:/Users/USUARIO/Downloads/laravelProgramacion3/holalaravel-main/vendor/laravel/framework/src/Illuminate/Foundation/Http/Middleware/TransformsRequest.php(21): Illuminate/Pipeline/Pipeline->Illuminate/Pipeline/{closure}(Object(Illuminate/Http/Request))
#44 C:/Users/USUARIO/Downloads/laravelProgramacion3/holalaravel-main/vendor/laravel/framework/src/Illuminate/Foundation/Http/Middleware/ConvertEmptyStringsToNull.php(31): Illuminate/Foundation/Http/Middleware/TransformsRequest->handle(Object(Illuminate/Http/Request), Object(Closure))
#45 C:/Users/USUARIO/Downloads/laravelProgramacion3/holalaravel-main/vendor/laravel/framework/src/Illuminate/Pipeline/Pipeline.php(219): Illuminate/Foundation/Http/Middleware/ConvertEmptyStringsToNull->handle(Object(Illuminate/Http/Request), Object(Closure))
#46 C:/Users/USUARIO/Downloads/laravelProgramacion3/holalaravel-main/vendor/laravel/framework/src/Illuminate/Foundation/Http/Middleware/TransformsRequest.php(21): Illuminate/Pipeline/Pipeline->Illuminate/Pipeline/{closure}(Object(Illuminate/Http/Request))
#47 C:/Users/USUARIO/Downloads/laravelProgramacion3/holalaravel-main/vendor/laravel/framework/src/Illuminate/Foundation/Http/Middleware/TrimStrings.php(51): Illuminate/Foundation/Http/Middleware/TransformsRequest->handle(Object(Illuminate/Http/Request), Object(Closure))
#48 C:/Users/USUARIO/Downloads/laravelProgramacion3/holalaravel-main/vendor/laravel/framework/src/Illuminate/Pipeline/Pipeline.php(219): Illuminate/Foundation/Http/Middleware/TrimStrings->handle(Object(Illuminate/Http/Request), Object(Closure))
#49 C:/Users/USUARIO/Downloads/laravelProgramacion3/holalaravel-main/vendor/laravel/framework/src/Illuminate/Http/Middleware/ValidatePostSize.php(27): Illuminate/Pipeline/Pipeline->Illuminate/Pipeline/{closure}(Object(Illuminate/Http/Request))
#50 C:/Users/USUARIO/Downloads/laravelProgramacion3/holalaravel-main/vendor/laravel/framework/src/Illuminate/Pipeline/Pipeline.php(219): Illuminate/Http/Middleware/ValidatePostSize->handle(Object(Illuminate/Http/Request), Object(Closure))
#51 C:/Users/USUARIO/Downloads/laravelProgramacion3/holalaravel-main/vendor/laravel/framework/src/Illuminate/Foundation/Http/Middleware/PreventRequestsDuringMaintenance.php(109): Illuminate/Pipeline/Pipeline->Illuminate/Pipeline/{closure}(Object(Illuminate/Http/Request))
#52 C:/Users/USUARIO/Downloads/laravelProgramacion3/holalaravel-main/vendor/laravel/framework/src/Illuminate/Pipeline/Pipeline.php(219): Illuminate/Foundation/Http/Middleware/PreventRequestsDuringMaintenance->handle(Object(Illuminate/Http/Request), Object(Closure))
#53 C:/Users/USUARIO/Downloads/laravelProgramacion3/holalaravel-main/vendor/laravel/framework/src/Illuminate/Http/Middleware/HandleCors.php(61): Illuminate/Pipeline/Pipeline->Illuminate/Pipeline/{closure}(Object(Illuminate/Http/Request))
#54 C:/Users/USUARIO/Downloads/laravelProgramacion3/holalaravel-main/vendor/laravel/framework/src/Illuminate/Pipeline/Pipeline.php(219): Illuminate/Http/Middleware/HandleCors->handle(Object(Illuminate/Http/Request), Object(Closure))
#55 C:/Users/USUARIO/Downloads/laravelProgramacion3/holalaravel-main/vendor/laravel/framework/src/Illuminate/Http/Middleware/TrustProxies.php(58): Illuminate/Pipeline/Pipeline->Illuminate/Pipeline/{closure}(Object(Illuminate/Http/Request))
#56 C:/Users/USUARIO/Downloads/laravelProgramacion3/holalaravel-main/vendor/laravel/framework/src/Illuminate/Pipeline/Pipeline.php(219): Illuminate/Http/Middleware/TrustProxies->handle(Object(Illuminate/Http/Request), Object(Closure))
#57 C:/Users/USUARIO/Downloads/laravelProgramacion3/holalaravel-main/vendor/laravel/framework/src/Illuminate/Foundation/Http/Middleware/InvokeDeferredCallbacks.php(22): Illuminate/Pipeline/Pipeline->Illuminate/Pipeline/{closure}(Object(Illuminate/Http/Request))
#58 C:/Users/USUARIO/Downloads/laravelProgramacion3/holalaravel-main/vendor/laravel/framework/src/Illuminate/Pipeline/Pipeline.php(219): Illuminate/Foundation/Http/Middleware/InvokeDeferredCallbacks->handle(Object(Illuminate/Http/Request), Object(Closure))
#59 C:/Users/USUARIO/Downloads/laravelProgramacion3/holalaravel-main/vendor/laravel/framework/src/Illuminate/Http/Middleware/ValidatePathEncoding.php(26): Illuminate/Pipeline/Pipeline->Illuminate/Pipeline/{closure}(Object(Illuminate/Http/Request))
#60 C:/Users/USUARIO/Downloads/laravelProgramacion3/holalaravel-main/vendor/laravel/framework/src/Illuminate/Pipeline/Pipeline.php(219): Illuminate/Http/Middleware/ValidatePathEncoding->handle(Object(Illuminate/Http/Request), Object(Closure))
#61 C:/Users/USUARIO/Downloads/laravelProgramacion3/holalaravel-main/vendor/laravel/framework/src/Illuminate/Pipeline/Pipeline.php(137): Illuminate/Pipeline/Pipeline->Illuminate/Pipeline/{closure}(Object(Illuminate/Http/Request))
#62 C:/Users/USUARIO/Downloads/laravelProgramacion3/holalaravel-main/vendor/laravel/framework/src/Illuminate/Foundation/Http/Kernel.php(175): Illuminate/Pipeline/Pipeline->then(Object(Closure))
#63 C:/Users/USUARIO/Downloads/laravelProgramacion3/holalaravel-main/vendor/laravel/framework/src/Illuminate/Foundation/Http/Kernel.php(144): Illuminate/Foundation/Http/Kernel->sendRequestThroughRouter(Object(Illuminate/Http/Request))
#64 C:/Users/USUARIO/Downloads/laravelProgramacion3/holalaravel-main/vendor/laravel/framework/src/Illuminate/Foundation/Application.php(1220): Illuminate/Foundation/Http/Kernel->handle(Object(Illuminate/Http/Request))
#65 C:/Users/USUARIO/Downloads/laravelProgramacion3/holalaravel-main/public/index.php(20): Illuminate/Foundation/Application->handleRequest(Object(Illuminate/Http/Request))
#66 C:/Users/USUARIO/Downloads/laravelProgramacion3/holalaravel-main/vendor/laravel/framework/src/Illuminate/Foundation/resources/server.php(23): require_once('C://Users//USUARI...')
#67 {main}
"} 
[2026-04-14 00:15:08] local.ERROR: Route [producto.index] not defined. (View: C:\Users\USUARIO\Downloads\laravelProgramacion3\holalaravel-main\resources\views\producto\index.blade.php) {"userId":1,"exception":"[object] (Illuminate\\View\\ViewException(code: 0): Route [producto.index] not defined. (View: C:\\Users\\USUARIO\\Downloads\\laravelProgramacion3\\holalaravel-main\\resources\\views\\producto\\index.blade.php) at C:/Users/USUARIO/Downloads/laravelProgramacion3/holalaravel-main/vendor/laravel/framework/src/Illuminate/Routing/UrlGenerator.php:528)
[stacktrace]
#0 C:/Users/USUARIO/Downloads/laravelProgramacion3/holalaravel-main/vendor/laravel/framework/src/Illuminate/View/Engines/PhpEngine.php(59): Illuminate/View/Engines/CompilerEngine->handleViewException(Object(Symfony/Component/Routing/Exception/RouteNotFoundException), 1)
#1 C:/Users/USUARIO/Downloads/laravelProgramacion3/holalaravel-main/vendor/laravel/framework/src/Illuminate/View/Engines/CompilerEngine.php(76): Illuminate/View/Engines/PhpEngine->evaluatePath('C://Users//USUARI...', Array)
#2 C:/Users/USUARIO/Downloads/laravelProgramacion3/holalaravel-main/vendor/laravel/framework/src/Illuminate/View/View.php(208): Illuminate/View/Engines/CompilerEngine->get('C://Users//USUARI...', Array)
#3 C:/Users/USUARIO/Downloads/laravelProgramacion3/holalaravel-main/vendor/laravel/framework/src/Illuminate/View/View.php(191): Illuminate/View/View->getContents()
#4 C:/Users/USUARIO/Downloads/laravelProgramacion3/holalaravel-main/vendor/laravel/framework/src/Illuminate/View/View.php(160): Illuminate/View/View->renderContents()
#5 C:/Users/USUARIO/Downloads/laravelProgramacion3/holalaravel-main/vendor/laravel/framework/src/Illuminate/Http/Response.php(78): Illuminate/View/View->render()
#6 C:/Users/USUARIO/Downloads/laravelProgramacion3/holalaravel-main/vendor/laravel/framework/src/Illuminate/Http/Response.php(34): Illuminate/Http/Response->setContent(Object(Illuminate/View/View))
#7 C:/Users/USUARIO/Downloads/laravelProgramacion3/holalaravel-main/vendor/laravel/framework/src/Illuminate/Routing/Router.php(939): Illuminate/Http/Response->__construct(Object(Illuminate/View/View), 200, Array)
#8 C:/Users/USUARIO/Downloads/laravelProgramacion3/holalaravel-main/vendor/laravel/framework/src/Illuminate/Routing/Router.php(906): Illuminate/Routing/Router::toResponse(Object(Illuminate/Http/Request), Object(Illuminate/View/View))
#9 C:/Users/USUARIO/Downloads/laravelProgramacion3/holalaravel-main/vendor/laravel/framework/src/Illuminate/Routing/Router.php(821): Illuminate/Routing/Router->prepareResponse(Object(Illuminate/Http/Request), Object(Illuminate/View/View))
#10 C:/Users/USUARIO/Downloads/laravelProgramacion3/holalaravel-main/vendor/laravel/framework/src/Illuminate/Pipeline/Pipeline.php(180): Illuminate/Routing/Router->Illuminate/Routing/{closure}(Object(Illuminate/Http/Request))
#11 C:/Users/USUARIO/Downloads/laravelProgramacion3/holalaravel-main/vendor/laravel/framework/src/Illuminate/Routing/Middleware/SubstituteBindings.php(50): Illuminate/Pipeline/Pipeline->Illuminate/Pipeline/{closure}(Object(Illuminate/Http/Request))
#12 C:/Users/USUARIO/Downloads/laravelProgramacion3/holalaravel-main/vendor/laravel/framework/src/Illuminate/Pipeline/Pipeline.php(219): Illuminate/Routing/Middleware/SubstituteBindings->handle(Object(Illuminate/Http/Request), Object(Closure))
#13 C:/Users/USUARIO/Downloads/laravelProgramacion3/holalaravel-main/vendor/laravel/framework/src/Illuminate/Auth/Middleware/Authenticate.php(63): Illuminate/Pipeline/Pipeline->Illuminate/Pipeline/{closure}(Object(Illuminate/Http/Request))
#14 C:/Users/USUARIO/Downloads/laravelProgramacion3/holalaravel-main/vendor/laravel/framework/src/Illuminate/Pipeline/Pipeline.php(219): Illuminate/Auth/Middleware/Authenticate->handle(Object(Illuminate/Http/Request), Object(Closure))
#15 C:/Users/USUARIO/Downloads/laravelProgramacion3/holalaravel-main/vendor/laravel/framework/src/Illuminate/Foundation/Http/Middleware/VerifyCsrfToken.php(87): Illuminate/Pipeline/Pipeline->Illuminate/Pipeline/{closure}(Object(Illuminate/Http/Request))
#16 C:/Users/USUARIO/Downloads/laravelProgramacion3/holalaravel-main/vendor/laravel/framework/src/Illuminate/Pipeline/Pipeline.php(219): Illuminate/Foundation/Http/Middleware/VerifyCsrfToken->handle(Object(Illuminate/Http/Request), Object(Closure))
#17 C:/Users/USUARIO/Downloads/laravelProgramacion3/holalaravel-main/vendor/laravel/framework/src/Illuminate/View/Middleware/ShareErrorsFromSession.php(48): Illuminate/Pipeline/Pipeline->Illuminate/Pipeline/{closure}(Object(Illuminate/Http/Request))
#18 C:/Users/USUARIO/Downloads/laravelProgramacion3/holalaravel-main/vendor/laravel/framework/src/Illuminate/Pipeline/Pipeline.php(219): Illuminate/View/Middleware/ShareErrorsFromSession->handle(Object(Illuminate/Http/Request), Object(Closure))
#19 C:/Users/USUARIO/Downloads/laravelProgramacion3/holalaravel-main/vendor/laravel/framework/src/Illuminate/Session/Middleware/StartSession.php(120): Illuminate/Pipeline/Pipeline->Illuminate/Pipeline/{closure}(Object(Illuminate/Http/Request))
#20 C:/Users/USUARIO/Downloads/laravelProgramacion3/holalaravel-main/vendor/laravel/framework/src/Illuminate/Session/Middleware/StartSession.php(63): Illuminate/Session/Middleware/StartSession->handleStatefulRequest(Object(Illuminate/Http/Request), Object(Illuminate/Session/Store), Object(Closure))
#21 C:/Users/USUARIO/Downloads/laravelProgramacion3/holalaravel-main/vendor/laravel/framework/src/Illuminate/Pipeline/Pipeline.php(219): Illuminate/Session/Middleware/StartSession->handle(Object(Illuminate/Http/Request), Object(Closure))
#22 C:/Users/USUARIO/Downloads/laravelProgramacion3/holalaravel-main/vendor/laravel/framework/src/Illuminate/Cookie/Middleware/AddQueuedCookiesToResponse.php(36): Illuminate/Pipeline/Pipeline->Illuminate/Pipeline/{closure}(Object(Illuminate/Http/Request))
#23 C:/Users/USUARIO/Downloads/laravelProgramacion3/holalaravel-main/vendor/laravel/framework/src/Illuminate/Pipeline/Pipeline.php(219): Illuminate/Cookie/Middleware/AddQueuedCookiesToResponse->handle(Object(Illuminate/Http/Request), Object(Closure))
#24 C:/Users/USUARIO/Downloads/laravelProgramacion3/holalaravel-main/vendor/laravel/framework/src/Illuminate/Cookie/Middleware/EncryptCookies.php(74): Illuminate/Pipeline/Pipeline->Illuminate/Pipeline/{closure}(Object(Illuminate/Http/Request))
#25 C:/Users/USUARIO/Downloads/laravelProgramacion3/holalaravel-main/vendor/laravel/framework/src/Illuminate/Pipeline/Pipeline.php(219): Illuminate/Cookie/Middleware/EncryptCookies->handle(Object(Illuminate/Http/Request), Object(Closure))
#26 C:/Users/USUARIO/Downloads/laravelProgramacion3/holalaravel-main/vendor/laravel/framework/src/Illuminate/Pipeline/Pipeline.php(137): Illuminate/Pipeline/Pipeline->Illuminate/Pipeline/{closure}(Object(Illuminate/Http/Request))
#27 C:/Users/USUARIO/Downloads/laravelProgramacion3/holalaravel-main/vendor/laravel/framework/src/Illuminate/Routing/Router.php(821): Illuminate/Pipeline/Pipeline->then(Object(Closure))
#28 C:/Users/USUARIO/Downloads/laravelProgramacion3/holalaravel-main/vendor/laravel/framework/src/Illuminate/Routing/Router.php(800): Illuminate/Routing/Router->runRouteWithinStack(Object(Illuminate/Routing/Route), Object(Illuminate/Http/Request))
#29 C:/Users/USUARIO/Downloads/laravelProgramacion3/holalaravel-main/vendor/laravel/framework/src/Illuminate/Routing/Router.php(764): Illuminate/Routing/Router->runRoute(Object(Illuminate/Http/Request), Object(Illuminate/Routing/Route))
#30 C:/Users/USUARIO/Downloads/laravelProgramacion3/holalaravel-main/vendor/laravel/framework/src/Illuminate/Routing/Router.php(753): Illuminate/Routing/Router->dispatchToRoute(Object(Illuminate/Http/Request))
#31 C:/Users/USUARIO/Downloads/laravelProgramacion3/holalaravel-main/vendor/laravel/framework/src/Illuminate/Foundation/Http/Kernel.php(200): Illuminate/Routing/Router->dispatch(Object(Illuminate/Http/Request))
#32 C:/Users/USUARIO/Downloads/laravelProgramacion3/holalaravel-main/vendor/laravel/framework/src/Illuminate/Pipeline/Pipeline.php(180): Illuminate/Foundation/Http/Kernel->Illuminate/Foundation/Http/{closure}(Object(Illuminate/Http/Request))
#33 C:/Users/USUARIO/Downloads/laravelProgramacion3/holalaravel-main/vendor/laravel/framework/src/Illuminate/Foundation/Http/Middleware/TransformsRequest.php(21): Illuminate/Pipeline/Pipeline->Illuminate/Pipeline/{closure}(Object(Illuminate/Http/Request))
#34 C:/Users/USUARIO/Downloads/laravelProgramacion3/holalaravel-main/vendor/laravel/framework/src/Illuminate/Foundation/Http/Middleware/ConvertEmptyStringsToNull.php(31): Illuminate/Foundation/Http/Middleware/TransformsRequest->handle(Object(Illuminate/Http/Request), Object(Closure))
#35 C:/Users/USUARIO/Downloads/laravelProgramacion3/holalaravel-main/vendor/laravel/framework/src/Illuminate/Pipeline/Pipeline.php(219): Illuminate/Foundation/Http/Middleware/ConvertEmptyStringsToNull->handle(Object(Illuminate/Http/Request), Object(Closure))
#36 C:/Users/USUARIO/Downloads/laravelProgramacion3/holalaravel-main/vendor/laravel/framework/src/Illuminate/Foundation/Http/Middleware/TransformsRequest.php(21): Illuminate/Pipeline/Pipeline->Illuminate/Pipeline/{closure}(Object(Illuminate/Http/Request))
#37 C:/Users/USUARIO/Downloads/laravelProgramacion3/holalaravel-main/vendor/laravel/framework/src/Illuminate/Foundation/Http/Middleware/TrimStrings.php(51): Illuminate/Foundation/Http/Middleware/TransformsRequest->handle(Object(Illuminate/Http/Request), Object(Closure))
#38 C:/Users/USUARIO/Downloads/laravelProgramacion3/holalaravel-main/vendor/laravel/framework/src/Illuminate/Pipeline/Pipeline.php(219): Illuminate/Foundation/Http/Middleware/TrimStrings->handle(Object(Illuminate/Http/Request), Object(Closure))
#39 C:/Users/USUARIO/Downloads/laravelProgramacion3/holalaravel-main/vendor/laravel/framework/src/Illuminate/Http/Middleware/ValidatePostSize.php(27): Illuminate/Pipeline/Pipeline->Illuminate/Pipeline/{closure}(Object(Illuminate/Http/Request))
#40 C:/Users/USUARIO/Downloads/laravelProgramacion3/holalaravel-main/vendor/laravel/framework/src/Illuminate/Pipeline/Pipeline.php(219): Illuminate/Http/Middleware/ValidatePostSize->handle(Object(Illuminate/Http/Request), Object(Closure))
#41 C:/Users/USUARIO/Downloads/laravelProgramacion3/holalaravel-main/vendor/laravel/framework/src/Illuminate/Foundation/Http/Middleware/PreventRequestsDuringMaintenance.php(109): Illuminate/Pipeline/Pipeline->Illuminate/Pipeline/{closure}(Object(Illuminate/Http/Request))
#42 C:/Users/USUARIO/Downloads/laravelProgramacion3/holalaravel-main/vendor/laravel/framework/src/Illuminate/Pipeline/Pipeline.php(219): Illuminate/Foundation/Http/Middleware/PreventRequestsDuringMaintenance->handle(Object(Illuminate/Http/Request), Object(Closure))
#43 C:/Users/USUARIO/Downloads/laravelProgramacion3/holalaravel-main/vendor/laravel/framework/src/Illuminate/Http/Middleware/HandleCors.php(61): Illuminate/Pipeline/Pipeline->Illuminate/Pipeline/{closure}(Object(Illuminate/Http/Request))
#44 C:/Users/USUARIO/Downloads/laravelProgramacion3/holalaravel-main/vendor/laravel/framework/src/Illuminate/Pipeline/Pipeline.php(219): Illuminate/Http/Middleware/HandleCors->handle(Object(Illuminate/Http/Request), Object(Closure))
#45 C:/Users/USUARIO/Downloads/laravelProgramacion3/holalaravel-main/vendor/laravel/framework/src/Illuminate/Http/Middleware/TrustProxies.php(58): Illuminate/Pipeline/Pipeline->Illuminate/Pipeline/{closure}(Object(Illuminate/Http/Request))
#46 C:/Users/USUARIO/Downloads/laravelProgramacion3/holalaravel-main/vendor/laravel/framework/src/Illuminate/Pipeline/Pipeline.php(219): Illuminate/Http/Middleware/TrustProxies->handle(Object(Illuminate/Http/Request), Object(Closure))
#47 C:/Users/USUARIO/Downloads/laravelProgramacion3/holalaravel-main/vendor/laravel/framework/src/Illuminate/Foundation/Http/Middleware/InvokeDeferredCallbacks.php(22): Illuminate/Pipeline/Pipeline->Illuminate/Pipeline/{closure}(Object(Illuminate/Http/Request))
#48 C:/Users/USUARIO/Downloads/laravelProgramacion3/holalaravel-main/vendor/laravel/framework/src/Illuminate/Pipeline/Pipeline.php(219): Illuminate/Foundation/Http/Middleware/InvokeDeferredCallbacks->handle(Object(Illuminate/Http/Request), Object(Closure))
#49 C:/Users/USUARIO/Downloads/laravelProgramacion3/holalaravel-main/vendor/laravel/framework/src/Illuminate/Http/Middleware/ValidatePathEncoding.php(26): Illuminate/Pipeline/Pipeline->Illuminate/Pipeline/{closure}(Object(Illuminate/Http/Request))
#50 C:/Users/USUARIO/Downloads/laravelProgramacion3/holalaravel-main/vendor/laravel/framework/src/Illuminate/Pipeline/Pipeline.php(219): Illuminate/Http/Middleware/ValidatePathEncoding->handle(Object(Illuminate/Http/Request), Object(Closure))
#51 C:/Users/USUARIO/Downloads/laravelProgramacion3/holalaravel-main/vendor/laravel/framework/src/Illuminate/Pipeline/Pipeline.php(137): Illuminate/Pipeline/Pipeline->Illuminate/Pipeline/{closure}(Object(Illuminate/Http/Request))
#52 C:/Users/USUARIO/Downloads/laravelProgramacion3/holalaravel-main/vendor/laravel/framework/src/Illuminate/Foundation/Http/Kernel.php(175): Illuminate/Pipeline/Pipeline->then(Object(Closure))
#53 C:/Users/USUARIO/Downloads/laravelProgramacion3/holalaravel-main/vendor/laravel/framework/src/Illuminate/Foundation/Http/Kernel.php(144): Illuminate/Foundation/Http/Kernel->sendRequestThroughRouter(Object(Illuminate/Http/Request))
#54 C:/Users/USUARIO/Downloads/laravelProgramacion3/holalaravel-main/vendor/laravel/framework/src/Illuminate/Foundation/Application.php(1220): Illuminate/Foundation/Http/Kernel->handle(Object(Illuminate/Http/Request))
#55 C:/Users/USUARIO/Downloads/laravelProgramacion3/holalaravel-main/public/index.php(20): Illuminate/Foundation/Application->handleRequest(Object(Illuminate/Http/Request))
#56 C:/Users/USUARIO/Downloads/laravelProgramacion3/holalaravel-main/vendor/laravel/framework/src/Illuminate/Foundation/resources/server.php(23): require_once('C://Users//USUARI...')
#57 {main}

[previous exception] [object] (Symfony\\Component\\Routing\\Exception\\RouteNotFoundException(code: 0): Route [producto.index] not defined. at C:/Users/USUARIO/Downloads/laravelProgramacion3/holalaravel-main/vendor/laravel/framework/src/Illuminate/Routing/UrlGenerator.php:528)
[stacktrace]
#0 C:/Users/USUARIO/Downloads/laravelProgramacion3/holalaravel-main/vendor/laravel/framework/src/Illuminate/Foundation/helpers.php(870): Illuminate/Routing/UrlGenerator->route('producto.index', Array, true)
#1 C:/Users/USUARIO/Downloads/laravelProgramacion3/holalaravel-main/storage/framework/views/7fa6daa05ea85ea9c7bb553645429aa5.php(9): route('producto.index')
#2 C:/Users/USUARIO/Downloads/laravelProgramacion3/holalaravel-main/vendor/laravel/framework/src/Illuminate/Filesystem/Filesystem.php(123): require('C://Users//USUARI...')
#3 C:/Users/USUARIO/Downloads/laravelProgramacion3/holalaravel-main/vendor/laravel/framework/src/Illuminate/Filesystem/Filesystem.php(124): Illuminate/Filesystem/Filesystem::Illuminate/Filesystem/{closure}()
#4 C:/Users/USUARIO/Downloads/laravelProgramacion3/holalaravel-main/vendor/laravel/framework/src/Illuminate/View/Engines/PhpEngine.php(57): Illuminate/Filesystem/Filesystem->getRequire('C://Users//USUARI...', Array)
#5 C:/Users/USUARIO/Downloads/laravelProgramacion3/holalaravel-main/vendor/laravel/framework/src/Illuminate/View/Engines/CompilerEngine.php(76): Illuminate/View/Engines/PhpEngine->evaluatePath('C://Users//USUARI...', Array)
#6 C:/Users/USUARIO/Downloads/laravelProgramacion3/holalaravel-main/vendor/laravel/framework/src/Illuminate/View/View.php(208): Illuminate/View/Engines/CompilerEngine->get('C://Users//USUARI...', Array)
#7 C:/Users/USUARIO/Downloads/laravelProgramacion3/holalaravel-main/vendor/laravel/framework/src/Illuminate/View/View.php(191): Illuminate/View/View->getContents()
#8 C:/Users/USUARIO/Downloads/laravelProgramacion3/holalaravel-main/vendor/laravel/framework/src/Illuminate/View/View.php(160): Illuminate/View/View->renderContents()
#9 C:/Users/USUARIO/Downloads/laravelProgramacion3/holalaravel-main/vendor/laravel/framework/src/Illuminate/Http/Response.php(78): Illuminate/View/View->render()
#10 C:/Users/USUARIO/Downloads/laravelProgramacion3/holalaravel-main/vendor/laravel/framework/src/Illuminate/Http/Response.php(34): Illuminate/Http/Response->setContent(Object(Illuminate/View/View))
#11 C:/Users/USUARIO/Downloads/laravelProgramacion3/holalaravel-main/vendor/laravel/framework/src/Illuminate/Routing/Router.php(939): Illuminate/Http/Response->__construct(Object(Illuminate/View/View), 200, Array)
#12 C:/Users/USUARIO/Downloads/laravelProgramacion3/holalaravel-main/vendor/laravel/framework/src/Illuminate/Routing/Router.php(906): Illuminate/Routing/Router::toResponse(Object(Illuminate/Http/Request), Object(Illuminate/View/View))
#13 C:/Users/USUARIO/Downloads/laravelProgramacion3/holalaravel-main/vendor/laravel/framework/src/Illuminate/Routing/Router.php(821): Illuminate/Routing/Router->prepareResponse(Object(Illuminate/Http/Request), Object(Illuminate/View/View))
#14 C:/Users/USUARIO/Downloads/laravelProgramacion3/holalaravel-main/vendor/laravel/framework/src/Illuminate/Pipeline/Pipeline.php(180): Illuminate/Routing/Router->Illuminate/Routing/{closure}(Object(Illuminate/Http/Request))
#15 C:/Users/USUARIO/Downloads/laravelProgramacion3/holalaravel-main/vendor/laravel/framework/src/Illuminate/Routing/Middleware/SubstituteBindings.php(50): Illuminate/Pipeline/Pipeline->Illuminate/Pipeline/{closure}(Object(Illuminate/Http/Request))
#16 C:/Users/USUARIO/Downloads/laravelProgramacion3/holalaravel-main/vendor/laravel/framework/src/Illuminate/Pipeline/Pipeline.php(219): Illuminate/Routing/Middleware/SubstituteBindings->handle(Object(Illuminate/Http/Request), Object(Closure))
#17 C:/Users/USUARIO/Downloads/laravelProgramacion3/holalaravel-main/vendor/laravel/framework/src/Illuminate/Auth/Middleware/Authenticate.php(63): Illuminate/Pipeline/Pipeline->Illuminate/Pipeline/{closure}(Object(Illuminate/Http/Request))
#18 C:/Users/USUARIO/Downloads/laravelProgramacion3/holalaravel-main/vendor/laravel/framework/src/Illuminate/Pipeline/Pipeline.php(219): Illuminate/Auth/Middleware/Authenticate->handle(Object(Illuminate/Http/Request), Object(Closure))
#19 C:/Users/USUARIO/Downloads/laravelProgramacion3/holalaravel-main/vendor/laravel/framework/src/Illuminate/Foundation/Http/Middleware/VerifyCsrfToken.php(87): Illuminate/Pipeline/Pipeline->Illuminate/Pipeline/{closure}(Object(Illuminate/Http/Request))
#20 C:/Users/USUARIO/Downloads/laravelProgramacion3/holalaravel-main/vendor/laravel/framework/src/Illuminate/Pipeline/Pipeline.php(219): Illuminate/Foundation/Http/Middleware/VerifyCsrfToken->handle(Object(Illuminate/Http/Request), Object(Closure))
#21 C:/Users/USUARIO/Downloads/laravelProgramacion3/holalaravel-main/vendor/laravel/framework/src/Illuminate/View/Middleware/ShareErrorsFromSession.php(48): Illuminate/Pipeline/Pipeline->Illuminate/Pipeline/{closure}(Object(Illuminate/Http/Request))
#22 C:/Users/USUARIO/Downloads/laravelProgramacion3/holalaravel-main/vendor/laravel/framework/src/Illuminate/Pipeline/Pipeline.php(219): Illuminate/View/Middleware/ShareErrorsFromSession->handle(Object(Illuminate/Http/Request), Object(Closure))
#23 C:/Users/USUARIO/Downloads/laravelProgramacion3/holalaravel-main/vendor/laravel/framework/src/Illuminate/Session/Middleware/StartSession.php(120): Illuminate/Pipeline/Pipeline->Illuminate/Pipeline/{closure}(Object(Illuminate/Http/Request))
#24 C:/Users/USUARIO/Downloads/laravelProgramacion3/holalaravel-main/vendor/laravel/framework/src/Illuminate/Session/Middleware/StartSession.php(63): Illuminate/Session/Middleware/StartSession->handleStatefulRequest(Object(Illuminate/Http/Request), Object(Illuminate/Session/Store), Object(Closure))
#25 C:/Users/USUARIO/Downloads/laravelProgramacion3/holalaravel-main/vendor/laravel/framework/src/Illuminate/Pipeline/Pipeline.php(219): Illuminate/Session/Middleware/StartSession->handle(Object(Illuminate/Http/Request), Object(Closure))
#26 C:/Users/USUARIO/Downloads/laravelProgramacion3/holalaravel-main/vendor/laravel/framework/src/Illuminate/Cookie/Middleware/AddQueuedCookiesToResponse.php(36): Illuminate/Pipeline/Pipeline->Illuminate/Pipeline/{closure}(Object(Illuminate/Http/Request))
#27 C:/Users/USUARIO/Downloads/laravelProgramacion3/holalaravel-main/vendor/laravel/framework/src/Illuminate/Pipeline/Pipeline.php(219): Illuminate/Cookie/Middleware/AddQueuedCookiesToResponse->handle(Object(Illuminate/Http/Request), Object(Closure))
#28 C:/Users/USUARIO/Downloads/laravelProgramacion3/holalaravel-main/vendor/laravel/framework/src/Illuminate/Cookie/Middleware/EncryptCookies.php(74): Illuminate/Pipeline/Pipeline->Illuminate/Pipeline/{closure}(Object(Illuminate/Http/Request))
#29 C:/Users/USUARIO/Downloads/laravelProgramacion3/holalaravel-main/vendor/laravel/framework/src/Illuminate/Pipeline/Pipeline.php(219): Illuminate/Cookie/Middleware/EncryptCookies->handle(Object(Illuminate/Http/Request), Object(Closure))
#30 C:/Users/USUARIO/Downloads/laravelProgramacion3/holalaravel-main/vendor/laravel/framework/src/Illuminate/Pipeline/Pipeline.php(137): Illuminate/Pipeline/Pipeline->Illuminate/Pipeline/{closure}(Object(Illuminate/Http/Request))
#31 C:/Users/USUARIO/Downloads/laravelProgramacion3/holalaravel-main/vendor/laravel/framework/src/Illuminate/Routing/Router.php(821): Illuminate/Pipeline/Pipeline->then(Object(Closure))
#32 C:/Users/USUARIO/Downloads/laravelProgramacion3/holalaravel-main/vendor/laravel/framework/src/Illuminate/Routing/Router.php(800): Illuminate/Routing/Router->runRouteWithinStack(Object(Illuminate/Routing/Route), Object(Illuminate/Http/Request))
#33 C:/Users/USUARIO/Downloads/laravelProgramacion3/holalaravel-main/vendor/laravel/framework/src/Illuminate/Routing/Router.php(764): Illuminate/Routing/Router->runRoute(Object(Illuminate/Http/Request), Object(Illuminate/Routing/Route))
#34 C:/Users/USUARIO/Downloads/laravelProgramacion3/holalaravel-main/vendor/laravel/framework/src/Illuminate/Routing/Router.php(753): Illuminate/Routing/Router->dispatchToRoute(Object(Illuminate/Http/Request))
#35 C:/Users/USUARIO/Downloads/laravelProgramacion3/holalaravel-main/vendor/laravel/framework/src/Illuminate/Foundation/Http/Kernel.php(200): Illuminate/Routing/Router->dispatch(Object(Illuminate/Http/Request))
#36 C:/Users/USUARIO/Downloads/laravelProgramacion3/holalaravel-main/vendor/laravel/framework/src/Illuminate/Pipeline/Pipeline.php(180): Illuminate/Foundation/Http/Kernel->Illuminate/Foundation/Http/{closure}(Object(Illuminate/Http/Request))
#37 C:/Users/USUARIO/Downloads/laravelProgramacion3/holalaravel-main/vendor/laravel/framework/src/Illuminate/Foundation/Http/Middleware/TransformsRequest.php(21): Illuminate/Pipeline/Pipeline->Illuminate/Pipeline/{closure}(Object(Illuminate/Http/Request))
#38 C:/Users/USUARIO/Downloads/laravelProgramacion3/holalaravel-main/vendor/laravel/framework/src/Illuminate/Foundation/Http/Middleware/ConvertEmptyStringsToNull.php(31): Illuminate/Foundation/Http/Middleware/TransformsRequest->handle(Object(Illuminate/Http/Request), Object(Closure))
#39 C:/Users/USUARIO/Downloads/laravelProgramacion3/holalaravel-main/vendor/laravel/framework/src/Illuminate/Pipeline/Pipeline.php(219): Illuminate/Foundation/Http/Middleware/ConvertEmptyStringsToNull->handle(Object(Illuminate/Http/Request), Object(Closure))
#40 C:/Users/USUARIO/Downloads/laravelProgramacion3/holalaravel-main/vendor/laravel/framework/src/Illuminate/Foundation/Http/Middleware/TransformsRequest.php(21): Illuminate/Pipeline/Pipeline->Illuminate/Pipeline/{closure}(Object(Illuminate/Http/Request))
#41 C:/Users/USUARIO/Downloads/laravelProgramacion3/holalaravel-main/vendor/laravel/framework/src/Illuminate/Foundation/Http/Middleware/TrimStrings.php(51): Illuminate/Foundation/Http/Middleware/TransformsRequest->handle(Object(Illuminate/Http/Request), Object(Closure))
#42 C:/Users/USUARIO/Downloads/laravelProgramacion3/holalaravel-main/vendor/laravel/framework/src/Illuminate/Pipeline/Pipeline.php(219): Illuminate/Foundation/Http/Middleware/TrimStrings->handle(Object(Illuminate/Http/Request), Object(Closure))
#43 C:/Users/USUARIO/Downloads/laravelProgramacion3/holalaravel-main/vendor/laravel/framework/src/Illuminate/Http/Middleware/ValidatePostSize.php(27): Illuminate/Pipeline/Pipeline->Illuminate/Pipeline/{closure}(Object(Illuminate/Http/Request))
#44 C:/Users/USUARIO/Downloads/laravelProgramacion3/holalaravel-main/vendor/laravel/framework/src/Illuminate/Pipeline/Pipeline.php(219): Illuminate/Http/Middleware/ValidatePostSize->handle(Object(Illuminate/Http/Request), Object(Closure))
#45 C:/Users/USUARIO/Downloads/laravelProgramacion3/holalaravel-main/vendor/laravel/framework/src/Illuminate/Foundation/Http/Middleware/PreventRequestsDuringMaintenance.php(109): Illuminate/Pipeline/Pipeline->Illuminate/Pipeline/{closure}(Object(Illuminate/Http/Request))
#46 C:/Users/USUARIO/Downloads/laravelProgramacion3/holalaravel-main/vendor/laravel/framework/src/Illuminate/Pipeline/Pipeline.php(219): Illuminate/Foundation/Http/Middleware/PreventRequestsDuringMaintenance->handle(Object(Illuminate/Http/Request), Object(Closure))
#47 C:/Users/USUARIO/Downloads/laravelProgramacion3/holalaravel-main/vendor/laravel/framework/src/Illuminate/Http/Middleware/HandleCors.php(61): Illuminate/Pipeline/Pipeline->Illuminate/Pipeline/{closure}(Object(Illuminate/Http/Request))
#48 C:/Users/USUARIO/Downloads/laravelProgramacion3/holalaravel-main/vendor/laravel/framework/src/Illuminate/Pipeline/Pipeline.php(219): Illuminate/Http/Middleware/HandleCors->handle(Object(Illuminate/Http/Request), Object(Closure))
#49 C:/Users/USUARIO/Downloads/laravelProgramacion3/holalaravel-main/vendor/laravel/framework/src/Illuminate/Http/Middleware/TrustProxies.php(58): Illuminate/Pipeline/Pipeline->Illuminate/Pipeline/{closure}(Object(Illuminate/Http/Request))
#50 C:/Users/USUARIO/Downloads/laravelProgramacion3/holalaravel-main/vendor/laravel/framework/src/Illuminate/Pipeline/Pipeline.php(219): Illuminate/Http/Middleware/TrustProxies->handle(Object(Illuminate/Http/Request), Object(Closure))
#51 C:/Users/USUARIO/Downloads/laravelProgramacion3/holalaravel-main/vendor/laravel/framework/src/Illuminate/Foundation/Http/Middleware/InvokeDeferredCallbacks.php(22): Illuminate/Pipeline/Pipeline->Illuminate/Pipeline/{closure}(Object(Illuminate/Http/Request))
#52 C:/Users/USUARIO/Downloads/laravelProgramacion3/holalaravel-main/vendor/laravel/framework/src/Illuminate/Pipeline/Pipeline.php(219): Illuminate/Foundation/Http/Middleware/InvokeDeferredCallbacks->handle(Object(Illuminate/Http/Request), Object(Closure))
#53 C:/Users/USUARIO/Downloads/laravelProgramacion3/holalaravel-main/vendor/laravel/framework/src/Illuminate/Http/Middleware/ValidatePathEncoding.php(26): Illuminate/Pipeline/Pipeline->Illuminate/Pipeline/{closure}(Object(Illuminate/Http/Request))
#54 C:/Users/USUARIO/Downloads/laravelProgramacion3/holalaravel-main/vendor/laravel/framework/src/Illuminate/Pipeline/Pipeline.php(219): Illuminate/Http/Middleware/ValidatePathEncoding->handle(Object(Illuminate/Http/Request), Object(Closure))
#55 C:/Users/USUARIO/Downloads/laravelProgramacion3/holalaravel-main/vendor/laravel/framework/src/Illuminate/Pipeline/Pipeline.php(137): Illuminate/Pipeline/Pipeline->Illuminate/Pipeline/{closure}(Object(Illuminate/Http/Request))
#56 C:/Users/USUARIO/Downloads/laravelProgramacion3/holalaravel-main/vendor/laravel/framework/src/Illuminate/Foundation/Http/Kernel.php(175): Illuminate/Pipeline/Pipeline->then(Object(Closure))
#57 C:/Users/USUARIO/Downloads/laravelProgramacion3/holalaravel-main/vendor/laravel/framework/src/Illuminate/Foundation/Http/Kernel.php(144): Illuminate/Foundation/Http/Kernel->sendRequestThroughRouter(Object(Illuminate/Http/Request))
#58 C:/Users/USUARIO/Downloads/laravelProgramacion3/holalaravel-main/vendor/laravel/framework/src/Illuminate/Foundation/Application.php(1220): Illuminate/Foundation/Http/Kernel->handle(Object(Illuminate/Http/Request))
#59 C:/Users/USUARIO/Downloads/laravelProgramacion3/holalaravel-main/public/index.php(20): Illuminate/Foundation/Application->handleRequest(Object(Illuminate/Http/Request))
#60 C:/Users/USUARIO/Downloads/laravelProgramacion3/holalaravel-main/vendor/laravel/framework/src/Illuminate/Foundation/resources/server.php(23): require_once('C://Users//USUARI...')
#61 {main}
"} 
[2026-04-14 00:15:39] local.ERROR: View [vendor.pagination.default] not found. (View: C:\Users\USUARIO\Downloads\laravelProgramacion3\holalaravel-main\resources\views\producto\index.blade.php) {"userId":1,"exception":"[object] (Illuminate\\View\\ViewException(code: 0): View [vendor.pagination.default] not found. (View: C:\\Users\\USUARIO\\Downloads\\laravelProgramacion3\\holalaravel-main\\resources\\views\\producto\\index.blade.php) at C:/Users/USUARIO/Downloads/laravelProgramacion3/holalaravel-main/vendor/laravel/framework/src/Illuminate/View/FileViewFinder.php:138)
[stacktrace]
#0 C:/Users/USUARIO/Downloads/laravelProgramacion3/holalaravel-main/vendor/laravel/framework/src/Illuminate/View/Engines/PhpEngine.php(59): Illuminate/View/Engines/CompilerEngine->handleViewException(Object(InvalidArgumentException), 1)
#1 C:/Users/USUARIO/Downloads/laravelProgramacion3/holalaravel-main/vendor/laravel/framework/src/Illuminate/View/Engines/CompilerEngine.php(76): Illuminate/View/Engines/PhpEngine->evaluatePath('C://Users//USUARI...', Array)
#2 C:/Users/USUARIO/Downloads/laravelProgramacion3/holalaravel-main/vendor/laravel/framework/src/Illuminate/View/View.php(208): Illuminate/View/Engines/CompilerEngine->get('C://Users//USUARI...', Array)
#3 C:/Users/USUARIO/Downloads/laravelProgramacion3/holalaravel-main/vendor/laravel/framework/src/Illuminate/View/View.php(191): Illuminate/View/View->getContents()
#4 C:/Users/USUARIO/Downloads/laravelProgramacion3/holalaravel-main/vendor/laravel/framework/src/Illuminate/View/View.php(160): Illuminate/View/View->renderContents()
#5 C:/Users/USUARIO/Downloads/laravelProgramacion3/holalaravel-main/vendor/laravel/framework/src/Illuminate/Http/Response.php(78): Illuminate/View/View->render()
#6 C:/Users/USUARIO/Downloads/laravelProgramacion3/holalaravel-main/vendor/laravel/framework/src/Illuminate/Http/Response.php(34): Illuminate/Http/Response->setContent(Object(Illuminate/View/View))
#7 C:/Users/USUARIO/Downloads/laravelProgramacion3/holalaravel-main/vendor/laravel/framework/src/Illuminate/Routing/Router.php(939): Illuminate/Http/Response->__construct(Object(Illuminate/View/View), 200, Array)
#8 C:/Users/USUARIO/Downloads/laravelProgramacion3/holalaravel-main/vendor/laravel/framework/src/Illuminate/Routing/Router.php(906): Illuminate/Routing/Router::toResponse(Object(Illuminate/Http/Request), Object(Illuminate/View/View))
#9 C:/Users/USUARIO/Downloads/laravelProgramacion3/holalaravel-main/vendor/laravel/framework/src/Illuminate/Routing/Router.php(821): Illuminate/Routing/Router->prepareResponse(Object(Illuminate/Http/Request), Object(Illuminate/View/View))
#10 C:/Users/USUARIO/Downloads/laravelProgramacion3/holalaravel-main/vendor/laravel/framework/src/Illuminate/Pipeline/Pipeline.php(180): Illuminate/Routing/Router->Illuminate/Routing/{closure}(Object(Illuminate/Http/Request))
#11 C:/Users/USUARIO/Downloads/laravelProgramacion3/holalaravel-main/vendor/laravel/framework/src/Illuminate/Routing/Middleware/SubstituteBindings.php(50): Illuminate/Pipeline/Pipeline->Illuminate/Pipeline/{closure}(Object(Illuminate/Http/Request))
#12 C:/Users/USUARIO/Downloads/laravelProgramacion3/holalaravel-main/vendor/laravel/framework/src/Illuminate/Pipeline/Pipeline.php(219): Illuminate/Routing/Middleware/SubstituteBindings->handle(Object(Illuminate/Http/Request), Object(Closure))
#13 C:/Users/USUARIO/Downloads/laravelProgramacion3/holalaravel-main/vendor/laravel/framework/src/Illuminate/Auth/Middleware/Authenticate.php(63): Illuminate/Pipeline/Pipeline->Illuminate/Pipeline/{closure}(Object(Illuminate/Http/Request))
#14 C:/Users/USUARIO/Downloads/laravelProgramacion3/holalaravel-main/vendor/laravel/framework/src/Illuminate/Pipeline/Pipeline.php(219): Illuminate/Auth/Middleware/Authenticate->handle(Object(Illuminate/Http/Request), Object(Closure))
#15 C:/Users/USUARIO/Downloads/laravelProgramacion3/holalaravel-main/vendor/laravel/framework/src/Illuminate/Foundation/Http/Middleware/VerifyCsrfToken.php(87): Illuminate/Pipeline/Pipeline->Illuminate/Pipeline/{closure}(Object(Illuminate/Http/Request))
#16 C:/Users/USUARIO/Downloads/laravelProgramacion3/holalaravel-main/vendor/laravel/framework/src/Illuminate/Pipeline/Pipeline.php(219): Illuminate/Foundation/Http/Middleware/VerifyCsrfToken->handle(Object(Illuminate/Http/Request), Object(Closure))
#17 C:/Users/USUARIO/Downloads/laravelProgramacion3/holalaravel-main/vendor/laravel/framework/src/Illuminate/View/Middleware/ShareErrorsFromSession.php(48): Illuminate/Pipeline/Pipeline->Illuminate/Pipeline/{closure}(Object(Illuminate/Http/Request))
#18 C:/Users/USUARIO/Downloads/laravelProgramacion3/holalaravel-main/vendor/laravel/framework/src/Illuminate/Pipeline/Pipeline.php(219): Illuminate/View/Middleware/ShareErrorsFromSession->handle(Object(Illuminate/Http/Request), Object(Closure))
#19 C:/Users/USUARIO/Downloads/laravelProgramacion3/holalaravel-main/vendor/laravel/framework/src/Illuminate/Session/Middleware/StartSession.php(120): Illuminate/Pipeline/Pipeline->Illuminate/Pipeline/{closure}(Object(Illuminate/Http/Request))
#20 C:/Users/USUARIO/Downloads/laravelProgramacion3/holalaravel-main/vendor/laravel/framework/src/Illuminate/Session/Middleware/StartSession.php(63): Illuminate/Session/Middleware/StartSession->handleStatefulRequest(Object(Illuminate/Http/Request), Object(Illuminate/Session/Store), Object(Closure))
#21 C:/Users/USUARIO/Downloads/laravelProgramacion3/holalaravel-main/vendor/laravel/framework/src/Illuminate/Pipeline/Pipeline.php(219): Illuminate/Session/Middleware/StartSession->handle(Object(Illuminate/Http/Request), Object(Closure))
#22 C:/Users/USUARIO/Downloads/laravelProgramacion3/holalaravel-main/vendor/laravel/framework/src/Illuminate/Cookie/Middleware/AddQueuedCookiesToResponse.php(36): Illuminate/Pipeline/Pipeline->Illuminate/Pipeline/{closure}(Object(Illuminate/Http/Request))
#23 C:/Users/USUARIO/Downloads/laravelProgramacion3/holalaravel-main/vendor/laravel/framework/src/Illuminate/Pipeline/Pipeline.php(219): Illuminate/Cookie/Middleware/AddQueuedCookiesToResponse->handle(Object(Illuminate/Http/Request), Object(Closure))
#24 C:/Users/USUARIO/Downloads/laravelProgramacion3/holalaravel-main/vendor/laravel/framework/src/Illuminate/Cookie/Middleware/EncryptCookies.php(74): Illuminate/Pipeline/Pipeline->Illuminate/Pipeline/{closure}(Object(Illuminate/Http/Request))
#25 C:/Users/USUARIO/Downloads/laravelProgramacion3/holalaravel-main/vendor/laravel/framework/src/Illuminate/Pipeline/Pipeline.php(219): Illuminate/Cookie/Middleware/EncryptCookies->handle(Object(Illuminate/Http/Request), Object(Closure))
#26 C:/Users/USUARIO/Downloads/laravelProgramacion3/holalaravel-main/vendor/laravel/framework/src/Illuminate/Pipeline/Pipeline.php(137): Illuminate/Pipeline/Pipeline->Illuminate/Pipeline/{closure}(Object(Illuminate/Http/Request))
#27 C:/Users/USUARIO/Downloads/laravelProgramacion3/holalaravel-main/vendor/laravel/framework/src/Illuminate/Routing/Router.php(821): Illuminate/Pipeline/Pipeline->then(Object(Closure))
#28 C:/Users/USUARIO/Downloads/laravelProgramacion3/holalaravel-main/vendor/laravel/framework/src/Illuminate/Routing/Router.php(800): Illuminate/Routing/Router->runRouteWithinStack(Object(Illuminate/Routing/Route), Object(Illuminate/Http/Request))
#29 C:/Users/USUARIO/Downloads/laravelProgramacion3/holalaravel-main/vendor/laravel/framework/src/Illuminate/Routing/Router.php(764): Illuminate/Routing/Router->runRoute(Object(Illuminate/Http/Request), Object(Illuminate/Routing/Route))
#30 C:/Users/USUARIO/Downloads/laravelProgramacion3/holalaravel-main/vendor/laravel/framework/src/Illuminate/Routing/Router.php(753): Illuminate/Routing/Router->dispatchToRoute(Object(Illuminate/Http/Request))
#31 C:/Users/USUARIO/Downloads/laravelProgramacion3/holalaravel-main/vendor/laravel/framework/src/Illuminate/Foundation/Http/Kernel.php(200): Illuminate/Routing/Router->dispatch(Object(Illuminate/Http/Request))
#32 C:/Users/USUARIO/Downloads/laravelProgramacion3/holalaravel-main/vendor/laravel/framework/src/Illuminate/Pipeline/Pipeline.php(180): Illuminate/Foundation/Http/Kernel->Illuminate/Foundation/Http/{closure}(Object(Illuminate/Http/Request))
#33 C:/Users/USUARIO/Downloads/laravelProgramacion3/holalaravel-main/vendor/laravel/framework/src/Illuminate/Foundation/Http/Middleware/TransformsRequest.php(21): Illuminate/Pipeline/Pipeline->Illuminate/Pipeline/{closure}(Object(Illuminate/Http/Request))
#34 C:/Users/USUARIO/Downloads/laravelProgramacion3/holalaravel-main/vendor/laravel/framework/src/Illuminate/Foundation/Http/Middleware/ConvertEmptyStringsToNull.php(31): Illuminate/Foundation/Http/Middleware/TransformsRequest->handle(Object(Illuminate/Http/Request), Object(Closure))
#35 C:/Users/USUARIO/Downloads/laravelProgramacion3/holalaravel-main/vendor/laravel/framework/src/Illuminate/Pipeline/Pipeline.php(219): Illuminate/Foundation/Http/Middleware/ConvertEmptyStringsToNull->handle(Object(Illuminate/Http/Request), Object(Closure))
#36 C:/Users/USUARIO/Downloads/laravelProgramacion3/holalaravel-main/vendor/laravel/framework/src/Illuminate/Foundation/Http/Middleware/TransformsRequest.php(21): Illuminate/Pipeline/Pipeline->Illuminate/Pipeline/{closure}(Object(Illuminate/Http/Request))
#37 C:/Users/USUARIO/Downloads/laravelProgramacion3/holalaravel-main/vendor/laravel/framework/src/Illuminate/Foundation/Http/Middleware/TrimStrings.php(51): Illuminate/Foundation/Http/Middleware/TransformsRequest->handle(Object(Illuminate/Http/Request), Object(Closure))
#38 C:/Users/USUARIO/Downloads/laravelProgramacion3/holalaravel-main/vendor/laravel/framework/src/Illuminate/Pipeline/Pipeline.php(219): Illuminate/Foundation/Http/Middleware/TrimStrings->handle(Object(Illuminate/Http/Request), Object(Closure))
#39 C:/Users/USUARIO/Downloads/laravelProgramacion3/holalaravel-main/vendor/laravel/framework/src/Illuminate/Http/Middleware/ValidatePostSize.php(27): Illuminate/Pipeline/Pipeline->Illuminate/Pipeline/{closure}(Object(Illuminate/Http/Request))
#40 C:/Users/USUARIO/Downloads/laravelProgramacion3/holalaravel-main/vendor/laravel/framework/src/Illuminate/Pipeline/Pipeline.php(219): Illuminate/Http/Middleware/ValidatePostSize->handle(Object(Illuminate/Http/Request), Object(Closure))
#41 C:/Users/USUARIO/Downloads/laravelProgramacion3/holalaravel-main/vendor/laravel/framework/src/Illuminate/Foundation/Http/Middleware/PreventRequestsDuringMaintenance.php(109): Illuminate/Pipeline/Pipeline->Illuminate/Pipeline/{closure}(Object(Illuminate/Http/Request))
#42 C:/Users/USUARIO/Downloads/laravelProgramacion3/holalaravel-main/vendor/laravel/framework/src/Illuminate/Pipeline/Pipeline.php(219): Illuminate/Foundation/Http/Middleware/PreventRequestsDuringMaintenance->handle(Object(Illuminate/Http/Request), Object(Closure))
#43 C:/Users/USUARIO/Downloads/laravelProgramacion3/holalaravel-main/vendor/laravel/framework/src/Illuminate/Http/Middleware/HandleCors.php(61): Illuminate/Pipeline/Pipeline->Illuminate/Pipeline/{closure}(Object(Illuminate/Http/Request))
#44 C:/Users/USUARIO/Downloads/laravelProgramacion3/holalaravel-main/vendor/laravel/framework/src/Illuminate/Pipeline/Pipeline.php(219): Illuminate/Http/Middleware/HandleCors->handle(Object(Illuminate/Http/Request), Object(Closure))
#45 C:/Users/USUARIO/Downloads/laravelProgramacion3/holalaravel-main/vendor/laravel/framework/src/Illuminate/Http/Middleware/TrustProxies.php(58): Illuminate/Pipeline/Pipeline->Illuminate/Pipeline/{closure}(Object(Illuminate/Http/Request))
#46 C:/Users/USUARIO/Downloads/laravelProgramacion3/holalaravel-main/vendor/laravel/framework/src/Illuminate/Pipeline/Pipeline.php(219): Illuminate/Http/Middleware/TrustProxies->handle(Object(Illuminate/Http/Request), Object(Closure))
#47 C:/Users/USUARIO/Downloads/laravelProgramacion3/holalaravel-main/vendor/laravel/framework/src/Illuminate/Foundation/Http/Middleware/InvokeDeferredCallbacks.php(22): Illuminate/Pipeline/Pipeline->Illuminate/Pipeline/{closure}(Object(Illuminate/Http/Request))
#48 C:/Users/USUARIO/Downloads/laravelProgramacion3/holalaravel-main/vendor/laravel/framework/src/Illuminate/Pipeline/Pipeline.php(219): Illuminate/Foundation/Http/Middleware/InvokeDeferredCallbacks->handle(Object(Illuminate/Http/Request), Object(Closure))
#49 C:/Users/USUARIO/Downloads/laravelProgramacion3/holalaravel-main/vendor/laravel/framework/src/Illuminate/Http/Middleware/ValidatePathEncoding.php(26): Illuminate/Pipeline/Pipeline->Illuminate/Pipeline/{closure}(Object(Illuminate/Http/Request))
#50 C:/Users/USUARIO/Downloads/laravelProgramacion3/holalaravel-main/vendor/laravel/framework/src/Illuminate/Pipeline/Pipeline.php(219): Illuminate/Http/Middleware/ValidatePathEncoding->handle(Object(Illuminate/Http/Request), Object(Closure))
#51 C:/Users/USUARIO/Downloads/laravelProgramacion3/holalaravel-main/vendor/laravel/framework/src/Illuminate/Pipeline/Pipeline.php(137): Illuminate/Pipeline/Pipeline->Illuminate/Pipeline/{closure}(Object(Illuminate/Http/Request))
#52 C:/Users/USUARIO/Downloads/laravelProgramacion3/holalaravel-main/vendor/laravel/framework/src/Illuminate/Foundation/Http/Kernel.php(175): Illuminate/Pipeline/Pipeline->then(Object(Closure))
#53 C:/Users/USUARIO/Downloads/laravelProgramacion3/holalaravel-main/vendor/laravel/framework/src/Illuminate/Foundation/Http/Kernel.php(144): Illuminate/Foundation/Http/Kernel->sendRequestThroughRouter(Object(Illuminate/Http/Request))
#54 C:/Users/USUARIO/Downloads/laravelProgramacion3/holalaravel-main/vendor/laravel/framework/src/Illuminate/Foundation/Application.php(1220): Illuminate/Foundation/Http/Kernel->handle(Object(Illuminate/Http/Request))
#55 C:/Users/USUARIO/Downloads/laravelProgramacion3/holalaravel-main/public/index.php(20): Illuminate/Foundation/Application->handleRequest(Object(Illuminate/Http/Request))
#56 C:/Users/USUARIO/Downloads/laravelProgramacion3/holalaravel-main/vendor/laravel/framework/src/Illuminate/Foundation/resources/server.php(23): require_once('C://Users//USUARI...')
#57 {main}

[previous exception] [object] (InvalidArgumentException(code: 0): View [vendor.pagination.default] not found. at C:/Users/USUARIO/Downloads/laravelProgramacion3/holalaravel-main/vendor/laravel/framework/src/Illuminate/View/FileViewFinder.php:138)
[stacktrace]
#0 C:/Users/USUARIO/Downloads/laravelProgramacion3/holalaravel-main/vendor/laravel/framework/src/Illuminate/View/FileViewFinder.php(78): Illuminate/View/FileViewFinder->findInPaths('vendor.paginati...', Array)
#1 C:/Users/USUARIO/Downloads/laravelProgramacion3/holalaravel-main/vendor/laravel/framework/src/Illuminate/View/Factory.php(150): Illuminate/View/FileViewFinder->find('vendor.paginati...')
#2 C:/Users/USUARIO/Downloads/laravelProgramacion3/holalaravel-main/vendor/laravel/framework/src/Illuminate/Pagination/LengthAwarePaginator.php(102): Illuminate/View/Factory->make('vendor.paginati...', Array)
#3 C:/Users/USUARIO/Downloads/laravelProgramacion3/holalaravel-main/vendor/laravel/framework/src/Illuminate/Pagination/LengthAwarePaginator.php(90): Illuminate/Pagination/LengthAwarePaginator->render('vendor.paginati...', Array)
#4 C:/Users/USUARIO/Downloads/laravelProgramacion3/holalaravel-main/storage/framework/views/7fa6daa05ea85ea9c7bb553645429aa5.php(101): Illuminate/Pagination/LengthAwarePaginator->links('vendor.paginati...')
#5 C:/Users/USUARIO/Downloads/laravelProgramacion3/holalaravel-main/vendor/laravel/framework/src/Illuminate/Filesystem/Filesystem.php(123): require('C://Users//USUARI...')
#6 C:/Users/USUARIO/Downloads/laravelProgramacion3/holalaravel-main/vendor/laravel/framework/src/Illuminate/Filesystem/Filesystem.php(124): Illuminate/Filesystem/Filesystem::Illuminate/Filesystem/{closure}()
#7 C:/Users/USUARIO/Downloads/laravelProgramacion3/holalaravel-main/vendor/laravel/framework/src/Illuminate/View/Engines/PhpEngine.php(57): Illuminate/Filesystem/Filesystem->getRequire('C://Users//USUARI...', Array)
#8 C:/Users/USUARIO/Downloads/laravelProgramacion3/holalaravel-main/vendor/laravel/framework/src/Illuminate/View/Engines/CompilerEngine.php(76): Illuminate/View/Engines/PhpEngine->evaluatePath('C://Users//USUARI...', Array)
#9 C:/Users/USUARIO/Downloads/laravelProgramacion3/holalaravel-main/vendor/laravel/framework/src/Illuminate/View/View.php(208): Illuminate/View/Engines/CompilerEngine->get('C://Users//USUARI...', Array)
#10 C:/Users/USUARIO/Downloads/laravelProgramacion3/holalaravel-main/vendor/laravel/framework/src/Illuminate/View/View.php(191): Illuminate/View/View->getContents()
#11 C:/Users/USUARIO/Downloads/laravelProgramacion3/holalaravel-main/vendor/laravel/framework/src/Illuminate/View/View.php(160): Illuminate/View/View->renderContents()
#12 C:/Users/USUARIO/Downloads/laravelProgramacion3/holalaravel-main/vendor/laravel/framework/src/Illuminate/Http/Response.php(78): Illuminate/View/View->render()
#13 C:/Users/USUARIO/Downloads/laravelProgramacion3/holalaravel-main/vendor/laravel/framework/src/Illuminate/Http/Response.php(34): Illuminate/Http/Response->setContent(Object(Illuminate/View/View))
#14 C:/Users/USUARIO/Downloads/laravelProgramacion3/holalaravel-main/vendor/laravel/framework/src/Illuminate/Routing/Router.php(939): Illuminate/Http/Response->__construct(Object(Illuminate/View/View), 200, Array)
#15 C:/Users/USUARIO/Downloads/laravelProgramacion3/holalaravel-main/vendor/laravel/framework/src/Illuminate/Routing/Router.php(906): Illuminate/Routing/Router::toResponse(Object(Illuminate/Http/Request), Object(Illuminate/View/View))
#16 C:/Users/USUARIO/Downloads/laravelProgramacion3/holalaravel-main/vendor/laravel/framework/src/Illuminate/Routing/Router.php(821): Illuminate/Routing/Router->prepareResponse(Object(Illuminate/Http/Request), Object(Illuminate/View/View))
#17 C:/Users/USUARIO/Downloads/laravelProgramacion3/holalaravel-main/vendor/laravel/framework/src/Illuminate/Pipeline/Pipeline.php(180): Illuminate/Routing/Router->Illuminate/Routing/{closure}(Object(Illuminate/Http/Request))
#18 C:/Users/USUARIO/Downloads/laravelProgramacion3/holalaravel-main/vendor/laravel/framework/src/Illuminate/Routing/Middleware/SubstituteBindings.php(50): Illuminate/Pipeline/Pipeline->Illuminate/Pipeline/{closure}(Object(Illuminate/Http/Request))
#19 C:/Users/USUARIO/Downloads/laravelProgramacion3/holalaravel-main/vendor/laravel/framework/src/Illuminate/Pipeline/Pipeline.php(219): Illuminate/Routing/Middleware/SubstituteBindings->handle(Object(Illuminate/Http/Request), Object(Closure))
#20 C:/Users/USUARIO/Downloads/laravelProgramacion3/holalaravel-main/vendor/laravel/framework/src/Illuminate/Auth/Middleware/Authenticate.php(63): Illuminate/Pipeline/Pipeline->Illuminate/Pipeline/{closure}(Object(Illuminate/Http/Request))
#21 C:/Users/USUARIO/Downloads/laravelProgramacion3/holalaravel-main/vendor/laravel/framework/src/Illuminate/Pipeline/Pipeline.php(219): Illuminate/Auth/Middleware/Authenticate->handle(Object(Illuminate/Http/Request), Object(Closure))
#22 C:/Users/USUARIO/Downloads/laravelProgramacion3/holalaravel-main/vendor/laravel/framework/src/Illuminate/Foundation/Http/Middleware/VerifyCsrfToken.php(87): Illuminate/Pipeline/Pipeline->Illuminate/Pipeline/{closure}(Object(Illuminate/Http/Request))
#23 C:/Users/USUARIO/Downloads/laravelProgramacion3/holalaravel-main/vendor/laravel/framework/src/Illuminate/Pipeline/Pipeline.php(219): Illuminate/Foundation/Http/Middleware/VerifyCsrfToken->handle(Object(Illuminate/Http/Request), Object(Closure))
#24 C:/Users/USUARIO/Downloads/laravelProgramacion3/holalaravel-main/vendor/laravel/framework/src/Illuminate/View/Middleware/ShareErrorsFromSession.php(48): Illuminate/Pipeline/Pipeline->Illuminate/Pipeline/{closure}(Object(Illuminate/Http/Request))
#25 C:/Users/USUARIO/Downloads/laravelProgramacion3/holalaravel-main/vendor/laravel/framework/src/Illuminate/Pipeline/Pipeline.php(219): Illuminate/View/Middleware/ShareErrorsFromSession->handle(Object(Illuminate/Http/Request), Object(Closure))
#26 C:/Users/USUARIO/Downloads/laravelProgramacion3/holalaravel-main/vendor/laravel/framework/src/Illuminate/Session/Middleware/StartSession.php(120): Illuminate/Pipeline/Pipeline->Illuminate/Pipeline/{closure}(Object(Illuminate/Http/Request))
#27 C:/Users/USUARIO/Downloads/laravelProgramacion3/holalaravel-main/vendor/laravel/framework/src/Illuminate/Session/Middleware/StartSession.php(63): Illuminate/Session/Middleware/StartSession->handleStatefulRequest(Object(Illuminate/Http/Request), Object(Illuminate/Session/Store), Object(Closure))
#28 C:/Users/USUARIO/Downloads/laravelProgramacion3/holalaravel-main/vendor/laravel/framework/src/Illuminate/Pipeline/Pipeline.php(219): Illuminate/Session/Middleware/StartSession->handle(Object(Illuminate/Http/Request), Object(Closure))
#29 C:/Users/USUARIO/Downloads/laravelProgramacion3/holalaravel-main/vendor/laravel/framework/src/Illuminate/Cookie/Middleware/AddQueuedCookiesToResponse.php(36): Illuminate/Pipeline/Pipeline->Illuminate/Pipeline/{closure}(Object(Illuminate/Http/Request))
#30 C:/Users/USUARIO/Downloads/laravelProgramacion3/holalaravel-main/vendor/laravel/framework/src/Illuminate/Pipeline/Pipeline.php(219): Illuminate/Cookie/Middleware/AddQueuedCookiesToResponse->handle(Object(Illuminate/Http/Request), Object(Closure))
#31 C:/Users/USUARIO/Downloads/laravelProgramacion3/holalaravel-main/vendor/laravel/framework/src/Illuminate/Cookie/Middleware/EncryptCookies.php(74): Illuminate/Pipeline/Pipeline->Illuminate/Pipeline/{closure}(Object(Illuminate/Http/Request))
#32 C:/Users/USUARIO/Downloads/laravelProgramacion3/holalaravel-main/vendor/laravel/framework/src/Illuminate/Pipeline/Pipeline.php(219): Illuminate/Cookie/Middleware/EncryptCookies->handle(Object(Illuminate/Http/Request), Object(Closure))
#33 C:/Users/USUARIO/Downloads/laravelProgramacion3/holalaravel-main/vendor/laravel/framework/src/Illuminate/Pipeline/Pipeline.php(137): Illuminate/Pipeline/Pipeline->Illuminate/Pipeline/{closure}(Object(Illuminate/Http/Request))
#34 C:/Users/USUARIO/Downloads/laravelProgramacion3/holalaravel-main/vendor/laravel/framework/src/Illuminate/Routing/Router.php(821): Illuminate/Pipeline/Pipeline->then(Object(Closure))
#35 C:/Users/USUARIO/Downloads/laravelProgramacion3/holalaravel-main/vendor/laravel/framework/src/Illuminate/Routing/Router.php(800): Illuminate/Routing/Router->runRouteWithinStack(Object(Illuminate/Routing/Route), Object(Illuminate/Http/Request))
#36 C:/Users/USUARIO/Downloads/laravelProgramacion3/holalaravel-main/vendor/laravel/framework/src/Illuminate/Routing/Router.php(764): Illuminate/Routing/Router->runRoute(Object(Illuminate/Http/Request), Object(Illuminate/Routing/Route))
#37 C:/Users/USUARIO/Downloads/laravelProgramacion3/holalaravel-main/vendor/laravel/framework/src/Illuminate/Routing/Router.php(753): Illuminate/Routing/Router->dispatchToRoute(Object(Illuminate/Http/Request))
#38 C:/Users/USUARIO/Downloads/laravelProgramacion3/holalaravel-main/vendor/laravel/framework/src/Illuminate/Foundation/Http/Kernel.php(200): Illuminate/Routing/Router->dispatch(Object(Illuminate/Http/Request))
#39 C:/Users/USUARIO/Downloads/laravelProgramacion3/holalaravel-main/vendor/laravel/framework/src/Illuminate/Pipeline/Pipeline.php(180): Illuminate/Foundation/Http/Kernel->Illuminate/Foundation/Http/{closure}(Object(Illuminate/Http/Request))
#40 C:/Users/USUARIO/Downloads/laravelProgramacion3/holalaravel-main/vendor/laravel/framework/src/Illuminate/Foundation/Http/Middleware/TransformsRequest.php(21): Illuminate/Pipeline/Pipeline->Illuminate/Pipeline/{closure}(Object(Illuminate/Http/Request))
#41 C:/Users/USUARIO/Downloads/laravelProgramacion3/holalaravel-main/vendor/laravel/framework/src/Illuminate/Foundation/Http/Middleware/ConvertEmptyStringsToNull.php(31): Illuminate/Foundation/Http/Middleware/TransformsRequest->handle(Object(Illuminate/Http/Request), Object(Closure))
#42 C:/Users/USUARIO/Downloads/laravelProgramacion3/holalaravel-main/vendor/laravel/framework/src/Illuminate/Pipeline/Pipeline.php(219): Illuminate/Foundation/Http/Middleware/ConvertEmptyStringsToNull->handle(Object(Illuminate/Http/Request), Object(Closure))
#43 C:/Users/USUARIO/Downloads/laravelProgramacion3/holalaravel-main/vendor/laravel/framework/src/Illuminate/Foundation/Http/Middleware/TransformsRequest.php(21): Illuminate/Pipeline/Pipeline->Illuminate/Pipeline/{closure}(Object(Illuminate/Http/Request))
#44 C:/Users/USUARIO/Downloads/laravelProgramacion3/holalaravel-main/vendor/laravel/framework/src/Illuminate/Foundation/Http/Middleware/TrimStrings.php(51): Illuminate/Foundation/Http/Middleware/TransformsRequest->handle(Object(Illuminate/Http/Request), Object(Closure))
#45 C:/Users/USUARIO/Downloads/laravelProgramacion3/holalaravel-main/vendor/laravel/framework/src/Illuminate/Pipeline/Pipeline.php(219): Illuminate/Foundation/Http/Middleware/TrimStrings->handle(Object(Illuminate/Http/Request), Object(Closure))
#46 C:/Users/USUARIO/Downloads/laravelProgramacion3/holalaravel-main/vendor/laravel/framework/src/Illuminate/Http/Middleware/ValidatePostSize.php(27): Illuminate/Pipeline/Pipeline->Illuminate/Pipeline/{closure}(Object(Illuminate/Http/Request))
#47 C:/Users/USUARIO/Downloads/laravelProgramacion3/holalaravel-main/vendor/laravel/framework/src/Illuminate/Pipeline/Pipeline.php(219): Illuminate/Http/Middleware/ValidatePostSize->handle(Object(Illuminate/Http/Request), Object(Closure))
#48 C:/Users/USUARIO/Downloads/laravelProgramacion3/holalaravel-main/vendor/laravel/framework/src/Illuminate/Foundation/Http/Middleware/PreventRequestsDuringMaintenance.php(109): Illuminate/Pipeline/Pipeline->Illuminate/Pipeline/{closure}(Object(Illuminate/Http/Request))
#49 C:/Users/USUARIO/Downloads/laravelProgramacion3/holalaravel-main/vendor/laravel/framework/src/Illuminate/Pipeline/Pipeline.php(219): Illuminate/Foundation/Http/Middleware/PreventRequestsDuringMaintenance->handle(Object(Illuminate/Http/Request), Object(Closure))
#50 C:/Users/USUARIO/Downloads/laravelProgramacion3/holalaravel-main/vendor/laravel/framework/src/Illuminate/Http/Middleware/HandleCors.php(61): Illuminate/Pipeline/Pipeline->Illuminate/Pipeline/{closure}(Object(Illuminate/Http/Request))
#51 C:/Users/USUARIO/Downloads/laravelProgramacion3/holalaravel-main/vendor/laravel/framework/src/Illuminate/Pipeline/Pipeline.php(219): Illuminate/Http/Middleware/HandleCors->handle(Object(Illuminate/Http/Request), Object(Closure))
#52 C:/Users/USUARIO/Downloads/laravelProgramacion3/holalaravel-main/vendor/laravel/framework/src/Illuminate/Http/Middleware/TrustProxies.php(58): Illuminate/Pipeline/Pipeline->Illuminate/Pipeline/{closure}(Object(Illuminate/Http/Request))
#53 C:/Users/USUARIO/Downloads/laravelProgramacion3/holalaravel-main/vendor/laravel/framework/src/Illuminate/Pipeline/Pipeline.php(219): Illuminate/Http/Middleware/TrustProxies->handle(Object(Illuminate/Http/Request), Object(Closure))
#54 C:/Users/USUARIO/Downloads/laravelProgramacion3/holalaravel-main/vendor/laravel/framework/src/Illuminate/Foundation/Http/Middleware/InvokeDeferredCallbacks.php(22): Illuminate/Pipeline/Pipeline->Illuminate/Pipeline/{closure}(Object(Illuminate/Http/Request))
#55 C:/Users/USUARIO/Downloads/laravelProgramacion3/holalaravel-main/vendor/laravel/framework/src/Illuminate/Pipeline/Pipeline.php(219): Illuminate/Foundation/Http/Middleware/InvokeDeferredCallbacks->handle(Object(Illuminate/Http/Request), Object(Closure))
#56 C:/Users/USUARIO/Downloads/laravelProgramacion3/holalaravel-main/vendor/laravel/framework/src/Illuminate/Http/Middleware/ValidatePathEncoding.php(26): Illuminate/Pipeline/Pipeline->Illuminate/Pipeline/{closure}(Object(Illuminate/Http/Request))
#57 C:/Users/USUARIO/Downloads/laravelProgramacion3/holalaravel-main/vendor/laravel/framework/src/Illuminate/Pipeline/Pipeline.php(219): Illuminate/Http/Middleware/ValidatePathEncoding->handle(Object(Illuminate/Http/Request), Object(Closure))
#58 C:/Users/USUARIO/Downloads/laravelProgramacion3/holalaravel-main/vendor/laravel/framework/src/Illuminate/Pipeline/Pipeline.php(137): Illuminate/Pipeline/Pipeline->Illuminate/Pipeline/{closure}(Object(Illuminate/Http/Request))
#59 C:/Users/USUARIO/Downloads/laravelProgramacion3/holalaravel-main/vendor/laravel/framework/src/Illuminate/Foundation/Http/Kernel.php(175): Illuminate/Pipeline/Pipeline->then(Object(Closure))
#60 C:/Users/USUARIO/Downloads/laravelProgramacion3/holalaravel-main/vendor/laravel/framework/src/Illuminate/Foundation/Http/Kernel.php(144): Illuminate/Foundation/Http/Kernel->sendRequestThroughRouter(Object(Illuminate/Http/Request))
#61 C:/Users/USUARIO/Downloads/laravelProgramacion3/holalaravel-main/vendor/laravel/framework/src/Illuminate/Foundation/Application.php(1220): Illuminate/Foundation/Http/Kernel->handle(Object(Illuminate/Http/Request))
#62 C:/Users/USUARIO/Downloads/laravelProgramacion3/holalaravel-main/public/index.php(20): Illuminate/Foundation/Application->handleRequest(Object(Illuminate/Http/Request))
#63 C:/Users/USUARIO/Downloads/laravelProgramacion3/holalaravel-main/vendor/laravel/framework/src/Illuminate/Foundation/resources/server.php(23): require_once('C://Users//USUARI...')
#64 {main}
"} 
[2026-04-14 00:17:19] local.ERROR: Route [categoria.index] not defined. (View: C:\Users\USUARIO\Downloads\laravelProgramacion3\holalaravel-main\resources\views\layouts\plantilla.blade.php) (View: C:\Users\USUARIO\Downloads\laravelProgramacion3\holalaravel-main\resources\views\layouts\plantilla.blade.php) {"userId":1,"exception":"[object] (Illuminate\\View\\ViewException(code: 0): Route [categoria.index] not defined. (View: C:\\Users\\USUARIO\\Downloads\\laravelProgramacion3\\holalaravel-main\\resources\\views\\layouts\\plantilla.blade.php) (View: C:\\Users\\USUARIO\\Downloads\\laravelProgramacion3\\holalaravel-main\\resources\\views\\layouts\\plantilla.blade.php) at C:/Users/USUARIO/Downloads/laravelProgramacion3/holalaravel-main/vendor/laravel/framework/src/Illuminate/Routing/UrlGenerator.php:528)
[stacktrace]
#0 C:/Users/USUARIO/Downloads/laravelProgramacion3/holalaravel-main/vendor/laravel/framework/src/Illuminate/View/Engines/PhpEngine.php(59): Illuminate/View/Engines/CompilerEngine->handleViewException(Object(Illuminate/View/ViewException), 1)
#1 C:/Users/USUARIO/Downloads/laravelProgramacion3/holalaravel-main/vendor/laravel/framework/src/Illuminate/View/Engines/CompilerEngine.php(76): Illuminate/View/Engines/PhpEngine->evaluatePath('C://Users//USUARI...', Array)
#2 C:/Users/USUARIO/Downloads/laravelProgramacion3/holalaravel-main/vendor/laravel/framework/src/Illuminate/View/View.php(208): Illuminate/View/Engines/CompilerEngine->get('C://Users//USUARI...', Array)
#3 C:/Users/USUARIO/Downloads/laravelProgramacion3/holalaravel-main/vendor/laravel/framework/src/Illuminate/View/View.php(191): Illuminate/View/View->getContents()
#4 C:/Users/USUARIO/Downloads/laravelProgramacion3/holalaravel-main/vendor/laravel/framework/src/Illuminate/View/View.php(160): Illuminate/View/View->renderContents()
#5 C:/Users/USUARIO/Downloads/laravelProgramacion3/holalaravel-main/vendor/laravel/framework/src/Illuminate/Http/Response.php(78): Illuminate/View/View->render()
#6 C:/Users/USUARIO/Downloads/laravelProgramacion3/holalaravel-main/vendor/laravel/framework/src/Illuminate/Http/Response.php(34): Illuminate/Http/Response->setContent(Object(Illuminate/View/View))
#7 C:/Users/USUARIO/Downloads/laravelProgramacion3/holalaravel-main/vendor/laravel/framework/src/Illuminate/Routing/Router.php(939): Illuminate/Http/Response->__construct(Object(Illuminate/View/View), 200, Array)
#8 C:/Users/USUARIO/Downloads/laravelProgramacion3/holalaravel-main/vendor/laravel/framework/src/Illuminate/Routing/Router.php(906): Illuminate/Routing/Router::toResponse(Object(Illuminate/Http/Request), Object(Illuminate/View/View))
#9 C:/Users/USUARIO/Downloads/laravelProgramacion3/holalaravel-main/vendor/laravel/framework/src/Illuminate/Routing/Router.php(821): Illuminate/Routing/Router->prepareResponse(Object(Illuminate/Http/Request), Object(Illuminate/View/View))
#10 C:/Users/USUARIO/Downloads/laravelProgramacion3/holalaravel-main/vendor/laravel/framework/src/Illuminate/Pipeline/Pipeline.php(180): Illuminate/Routing/Router->Illuminate/Routing/{closure}(Object(Illuminate/Http/Request))
#11 C:/Users/USUARIO/Downloads/laravelProgramacion3/holalaravel-main/vendor/laravel/framework/src/Illuminate/Routing/Middleware/SubstituteBindings.php(50): Illuminate/Pipeline/Pipeline->Illuminate/Pipeline/{closure}(Object(Illuminate/Http/Request))
#12 C:/Users/USUARIO/Downloads/laravelProgramacion3/holalaravel-main/vendor/laravel/framework/src/Illuminate/Pipeline/Pipeline.php(219): Illuminate/Routing/Middleware/SubstituteBindings->handle(Object(Illuminate/Http/Request), Object(Closure))
#13 C:/Users/USUARIO/Downloads/laravelProgramacion3/holalaravel-main/vendor/laravel/framework/src/Illuminate/Auth/Middleware/Authenticate.php(63): Illuminate/Pipeline/Pipeline->Illuminate/Pipeline/{closure}(Object(Illuminate/Http/Request))
#14 C:/Users/USUARIO/Downloads/laravelProgramacion3/holalaravel-main/vendor/laravel/framework/src/Illuminate/Pipeline/Pipeline.php(219): Illuminate/Auth/Middleware/Authenticate->handle(Object(Illuminate/Http/Request), Object(Closure))
#15 C:/Users/USUARIO/Downloads/laravelProgramacion3/holalaravel-main/vendor/laravel/framework/src/Illuminate/Foundation/Http/Middleware/VerifyCsrfToken.php(87): Illuminate/Pipeline/Pipeline->Illuminate/Pipeline/{closure}(Object(Illuminate/Http/Request))
#16 C:/Users/USUARIO/Downloads/laravelProgramacion3/holalaravel-main/vendor/laravel/framework/src/Illuminate/Pipeline/Pipeline.php(219): Illuminate/Foundation/Http/Middleware/VerifyCsrfToken->handle(Object(Illuminate/Http/Request), Object(Closure))
#17 C:/Users/USUARIO/Downloads/laravelProgramacion3/holalaravel-main/vendor/laravel/framework/src/Illuminate/View/Middleware/ShareErrorsFromSession.php(48): Illuminate/Pipeline/Pipeline->Illuminate/Pipeline/{closure}(Object(Illuminate/Http/Request))
#18 C:/Users/USUARIO/Downloads/laravelProgramacion3/holalaravel-main/vendor/laravel/framework/src/Illuminate/Pipeline/Pipeline.php(219): Illuminate/View/Middleware/ShareErrorsFromSession->handle(Object(Illuminate/Http/Request), Object(Closure))
#19 C:/Users/USUARIO/Downloads/laravelProgramacion3/holalaravel-main/vendor/laravel/framework/src/Illuminate/Session/Middleware/StartSession.php(120): Illuminate/Pipeline/Pipeline->Illuminate/Pipeline/{closure}(Object(Illuminate/Http/Request))
#20 C:/Users/USUARIO/Downloads/laravelProgramacion3/holalaravel-main/vendor/laravel/framework/src/Illuminate/Session/Middleware/StartSession.php(63): Illuminate/Session/Middleware/StartSession->handleStatefulRequest(Object(Illuminate/Http/Request), Object(Illuminate/Session/Store), Object(Closure))
#21 C:/Users/USUARIO/Downloads/laravelProgramacion3/holalaravel-main/vendor/laravel/framework/src/Illuminate/Pipeline/Pipeline.php(219): Illuminate/Session/Middleware/StartSession->handle(Object(Illuminate/Http/Request), Object(Closure))
#22 C:/Users/USUARIO/Downloads/laravelProgramacion3/holalaravel-main/vendor/laravel/framework/src/Illuminate/Cookie/Middleware/AddQueuedCookiesToResponse.php(36): Illuminate/Pipeline/Pipeline->Illuminate/Pipeline/{closure}(Object(Illuminate/Http/Request))
#23 C:/Users/USUARIO/Downloads/laravelProgramacion3/holalaravel-main/vendor/laravel/framework/src/Illuminate/Pipeline/Pipeline.php(219): Illuminate/Cookie/Middleware/AddQueuedCookiesToResponse->handle(Object(Illuminate/Http/Request), Object(Closure))
#24 C:/Users/USUARIO/Downloads/laravelProgramacion3/holalaravel-main/vendor/laravel/framework/src/Illuminate/Cookie/Middleware/EncryptCookies.php(74): Illuminate/Pipeline/Pipeline->Illuminate/Pipeline/{closure}(Object(Illuminate/Http/Request))
#25 C:/Users/USUARIO/Downloads/laravelProgramacion3/holalaravel-main/vendor/laravel/framework/src/Illuminate/Pipeline/Pipeline.php(219): Illuminate/Cookie/Middleware/EncryptCookies->handle(Object(Illuminate/Http/Request), Object(Closure))
#26 C:/Users/USUARIO/Downloads/laravelProgramacion3/holalaravel-main/vendor/laravel/framework/src/Illuminate/Pipeline/Pipeline.php(137): Illuminate/Pipeline/Pipeline->Illuminate/Pipeline/{closure}(Object(Illuminate/Http/Request))
#27 C:/Users/USUARIO/Downloads/laravelProgramacion3/holalaravel-main/vendor/laravel/framework/src/Illuminate/Routing/Router.php(821): Illuminate/Pipeline/Pipeline->then(Object(Closure))
#28 C:/Users/USUARIO/Downloads/laravelProgramacion3/holalaravel-main/vendor/laravel/framework/src/Illuminate/Routing/Router.php(800): Illuminate/Routing/Router->runRouteWithinStack(Object(Illuminate/Routing/Route), Object(Illuminate/Http/Request))
#29 C:/Users/USUARIO/Downloads/laravelProgramacion3/holalaravel-main/vendor/laravel/framework/src/Illuminate/Routing/Router.php(764): Illuminate/Routing/Router->runRoute(Object(Illuminate/Http/Request), Object(Illuminate/Routing/Route))
#30 C:/Users/USUARIO/Downloads/laravelProgramacion3/holalaravel-main/vendor/laravel/framework/src/Illuminate/Routing/Router.php(753): Illuminate/Routing/Router->dispatchToRoute(Object(Illuminate/Http/Request))
#31 C:/Users/USUARIO/Downloads/laravelProgramacion3/holalaravel-main/vendor/laravel/framework/src/Illuminate/Foundation/Http/Kernel.php(200): Illuminate/Routing/Router->dispatch(Object(Illuminate/Http/Request))
#32 C:/Users/USUARIO/Downloads/laravelProgramacion3/holalaravel-main/vendor/laravel/framework/src/Illuminate/Pipeline/Pipeline.php(180): Illuminate/Foundation/Http/Kernel->Illuminate/Foundation/Http/{closure}(Object(Illuminate/Http/Request))
#33 C:/Users/USUARIO/Downloads/laravelProgramacion3/holalaravel-main/vendor/laravel/framework/src/Illuminate/Foundation/Http/Middleware/TransformsRequest.php(21): Illuminate/Pipeline/Pipeline->Illuminate/Pipeline/{closure}(Object(Illuminate/Http/Request))
#34 C:/Users/USUARIO/Downloads/laravelProgramacion3/holalaravel-main/vendor/laravel/framework/src/Illuminate/Foundation/Http/Middleware/ConvertEmptyStringsToNull.php(31): Illuminate/Foundation/Http/Middleware/TransformsRequest->handle(Object(Illuminate/Http/Request), Object(Closure))
#35 C:/Users/USUARIO/Downloads/laravelProgramacion3/holalaravel-main/vendor/laravel/framework/src/Illuminate/Pipeline/Pipeline.php(219): Illuminate/Foundation/Http/Middleware/ConvertEmptyStringsToNull->handle(Object(Illuminate/Http/Request), Object(Closure))
#36 C:/Users/USUARIO/Downloads/laravelProgramacion3/holalaravel-main/vendor/laravel/framework/src/Illuminate/Foundation/Http/Middleware/TransformsRequest.php(21): Illuminate/Pipeline/Pipeline->Illuminate/Pipeline/{closure}(Object(Illuminate/Http/Request))
#37 C:/Users/USUARIO/Downloads/laravelProgramacion3/holalaravel-main/vendor/laravel/framework/src/Illuminate/Foundation/Http/Middleware/TrimStrings.php(51): Illuminate/Foundation/Http/Middleware/TransformsRequest->handle(Object(Illuminate/Http/Request), Object(Closure))
#38 C:/Users/USUARIO/Downloads/laravelProgramacion3/holalaravel-main/vendor/laravel/framework/src/Illuminate/Pipeline/Pipeline.php(219): Illuminate/Foundation/Http/Middleware/TrimStrings->handle(Object(Illuminate/Http/Request), Object(Closure))
#39 C:/Users/USUARIO/Downloads/laravelProgramacion3/holalaravel-main/vendor/laravel/framework/src/Illuminate/Http/Middleware/ValidatePostSize.php(27): Illuminate/Pipeline/Pipeline->Illuminate/Pipeline/{closure}(Object(Illuminate/Http/Request))
#40 C:/Users/USUARIO/Downloads/laravelProgramacion3/holalaravel-main/vendor/laravel/framework/src/Illuminate/Pipeline/Pipeline.php(219): Illuminate/Http/Middleware/ValidatePostSize->handle(Object(Illuminate/Http/Request), Object(Closure))
#41 C:/Users/USUARIO/Downloads/laravelProgramacion3/holalaravel-main/vendor/laravel/framework/src/Illuminate/Foundation/Http/Middleware/PreventRequestsDuringMaintenance.php(109): Illuminate/Pipeline/Pipeline->Illuminate/Pipeline/{closure}(Object(Illuminate/Http/Request))
#42 C:/Users/USUARIO/Downloads/laravelProgramacion3/holalaravel-main/vendor/laravel/framework/src/Illuminate/Pipeline/Pipeline.php(219): Illuminate/Foundation/Http/Middleware/PreventRequestsDuringMaintenance->handle(Object(Illuminate/Http/Request), Object(Closure))
#43 C:/Users/USUARIO/Downloads/laravelProgramacion3/holalaravel-main/vendor/laravel/framework/src/Illuminate/Http/Middleware/HandleCors.php(61): Illuminate/Pipeline/Pipeline->Illuminate/Pipeline/{closure}(Object(Illuminate/Http/Request))
#44 C:/Users/USUARIO/Downloads/laravelProgramacion3/holalaravel-main/vendor/laravel/framework/src/Illuminate/Pipeline/Pipeline.php(219): Illuminate/Http/Middleware/HandleCors->handle(Object(Illuminate/Http/Request), Object(Closure))
#45 C:/Users/USUARIO/Downloads/laravelProgramacion3/holalaravel-main/vendor/laravel/framework/src/Illuminate/Http/Middleware/TrustProxies.php(58): Illuminate/Pipeline/Pipeline->Illuminate/Pipeline/{closure}(Object(Illuminate/Http/Request))
#46 C:/Users/USUARIO/Downloads/laravelProgramacion3/holalaravel-main/vendor/laravel/framework/src/Illuminate/Pipeline/Pipeline.php(219): Illuminate/Http/Middleware/TrustProxies->handle(Object(Illuminate/Http/Request), Object(Closure))
#47 C:/Users/USUARIO/Downloads/laravelProgramacion3/holalaravel-main/vendor/laravel/framework/src/Illuminate/Foundation/Http/Middleware/InvokeDeferredCallbacks.php(22): Illuminate/Pipeline/Pipeline->Illuminate/Pipeline/{closure}(Object(Illuminate/Http/Request))
#48 C:/Users/USUARIO/Downloads/laravelProgramacion3/holalaravel-main/vendor/laravel/framework/src/Illuminate/Pipeline/Pipeline.php(219): Illuminate/Foundation/Http/Middleware/InvokeDeferredCallbacks->handle(Object(Illuminate/Http/Request), Object(Closure))
#49 C:/Users/USUARIO/Downloads/laravelProgramacion3/holalaravel-main/vendor/laravel/framework/src/Illuminate/Http/Middleware/ValidatePathEncoding.php(26): Illuminate/Pipeline/Pipeline->Illuminate/Pipeline/{closure}(Object(Illuminate/Http/Request))
#50 C:/Users/USUARIO/Downloads/laravelProgramacion3/holalaravel-main/vendor/laravel/framework/src/Illuminate/Pipeline/Pipeline.php(219): Illuminate/Http/Middleware/ValidatePathEncoding->handle(Object(Illuminate/Http/Request), Object(Closure))
#51 C:/Users/USUARIO/Downloads/laravelProgramacion3/holalaravel-main/vendor/laravel/framework/src/Illuminate/Pipeline/Pipeline.php(137): Illuminate/Pipeline/Pipeline->Illuminate/Pipeline/{closure}(Object(Illuminate/Http/Request))
#52 C:/Users/USUARIO/Downloads/laravelProgramacion3/holalaravel-main/vendor/laravel/framework/src/Illuminate/Foundation/Http/Kernel.php(175): Illuminate/Pipeline/Pipeline->then(Object(Closure))
#53 C:/Users/USUARIO/Downloads/laravelProgramacion3/holalaravel-main/vendor/laravel/framework/src/Illuminate/Foundation/Http/Kernel.php(144): Illuminate/Foundation/Http/Kernel->sendRequestThroughRouter(Object(Illuminate/Http/Request))
#54 C:/Users/USUARIO/Downloads/laravelProgramacion3/holalaravel-main/vendor/laravel/framework/src/Illuminate/Foundation/Application.php(1220): Illuminate/Foundation/Http/Kernel->handle(Object(Illuminate/Http/Request))
#55 C:/Users/USUARIO/Downloads/laravelProgramacion3/holalaravel-main/public/index.php(20): Illuminate/Foundation/Application->handleRequest(Object(Illuminate/Http/Request))
#56 C:/Users/USUARIO/Downloads/laravelProgramacion3/holalaravel-main/vendor/laravel/framework/src/Illuminate/Foundation/resources/server.php(23): require_once('C://Users//USUARI...')
#57 {main}

[previous exception] [object] (Illuminate\\View\\ViewException(code: 0): Route [categoria.index] not defined. (View: C:\\Users\\USUARIO\\Downloads\\laravelProgramacion3\\holalaravel-main\\resources\\views\\layouts\\plantilla.blade.php) at C:/Users/USUARIO/Downloads/laravelProgramacion3/holalaravel-main/vendor/laravel/framework/src/Illuminate/Routing/UrlGenerator.php:528)
[stacktrace]
#0 C:/Users/USUARIO/Downloads/laravelProgramacion3/holalaravel-main/vendor/laravel/framework/src/Illuminate/View/Engines/PhpEngine.php(59): Illuminate/View/Engines/CompilerEngine->handleViewException(Object(Symfony/Component/Routing/Exception/RouteNotFoundException), 2)
#1 C:/Users/USUARIO/Downloads/laravelProgramacion3/holalaravel-main/vendor/laravel/framework/src/Illuminate/View/Engines/CompilerEngine.php(76): Illuminate/View/Engines/PhpEngine->evaluatePath('C://Users//USUARI...', Array)
#2 C:/Users/USUARIO/Downloads/laravelProgramacion3/holalaravel-main/vendor/laravel/framework/src/Illuminate/View/View.php(208): Illuminate/View/Engines/CompilerEngine->get('C://Users//USUARI...', Array)
#3 C:/Users/USUARIO/Downloads/laravelProgramacion3/holalaravel-main/vendor/laravel/framework/src/Illuminate/View/View.php(191): Illuminate/View/View->getContents()
#4 C:/Users/USUARIO/Downloads/laravelProgramacion3/holalaravel-main/vendor/laravel/framework/src/Illuminate/View/View.php(160): Illuminate/View/View->renderContents()
#5 C:/Users/USUARIO/Downloads/laravelProgramacion3/holalaravel-main/storage/framework/views/7fa6daa05ea85ea9c7bb553645429aa5.php(106): Illuminate/View/View->render()
#6 C:/Users/USUARIO/Downloads/laravelProgramacion3/holalaravel-main/vendor/laravel/framework/src/Illuminate/Filesystem/Filesystem.php(123): require('C://Users//USUARI...')
#7 C:/Users/USUARIO/Downloads/laravelProgramacion3/holalaravel-main/vendor/laravel/framework/src/Illuminate/Filesystem/Filesystem.php(124): Illuminate/Filesystem/Filesystem::Illuminate/Filesystem/{closure}()
#8 C:/Users/USUARIO/Downloads/laravelProgramacion3/holalaravel-main/vendor/laravel/framework/src/Illuminate/View/Engines/PhpEngine.php(57): Illuminate/Filesystem/Filesystem->getRequire('C://Users//USUARI...', Array)
#9 C:/Users/USUARIO/Downloads/laravelProgramacion3/holalaravel-main/vendor/laravel/framework/src/Illuminate/View/Engines/CompilerEngine.php(76): Illuminate/View/Engines/PhpEngine->evaluatePath('C://Users//USUARI...', Array)
#10 C:/Users/USUARIO/Downloads/laravelProgramacion3/holalaravel-main/vendor/laravel/framework/src/Illuminate/View/View.php(208): Illuminate/View/Engines/CompilerEngine->get('C://Users//USUARI...', Array)
#11 C:/Users/USUARIO/Downloads/laravelProgramacion3/holalaravel-main/vendor/laravel/framework/src/Illuminate/View/View.php(191): Illuminate/View/View->getContents()
#12 C:/Users/USUARIO/Downloads/laravelProgramacion3/holalaravel-main/vendor/laravel/framework/src/Illuminate/View/View.php(160): Illuminate/View/View->renderContents()
#13 C:/Users/USUARIO/Downloads/laravelProgramacion3/holalaravel-main/vendor/laravel/framework/src/Illuminate/Http/Response.php(78): Illuminate/View/View->render()
#14 C:/Users/USUARIO/Downloads/laravelProgramacion3/holalaravel-main/vendor/laravel/framework/src/Illuminate/Http/Response.php(34): Illuminate/Http/Response->setContent(Object(Illuminate/View/View))
#15 C:/Users/USUARIO/Downloads/laravelProgramacion3/holalaravel-main/vendor/laravel/framework/src/Illuminate/Routing/Router.php(939): Illuminate/Http/Response->__construct(Object(Illuminate/View/View), 200, Array)
#16 C:/Users/USUARIO/Downloads/laravelProgramacion3/holalaravel-main/vendor/laravel/framework/src/Illuminate/Routing/Router.php(906): Illuminate/Routing/Router::toResponse(Object(Illuminate/Http/Request), Object(Illuminate/View/View))
#17 C:/Users/USUARIO/Downloads/laravelProgramacion3/holalaravel-main/vendor/laravel/framework/src/Illuminate/Routing/Router.php(821): Illuminate/Routing/Router->prepareResponse(Object(Illuminate/Http/Request), Object(Illuminate/View/View))
#18 C:/Users/USUARIO/Downloads/laravelProgramacion3/holalaravel-main/vendor/laravel/framework/src/Illuminate/Pipeline/Pipeline.php(180): Illuminate/Routing/Router->Illuminate/Routing/{closure}(Object(Illuminate/Http/Request))
#19 C:/Users/USUARIO/Downloads/laravelProgramacion3/holalaravel-main/vendor/laravel/framework/src/Illuminate/Routing/Middleware/SubstituteBindings.php(50): Illuminate/Pipeline/Pipeline->Illuminate/Pipeline/{closure}(Object(Illuminate/Http/Request))
#20 C:/Users/USUARIO/Downloads/laravelProgramacion3/holalaravel-main/vendor/laravel/framework/src/Illuminate/Pipeline/Pipeline.php(219): Illuminate/Routing/Middleware/SubstituteBindings->handle(Object(Illuminate/Http/Request), Object(Closure))
#21 C:/Users/USUARIO/Downloads/laravelProgramacion3/holalaravel-main/vendor/laravel/framework/src/Illuminate/Auth/Middleware/Authenticate.php(63): Illuminate/Pipeline/Pipeline->Illuminate/Pipeline/{closure}(Object(Illuminate/Http/Request))
#22 C:/Users/USUARIO/Downloads/laravelProgramacion3/holalaravel-main/vendor/laravel/framework/src/Illuminate/Pipeline/Pipeline.php(219): Illuminate/Auth/Middleware/Authenticate->handle(Object(Illuminate/Http/Request), Object(Closure))
#23 C:/Users/USUARIO/Downloads/laravelProgramacion3/holalaravel-main/vendor/laravel/framework/src/Illuminate/Foundation/Http/Middleware/VerifyCsrfToken.php(87): Illuminate/Pipeline/Pipeline->Illuminate/Pipeline/{closure}(Object(Illuminate/Http/Request))
#24 C:/Users/USUARIO/Downloads/laravelProgramacion3/holalaravel-main/vendor/laravel/framework/src/Illuminate/Pipeline/Pipeline.php(219): Illuminate/Foundation/Http/Middleware/VerifyCsrfToken->handle(Object(Illuminate/Http/Request), Object(Closure))
#25 C:/Users/USUARIO/Downloads/laravelProgramacion3/holalaravel-main/vendor/laravel/framework/src/Illuminate/View/Middleware/ShareErrorsFromSession.php(48): Illuminate/Pipeline/Pipeline->Illuminate/Pipeline/{closure}(Object(Illuminate/Http/Request))
#26 C:/Users/USUARIO/Downloads/laravelProgramacion3/holalaravel-main/vendor/laravel/framework/src/Illuminate/Pipeline/Pipeline.php(219): Illuminate/View/Middleware/ShareErrorsFromSession->handle(Object(Illuminate/Http/Request), Object(Closure))
#27 C:/Users/USUARIO/Downloads/laravelProgramacion3/holalaravel-main/vendor/laravel/framework/src/Illuminate/Session/Middleware/StartSession.php(120): Illuminate/Pipeline/Pipeline->Illuminate/Pipeline/{closure}(Object(Illuminate/Http/Request))
#28 C:/Users/USUARIO/Downloads/laravelProgramacion3/holalaravel-main/vendor/laravel/framework/src/Illuminate/Session/Middleware/StartSession.php(63): Illuminate/Session/Middleware/StartSession->handleStatefulRequest(Object(Illuminate/Http/Request), Object(Illuminate/Session/Store), Object(Closure))
#29 C:/Users/USUARIO/Downloads/laravelProgramacion3/holalaravel-main/vendor/laravel/framework/src/Illuminate/Pipeline/Pipeline.php(219): Illuminate/Session/Middleware/StartSession->handle(Object(Illuminate/Http/Request), Object(Closure))
#30 C:/Users/USUARIO/Downloads/laravelProgramacion3/holalaravel-main/vendor/laravel/framework/src/Illuminate/Cookie/Middleware/AddQueuedCookiesToResponse.php(36): Illuminate/Pipeline/Pipeline->Illuminate/Pipeline/{closure}(Object(Illuminate/Http/Request))
#31 C:/Users/USUARIO/Downloads/laravelProgramacion3/holalaravel-main/vendor/laravel/framework/src/Illuminate/Pipeline/Pipeline.php(219): Illuminate/Cookie/Middleware/AddQueuedCookiesToResponse->handle(Object(Illuminate/Http/Request), Object(Closure))
#32 C:/Users/USUARIO/Downloads/laravelProgramacion3/holalaravel-main/vendor/laravel/framework/src/Illuminate/Cookie/Middleware/EncryptCookies.php(74): Illuminate/Pipeline/Pipeline->Illuminate/Pipeline/{closure}(Object(Illuminate/Http/Request))
#33 C:/Users/USUARIO/Downloads/laravelProgramacion3/holalaravel-main/vendor/laravel/framework/src/Illuminate/Pipeline/Pipeline.php(219): Illuminate/Cookie/Middleware/EncryptCookies->handle(Object(Illuminate/Http/Request), Object(Closure))
#34 C:/Users/USUARIO/Downloads/laravelProgramacion3/holalaravel-main/vendor/laravel/framework/src/Illuminate/Pipeline/Pipeline.php(137): Illuminate/Pipeline/Pipeline->Illuminate/Pipeline/{closure}(Object(Illuminate/Http/Request))
#35 C:/Users/USUARIO/Downloads/laravelProgramacion3/holalaravel-main/vendor/laravel/framework/src/Illuminate/Routing/Router.php(821): Illuminate/Pipeline/Pipeline->then(Object(Closure))
#36 C:/Users/USUARIO/Downloads/laravelProgramacion3/holalaravel-main/vendor/laravel/framework/src/Illuminate/Routing/Router.php(800): Illuminate/Routing/Router->runRouteWithinStack(Object(Illuminate/Routing/Route), Object(Illuminate/Http/Request))
#37 C:/Users/USUARIO/Downloads/laravelProgramacion3/holalaravel-main/vendor/laravel/framework/src/Illuminate/Routing/Router.php(764): Illuminate/Routing/Router->runRoute(Object(Illuminate/Http/Request), Object(Illuminate/Routing/Route))
#38 C:/Users/USUARIO/Downloads/laravelProgramacion3/holalaravel-main/vendor/laravel/framework/src/Illuminate/Routing/Router.php(753): Illuminate/Routing/Router->dispatchToRoute(Object(Illuminate/Http/Request))
#39 C:/Users/USUARIO/Downloads/laravelProgramacion3/holalaravel-main/vendor/laravel/framework/src/Illuminate/Foundation/Http/Kernel.php(200): Illuminate/Routing/Router->dispatch(Object(Illuminate/Http/Request))
#40 C:/Users/USUARIO/Downloads/laravelProgramacion3/holalaravel-main/vendor/laravel/framework/src/Illuminate/Pipeline/Pipeline.php(180): Illuminate/Foundation/Http/Kernel->Illuminate/Foundation/Http/{closure}(Object(Illuminate/Http/Request))
#41 C:/Users/USUARIO/Downloads/laravelProgramacion3/holalaravel-main/vendor/laravel/framework/src/Illuminate/Foundation/Http/Middleware/TransformsRequest.php(21): Illuminate/Pipeline/Pipeline->Illuminate/Pipeline/{closure}(Object(Illuminate/Http/Request))
#42 C:/Users/USUARIO/Downloads/laravelProgramacion3/holalaravel-main/vendor/laravel/framework/src/Illuminate/Foundation/Http/Middleware/ConvertEmptyStringsToNull.php(31): Illuminate/Foundation/Http/Middleware/TransformsRequest->handle(Object(Illuminate/Http/Request), Object(Closure))
#43 C:/Users/USUARIO/Downloads/laravelProgramacion3/holalaravel-main/vendor/laravel/framework/src/Illuminate/Pipeline/Pipeline.php(219): Illuminate/Foundation/Http/Middleware/ConvertEmptyStringsToNull->handle(Object(Illuminate/Http/Request), Object(Closure))
#44 C:/Users/USUARIO/Downloads/laravelProgramacion3/holalaravel-main/vendor/laravel/framework/src/Illuminate/Foundation/Http/Middleware/TransformsRequest.php(21): Illuminate/Pipeline/Pipeline->Illuminate/Pipeline/{closure}(Object(Illuminate/Http/Request))
#45 C:/Users/USUARIO/Downloads/laravelProgramacion3/holalaravel-main/vendor/laravel/framework/src/Illuminate/Foundation/Http/Middleware/TrimStrings.php(51): Illuminate/Foundation/Http/Middleware/TransformsRequest->handle(Object(Illuminate/Http/Request), Object(Closure))
#46 C:/Users/USUARIO/Downloads/laravelProgramacion3/holalaravel-main/vendor/laravel/framework/src/Illuminate/Pipeline/Pipeline.php(219): Illuminate/Foundation/Http/Middleware/TrimStrings->handle(Object(Illuminate/Http/Request), Object(Closure))
#47 C:/Users/USUARIO/Downloads/laravelProgramacion3/holalaravel-main/vendor/laravel/framework/src/Illuminate/Http/Middleware/ValidatePostSize.php(27): Illuminate/Pipeline/Pipeline->Illuminate/Pipeline/{closure}(Object(Illuminate/Http/Request))
#48 C:/Users/USUARIO/Downloads/laravelProgramacion3/holalaravel-main/vendor/laravel/framework/src/Illuminate/Pipeline/Pipeline.php(219): Illuminate/Http/Middleware/ValidatePostSize->handle(Object(Illuminate/Http/Request), Object(Closure))
#49 C:/Users/USUARIO/Downloads/laravelProgramacion3/holalaravel-main/vendor/laravel/framework/src/Illuminate/Foundation/Http/Middleware/PreventRequestsDuringMaintenance.php(109): Illuminate/Pipeline/Pipeline->Illuminate/Pipeline/{closure}(Object(Illuminate/Http/Request))
#50 C:/Users/USUARIO/Downloads/laravelProgramacion3/holalaravel-main/vendor/laravel/framework/src/Illuminate/Pipeline/Pipeline.php(219): Illuminate/Foundation/Http/Middleware/PreventRequestsDuringMaintenance->handle(Object(Illuminate/Http/Request), Object(Closure))
#51 C:/Users/USUARIO/Downloads/laravelProgramacion3/holalaravel-main/vendor/laravel/framework/src/Illuminate/Http/Middleware/HandleCors.php(61): Illuminate/Pipeline/Pipeline->Illuminate/Pipeline/{closure}(Object(Illuminate/Http/Request))
#52 C:/Users/USUARIO/Downloads/laravelProgramacion3/holalaravel-main/vendor/laravel/framework/src/Illuminate/Pipeline/Pipeline.php(219): Illuminate/Http/Middleware/HandleCors->handle(Object(Illuminate/Http/Request), Object(Closure))
#53 C:/Users/USUARIO/Downloads/laravelProgramacion3/holalaravel-main/vendor/laravel/framework/src/Illuminate/Http/Middleware/TrustProxies.php(58): Illuminate/Pipeline/Pipeline->Illuminate/Pipeline/{closure}(Object(Illuminate/Http/Request))
#54 C:/Users/USUARIO/Downloads/laravelProgramacion3/holalaravel-main/vendor/laravel/framework/src/Illuminate/Pipeline/Pipeline.php(219): Illuminate/Http/Middleware/TrustProxies->handle(Object(Illuminate/Http/Request), Object(Closure))
#55 C:/Users/USUARIO/Downloads/laravelProgramacion3/holalaravel-main/vendor/laravel/framework/src/Illuminate/Foundation/Http/Middleware/InvokeDeferredCallbacks.php(22): Illuminate/Pipeline/Pipeline->Illuminate/Pipeline/{closure}(Object(Illuminate/Http/Request))
#56 C:/Users/USUARIO/Downloads/laravelProgramacion3/holalaravel-main/vendor/laravel/framework/src/Illuminate/Pipeline/Pipeline.php(219): Illuminate/Foundation/Http/Middleware/InvokeDeferredCallbacks->handle(Object(Illuminate/Http/Request), Object(Closure))
#57 C:/Users/USUARIO/Downloads/laravelProgramacion3/holalaravel-main/vendor/laravel/framework/src/Illuminate/Http/Middleware/ValidatePathEncoding.php(26): Illuminate/Pipeline/Pipeline->Illuminate/Pipeline/{closure}(Object(Illuminate/Http/Request))
#58 C:/Users/USUARIO/Downloads/laravelProgramacion3/holalaravel-main/vendor/laravel/framework/src/Illuminate/Pipeline/Pipeline.php(219): Illuminate/Http/Middleware/ValidatePathEncoding->handle(Object(Illuminate/Http/Request), Object(Closure))
#59 C:/Users/USUARIO/Downloads/laravelProgramacion3/holalaravel-main/vendor/laravel/framework/src/Illuminate/Pipeline/Pipeline.php(137): Illuminate/Pipeline/Pipeline->Illuminate/Pipeline/{closure}(Object(Illuminate/Http/Request))
#60 C:/Users/USUARIO/Downloads/laravelProgramacion3/holalaravel-main/vendor/laravel/framework/src/Illuminate/Foundation/Http/Kernel.php(175): Illuminate/Pipeline/Pipeline->then(Object(Closure))
#61 C:/Users/USUARIO/Downloads/laravelProgramacion3/holalaravel-main/vendor/laravel/framework/src/Illuminate/Foundation/Http/Kernel.php(144): Illuminate/Foundation/Http/Kernel->sendRequestThroughRouter(Object(Illuminate/Http/Request))
#62 C:/Users/USUARIO/Downloads/laravelProgramacion3/holalaravel-main/vendor/laravel/framework/src/Illuminate/Foundation/Application.php(1220): Illuminate/Foundation/Http/Kernel->handle(Object(Illuminate/Http/Request))
#63 C:/Users/USUARIO/Downloads/laravelProgramacion3/holalaravel-main/public/index.php(20): Illuminate/Foundation/Application->handleRequest(Object(Illuminate/Http/Request))
#64 C:/Users/USUARIO/Downloads/laravelProgramacion3/holalaravel-main/vendor/laravel/framework/src/Illuminate/Foundation/resources/server.php(23): require_once('C://Users//USUARI...')
#65 {main}

[previous exception] [object] (Symfony\\Component\\Routing\\Exception\\RouteNotFoundException(code: 0): Route [categoria.index] not defined. at C:/Users/USUARIO/Downloads/laravelProgramacion3/holalaravel-main/vendor/laravel/framework/src/Illuminate/Routing/UrlGenerator.php:528)
[stacktrace]
#0 C:/Users/USUARIO/Downloads/laravelProgramacion3/holalaravel-main/vendor/laravel/framework/src/Illuminate/Foundation/helpers.php(870): Illuminate/Routing/UrlGenerator->route('categoria.index', Array, true)
#1 C:/Users/USUARIO/Downloads/laravelProgramacion3/holalaravel-main/storage/framework/views/75f4a2e59becc873479887215b8f2ad2.php(60): route('categoria.index')
#2 C:/Users/USUARIO/Downloads/laravelProgramacion3/holalaravel-main/vendor/laravel/framework/src/Illuminate/Filesystem/Filesystem.php(123): require('C://Users//USUARI...')
#3 C:/Users/USUARIO/Downloads/laravelProgramacion3/holalaravel-main/vendor/laravel/framework/src/Illuminate/Filesystem/Filesystem.php(124): Illuminate/Filesystem/Filesystem::Illuminate/Filesystem/{closure}()
#4 C:/Users/USUARIO/Downloads/laravelProgramacion3/holalaravel-main/vendor/laravel/framework/src/Illuminate/View/Engines/PhpEngine.php(57): Illuminate/Filesystem/Filesystem->getRequire('C://Users//USUARI...', Array)
#5 C:/Users/USUARIO/Downloads/laravelProgramacion3/holalaravel-main/vendor/laravel/framework/src/Illuminate/View/Engines/CompilerEngine.php(76): Illuminate/View/Engines/PhpEngine->evaluatePath('C://Users//USUARI...', Array)
#6 C:/Users/USUARIO/Downloads/laravelProgramacion3/holalaravel-main/vendor/laravel/framework/src/Illuminate/View/View.php(208): Illuminate/View/Engines/CompilerEngine->get('C://Users//USUARI...', Array)
#7 C:/Users/USUARIO/Downloads/laravelProgramacion3/holalaravel-main/vendor/laravel/framework/src/Illuminate/View/View.php(191): Illuminate/View/View->getContents()
#8 C:/Users/USUARIO/Downloads/laravelProgramacion3/holalaravel-main/vendor/laravel/framework/src/Illuminate/View/View.php(160): Illuminate/View/View->renderContents()
#9 C:/Users/USUARIO/Downloads/laravelProgramacion3/holalaravel-main/storage/framework/views/7fa6daa05ea85ea9c7bb553645429aa5.php(106): Illuminate/View/View->render()
#10 C:/Users/USUARIO/Downloads/laravelProgramacion3/holalaravel-main/vendor/laravel/framework/src/Illuminate/Filesystem/Filesystem.php(123): require('C://Users//USUARI...')
#11 C:/Users/USUARIO/Downloads/laravelProgramacion3/holalaravel-main/vendor/laravel/framework/src/Illuminate/Filesystem/Filesystem.php(124): Illuminate/Filesystem/Filesystem::Illuminate/Filesystem/{closure}()
#12 C:/Users/USUARIO/Downloads/laravelProgramacion3/holalaravel-main/vendor/laravel/framework/src/Illuminate/View/Engines/PhpEngine.php(57): Illuminate/Filesystem/Filesystem->getRequire('C://Users//USUARI...', Array)
#13 C:/Users/USUARIO/Downloads/laravelProgramacion3/holalaravel-main/vendor/laravel/framework/src/Illuminate/View/Engines/CompilerEngine.php(76): Illuminate/View/Engines/PhpEngine->evaluatePath('C://Users//USUARI...', Array)
#14 C:/Users/USUARIO/Downloads/laravelProgramacion3/holalaravel-main/vendor/laravel/framework/src/Illuminate/View/View.php(208): Illuminate/View/Engines/CompilerEngine->get('C://Users//USUARI...', Array)
#15 C:/Users/USUARIO/Downloads/laravelProgramacion3/holalaravel-main/vendor/laravel/framework/src/Illuminate/View/View.php(191): Illuminate/View/View->getContents()
#16 C:/Users/USUARIO/Downloads/laravelProgramacion3/holalaravel-main/vendor/laravel/framework/src/Illuminate/View/View.php(160): Illuminate/View/View->renderContents()
#17 C:/Users/USUARIO/Downloads/laravelProgramacion3/holalaravel-main/vendor/laravel/framework/src/Illuminate/Http/Response.php(78): Illuminate/View/View->render()
#18 C:/Users/USUARIO/Downloads/laravelProgramacion3/holalaravel-main/vendor/laravel/framework/src/Illuminate/Http/Response.php(34): Illuminate/Http/Response->setContent(Object(Illuminate/View/View))
#19 C:/Users/USUARIO/Downloads/laravelProgramacion3/holalaravel-main/vendor/laravel/framework/src/Illuminate/Routing/Router.php(939): Illuminate/Http/Response->__construct(Object(Illuminate/View/View), 200, Array)
#20 C:/Users/USUARIO/Downloads/laravelProgramacion3/holalaravel-main/vendor/laravel/framework/src/Illuminate/Routing/Router.php(906): Illuminate/Routing/Router::toResponse(Object(Illuminate/Http/Request), Object(Illuminate/View/View))
#21 C:/Users/USUARIO/Downloads/laravelProgramacion3/holalaravel-main/vendor/laravel/framework/src/Illuminate/Routing/Router.php(821): Illuminate/Routing/Router->prepareResponse(Object(Illuminate/Http/Request), Object(Illuminate/View/View))
#22 C:/Users/USUARIO/Downloads/laravelProgramacion3/holalaravel-main/vendor/laravel/framework/src/Illuminate/Pipeline/Pipeline.php(180): Illuminate/Routing/Router->Illuminate/Routing/{closure}(Object(Illuminate/Http/Request))
#23 C:/Users/USUARIO/Downloads/laravelProgramacion3/holalaravel-main/vendor/laravel/framework/src/Illuminate/Routing/Middleware/SubstituteBindings.php(50): Illuminate/Pipeline/Pipeline->Illuminate/Pipeline/{closure}(Object(Illuminate/Http/Request))
#24 C:/Users/USUARIO/Downloads/laravelProgramacion3/holalaravel-main/vendor/laravel/framework/src/Illuminate/Pipeline/Pipeline.php(219): Illuminate/Routing/Middleware/SubstituteBindings->handle(Object(Illuminate/Http/Request), Object(Closure))
#25 C:/Users/USUARIO/Downloads/laravelProgramacion3/holalaravel-main/vendor/laravel/framework/src/Illuminate/Auth/Middleware/Authenticate.php(63): Illuminate/Pipeline/Pipeline->Illuminate/Pipeline/{closure}(Object(Illuminate/Http/Request))
#26 C:/Users/USUARIO/Downloads/laravelProgramacion3/holalaravel-main/vendor/laravel/framework/src/Illuminate/Pipeline/Pipeline.php(219): Illuminate/Auth/Middleware/Authenticate->handle(Object(Illuminate/Http/Request), Object(Closure))
#27 C:/Users/USUARIO/Downloads/laravelProgramacion3/holalaravel-main/vendor/laravel/framework/src/Illuminate/Foundation/Http/Middleware/VerifyCsrfToken.php(87): Illuminate/Pipeline/Pipeline->Illuminate/Pipeline/{closure}(Object(Illuminate/Http/Request))
#28 C:/Users/USUARIO/Downloads/laravelProgramacion3/holalaravel-main/vendor/laravel/framework/src/Illuminate/Pipeline/Pipeline.php(219): Illuminate/Foundation/Http/Middleware/VerifyCsrfToken->handle(Object(Illuminate/Http/Request), Object(Closure))
#29 C:/Users/USUARIO/Downloads/laravelProgramacion3/holalaravel-main/vendor/laravel/framework/src/Illuminate/View/Middleware/ShareErrorsFromSession.php(48): Illuminate/Pipeline/Pipeline->Illuminate/Pipeline/{closure}(Object(Illuminate/Http/Request))
#30 C:/Users/USUARIO/Downloads/laravelProgramacion3/holalaravel-main/vendor/laravel/framework/src/Illuminate/Pipeline/Pipeline.php(219): Illuminate/View/Middleware/ShareErrorsFromSession->handle(Object(Illuminate/Http/Request), Object(Closure))
#31 C:/Users/USUARIO/Downloads/laravelProgramacion3/holalaravel-main/vendor/laravel/framework/src/Illuminate/Session/Middleware/StartSession.php(120): Illuminate/Pipeline/Pipeline->Illuminate/Pipeline/{closure}(Object(Illuminate/Http/Request))
#32 C:/Users/USUARIO/Downloads/laravelProgramacion3/holalaravel-main/vendor/laravel/framework/src/Illuminate/Session/Middleware/StartSession.php(63): Illuminate/Session/Middleware/StartSession->handleStatefulRequest(Object(Illuminate/Http/Request), Object(Illuminate/Session/Store), Object(Closure))
#33 C:/Users/USUARIO/Downloads/laravelProgramacion3/holalaravel-main/vendor/laravel/framework/src/Illuminate/Pipeline/Pipeline.php(219): Illuminate/Session/Middleware/StartSession->handle(Object(Illuminate/Http/Request), Object(Closure))
#34 C:/Users/USUARIO/Downloads/laravelProgramacion3/holalaravel-main/vendor/laravel/framework/src/Illuminate/Cookie/Middleware/AddQueuedCookiesToResponse.php(36): Illuminate/Pipeline/Pipeline->Illuminate/Pipeline/{closure}(Object(Illuminate/Http/Request))
#35 C:/Users/USUARIO/Downloads/laravelProgramacion3/holalaravel-main/vendor/laravel/framework/src/Illuminate/Pipeline/Pipeline.php(219): Illuminate/Cookie/Middleware/AddQueuedCookiesToResponse->handle(Object(Illuminate/Http/Request), Object(Closure))
#36 C:/Users/USUARIO/Downloads/laravelProgramacion3/holalaravel-main/vendor/laravel/framework/src/Illuminate/Cookie/Middleware/EncryptCookies.php(74): Illuminate/Pipeline/Pipeline->Illuminate/Pipeline/{closure}(Object(Illuminate/Http/Request))
#37 C:/Users/USUARIO/Downloads/laravelProgramacion3/holalaravel-main/vendor/laravel/framework/src/Illuminate/Pipeline/Pipeline.php(219): Illuminate/Cookie/Middleware/EncryptCookies->handle(Object(Illuminate/Http/Request), Object(Closure))
#38 C:/Users/USUARIO/Downloads/laravelProgramacion3/holalaravel-main/vendor/laravel/framework/src/Illuminate/Pipeline/Pipeline.php(137): Illuminate/Pipeline/Pipeline->Illuminate/Pipeline/{closure}(Object(Illuminate/Http/Request))
#39 C:/Users/USUARIO/Downloads/laravelProgramacion3/holalaravel-main/vendor/laravel/framework/src/Illuminate/Routing/Router.php(821): Illuminate/Pipeline/Pipeline->then(Object(Closure))
#40 C:/Users/USUARIO/Downloads/laravelProgramacion3/holalaravel-main/vendor/laravel/framework/src/Illuminate/Routing/Router.php(800): Illuminate/Routing/Router->runRouteWithinStack(Object(Illuminate/Routing/Route), Object(Illuminate/Http/Request))
#41 C:/Users/USUARIO/Downloads/laravelProgramacion3/holalaravel-main/vendor/laravel/framework/src/Illuminate/Routing/Router.php(764): Illuminate/Routing/Router->runRoute(Object(Illuminate/Http/Request), Object(Illuminate/Routing/Route))
#42 C:/Users/USUARIO/Downloads/laravelProgramacion3/holalaravel-main/vendor/laravel/framework/src/Illuminate/Routing/Router.php(753): Illuminate/Routing/Router->dispatchToRoute(Object(Illuminate/Http/Request))
#43 C:/Users/USUARIO/Downloads/laravelProgramacion3/holalaravel-main/vendor/laravel/framework/src/Illuminate/Foundation/Http/Kernel.php(200): Illuminate/Routing/Router->dispatch(Object(Illuminate/Http/Request))
#44 C:/Users/USUARIO/Downloads/laravelProgramacion3/holalaravel-main/vendor/laravel/framework/src/Illuminate/Pipeline/Pipeline.php(180): Illuminate/Foundation/Http/Kernel->Illuminate/Foundation/Http/{closure}(Object(Illuminate/Http/Request))
#45 C:/Users/USUARIO/Downloads/laravelProgramacion3/holalaravel-main/vendor/laravel/framework/src/Illuminate/Foundation/Http/Middleware/TransformsRequest.php(21): Illuminate/Pipeline/Pipeline->Illuminate/Pipeline/{closure}(Object(Illuminate/Http/Request))
#46 C:/Users/USUARIO/Downloads/laravelProgramacion3/holalaravel-main/vendor/laravel/framework/src/Illuminate/Foundation/Http/Middleware/ConvertEmptyStringsToNull.php(31): Illuminate/Foundation/Http/Middleware/TransformsRequest->handle(Object(Illuminate/Http/Request), Object(Closure))
#47 C:/Users/USUARIO/Downloads/laravelProgramacion3/holalaravel-main/vendor/laravel/framework/src/Illuminate/Pipeline/Pipeline.php(219): Illuminate/Foundation/Http/Middleware/ConvertEmptyStringsToNull->handle(Object(Illuminate/Http/Request), Object(Closure))
#48 C:/Users/USUARIO/Downloads/laravelProgramacion3/holalaravel-main/vendor/laravel/framework/src/Illuminate/Foundation/Http/Middleware/TransformsRequest.php(21): Illuminate/Pipeline/Pipeline->Illuminate/Pipeline/{closure}(Object(Illuminate/Http/Request))
#49 C:/Users/USUARIO/Downloads/laravelProgramacion3/holalaravel-main/vendor/laravel/framework/src/Illuminate/Foundation/Http/Middleware/TrimStrings.php(51): Illuminate/Foundation/Http/Middleware/TransformsRequest->handle(Object(Illuminate/Http/Request), Object(Closure))
#50 C:/Users/USUARIO/Downloads/laravelProgramacion3/holalaravel-main/vendor/laravel/framework/src/Illuminate/Pipeline/Pipeline.php(219): Illuminate/Foundation/Http/Middleware/TrimStrings->handle(Object(Illuminate/Http/Request), Object(Closure))
#51 C:/Users/USUARIO/Downloads/laravelProgramacion3/holalaravel-main/vendor/laravel/framework/src/Illuminate/Http/Middleware/ValidatePostSize.php(27): Illuminate/Pipeline/Pipeline->Illuminate/Pipeline/{closure}(Object(Illuminate/Http/Request))
#52 C:/Users/USUARIO/Downloads/laravelProgramacion3/holalaravel-main/vendor/laravel/framework/src/Illuminate/Pipeline/Pipeline.php(219): Illuminate/Http/Middleware/ValidatePostSize->handle(Object(Illuminate/Http/Request), Object(Closure))
#53 C:/Users/USUARIO/Downloads/laravelProgramacion3/holalaravel-main/vendor/laravel/framework/src/Illuminate/Foundation/Http/Middleware/PreventRequestsDuringMaintenance.php(109): Illuminate/Pipeline/Pipeline->Illuminate/Pipeline/{closure}(Object(Illuminate/Http/Request))
#54 C:/Users/USUARIO/Downloads/laravelProgramacion3/holalaravel-main/vendor/laravel/framework/src/Illuminate/Pipeline/Pipeline.php(219): Illuminate/Foundation/Http/Middleware/PreventRequestsDuringMaintenance->handle(Object(Illuminate/Http/Request), Object(Closure))
#55 C:/Users/USUARIO/Downloads/laravelProgramacion3/holalaravel-main/vendor/laravel/framework/src/Illuminate/Http/Middleware/HandleCors.php(61): Illuminate/Pipeline/Pipeline->Illuminate/Pipeline/{closure}(Object(Illuminate/Http/Request))
#56 C:/Users/USUARIO/Downloads/laravelProgramacion3/holalaravel-main/vendor/laravel/framework/src/Illuminate/Pipeline/Pipeline.php(219): Illuminate/Http/Middleware/HandleCors->handle(Object(Illuminate/Http/Request), Object(Closure))
#57 C:/Users/USUARIO/Downloads/laravelProgramacion3/holalaravel-main/vendor/laravel/framework/src/Illuminate/Http/Middleware/TrustProxies.php(58): Illuminate/Pipeline/Pipeline->Illuminate/Pipeline/{closure}(Object(Illuminate/Http/Request))
#58 C:/Users/USUARIO/Downloads/laravelProgramacion3/holalaravel-main/vendor/laravel/framework/src/Illuminate/Pipeline/Pipeline.php(219): Illuminate/Http/Middleware/TrustProxies->handle(Object(Illuminate/Http/Request), Object(Closure))
#59 C:/Users/USUARIO/Downloads/laravelProgramacion3/holalaravel-main/vendor/laravel/framework/src/Illuminate/Foundation/Http/Middleware/InvokeDeferredCallbacks.php(22): Illuminate/Pipeline/Pipeline->Illuminate/Pipeline/{closure}(Object(Illuminate/Http/Request))
#60 C:/Users/USUARIO/Downloads/laravelProgramacion3/holalaravel-main/vendor/laravel/framework/src/Illuminate/Pipeline/Pipeline.php(219): Illuminate/Foundation/Http/Middleware/InvokeDeferredCallbacks->handle(Object(Illuminate/Http/Request), Object(Closure))
#61 C:/Users/USUARIO/Downloads/laravelProgramacion3/holalaravel-main/vendor/laravel/framework/src/Illuminate/Http/Middleware/ValidatePathEncoding.php(26): Illuminate/Pipeline/Pipeline->Illuminate/Pipeline/{closure}(Object(Illuminate/Http/Request))
#62 C:/Users/USUARIO/Downloads/laravelProgramacion3/holalaravel-main/vendor/laravel/framework/src/Illuminate/Pipeline/Pipeline.php(219): Illuminate/Http/Middleware/ValidatePathEncoding->handle(Object(Illuminate/Http/Request), Object(Closure))
#63 C:/Users/USUARIO/Downloads/laravelProgramacion3/holalaravel-main/vendor/laravel/framework/src/Illuminate/Pipeline/Pipeline.php(137): Illuminate/Pipeline/Pipeline->Illuminate/Pipeline/{closure}(Object(Illuminate/Http/Request))
#64 C:/Users/USUARIO/Downloads/laravelProgramacion3/holalaravel-main/vendor/laravel/framework/src/Illuminate/Foundation/Http/Kernel.php(175): Illuminate/Pipeline/Pipeline->then(Object(Closure))
#65 C:/Users/USUARIO/Downloads/laravelProgramacion3/holalaravel-main/vendor/laravel/framework/src/Illuminate/Foundation/Http/Kernel.php(144): Illuminate/Foundation/Http/Kernel->sendRequestThroughRouter(Object(Illuminate/Http/Request))
#66 C:/Users/USUARIO/Downloads/laravelProgramacion3/holalaravel-main/vendor/laravel/framework/src/Illuminate/Foundation/Application.php(1220): Illuminate/Foundation/Http/Kernel->handle(Object(Illuminate/Http/Request))
#67 C:/Users/USUARIO/Downloads/laravelProgramacion3/holalaravel-main/public/index.php(20): Illuminate/Foundation/Application->handleRequest(Object(Illuminate/Http/Request))
#68 C:/Users/USUARIO/Downloads/laravelProgramacion3/holalaravel-main/vendor/laravel/framework/src/Illuminate/Foundation/resources/server.php(23): require_once('C://Users//USUARI...')
#69 {main}
"} 
[2026-04-14 00:34:29] local.ERROR: Cannot use hasRoles as hasRoles because the name is already in use {"exception":"[object] (Symfony\\Component\\ErrorHandler\\Error\\FatalError(code: 0): Cannot use hasRoles as hasRoles because the name is already in use at C:/Users/USUARIO/Downloads/laravelProgramacion3/holalaravel-main/app/Models/User.php:11)
[stacktrace]
#0 {main}
"} 
[2026-04-14 01:10:06] local.ERROR: syntax error, unexpected end of file, expecting "elseif" or "else" or "endif" (View: C:\Users\USUARIO\Downloads\laravelProgramacion3\holalaravel-main\resources\views\producto\index.blade.php) {"userId":2,"exception":"[object] (Illuminate\\View\\ViewException(code: 0): syntax error, unexpected end of file, expecting \"elseif\" or \"else\" or \"endif\" (View: C:\\Users\\USUARIO\\Downloads\\laravelProgramacion3\\holalaravel-main\\resources\\views\\producto\\index.blade.php) at C:/Users/USUARIO/Downloads/laravelProgramacion3/holalaravel-main/storage/framework/views/7fa6daa05ea85ea9c7bb553645429aa5.php:110)
[stacktrace]
#0 C:/Users/USUARIO/Downloads/laravelProgramacion3/holalaravel-main/vendor/laravel/framework/src/Illuminate/View/Engines/PhpEngine.php(59): Illuminate/View/Engines/CompilerEngine->handleViewException(Object(ParseError), 1)
#1 C:/Users/USUARIO/Downloads/laravelProgramacion3/holalaravel-main/vendor/laravel/framework/src/Illuminate/View/Engines/CompilerEngine.php(76): Illuminate/View/Engines/PhpEngine->evaluatePath('C://Users//USUARI...', Array)
#2 C:/Users/USUARIO/Downloads/laravelProgramacion3/holalaravel-main/vendor/laravel/framework/src/Illuminate/View/View.php(208): Illuminate/View/Engines/CompilerEngine->get('C://Users//USUARI...', Array)
#3 C:/Users/USUARIO/Downloads/laravelProgramacion3/holalaravel-main/vendor/laravel/framework/src/Illuminate/View/View.php(191): Illuminate/View/View->getContents()
#4 C:/Users/USUARIO/Downloads/laravelProgramacion3/holalaravel-main/vendor/laravel/framework/src/Illuminate/View/View.php(160): Illuminate/View/View->renderContents()
#5 C:/Users/USUARIO/Downloads/laravelProgramacion3/holalaravel-main/vendor/laravel/framework/src/Illuminate/Http/Response.php(78): Illuminate/View/View->render()
#6 C:/Users/USUARIO/Downloads/laravelProgramacion3/holalaravel-main/vendor/laravel/framework/src/Illuminate/Http/Response.php(34): Illuminate/Http/Response->setContent(Object(Illuminate/View/View))
#7 C:/Users/USUARIO/Downloads/laravelProgramacion3/holalaravel-main/vendor/laravel/framework/src/Illuminate/Routing/Router.php(939): Illuminate/Http/Response->__construct(Object(Illuminate/View/View), 200, Array)
#8 C:/Users/USUARIO/Downloads/laravelProgramacion3/holalaravel-main/vendor/laravel/framework/src/Illuminate/Routing/Router.php(906): Illuminate/Routing/Router::toResponse(Object(Illuminate/Http/Request), Object(Illuminate/View/View))
#9 C:/Users/USUARIO/Downloads/laravelProgramacion3/holalaravel-main/vendor/laravel/framework/src/Illuminate/Routing/Router.php(821): Illuminate/Routing/Router->prepareResponse(Object(Illuminate/Http/Request), Object(Illuminate/View/View))
#10 C:/Users/USUARIO/Downloads/laravelProgramacion3/holalaravel-main/vendor/laravel/framework/src/Illuminate/Pipeline/Pipeline.php(180): Illuminate/Routing/Router->Illuminate/Routing/{closure}(Object(Illuminate/Http/Request))
#11 C:/Users/USUARIO/Downloads/laravelProgramacion3/holalaravel-main/vendor/laravel/framework/src/Illuminate/Routing/Middleware/SubstituteBindings.php(50): Illuminate/Pipeline/Pipeline->Illuminate/Pipeline/{closure}(Object(Illuminate/Http/Request))
#12 C:/Users/USUARIO/Downloads/laravelProgramacion3/holalaravel-main/vendor/laravel/framework/src/Illuminate/Pipeline/Pipeline.php(219): Illuminate/Routing/Middleware/SubstituteBindings->handle(Object(Illuminate/Http/Request), Object(Closure))
#13 C:/Users/USUARIO/Downloads/laravelProgramacion3/holalaravel-main/vendor/laravel/framework/src/Illuminate/Auth/Middleware/Authenticate.php(63): Illuminate/Pipeline/Pipeline->Illuminate/Pipeline/{closure}(Object(Illuminate/Http/Request))
#14 C:/Users/USUARIO/Downloads/laravelProgramacion3/holalaravel-main/vendor/laravel/framework/src/Illuminate/Pipeline/Pipeline.php(219): Illuminate/Auth/Middleware/Authenticate->handle(Object(Illuminate/Http/Request), Object(Closure))
#15 C:/Users/USUARIO/Downloads/laravelProgramacion3/holalaravel-main/vendor/laravel/framework/src/Illuminate/Foundation/Http/Middleware/VerifyCsrfToken.php(87): Illuminate/Pipeline/Pipeline->Illuminate/Pipeline/{closure}(Object(Illuminate/Http/Request))
#16 C:/Users/USUARIO/Downloads/laravelProgramacion3/holalaravel-main/vendor/laravel/framework/src/Illuminate/Pipeline/Pipeline.php(219): Illuminate/Foundation/Http/Middleware/VerifyCsrfToken->handle(Object(Illuminate/Http/Request), Object(Closure))
#17 C:/Users/USUARIO/Downloads/laravelProgramacion3/holalaravel-main/vendor/laravel/framework/src/Illuminate/View/Middleware/ShareErrorsFromSession.php(48): Illuminate/Pipeline/Pipeline->Illuminate/Pipeline/{closure}(Object(Illuminate/Http/Request))
#18 C:/Users/USUARIO/Downloads/laravelProgramacion3/holalaravel-main/vendor/laravel/framework/src/Illuminate/Pipeline/Pipeline.php(219): Illuminate/View/Middleware/ShareErrorsFromSession->handle(Object(Illuminate/Http/Request), Object(Closure))
#19 C:/Users/USUARIO/Downloads/laravelProgramacion3/holalaravel-main/vendor/laravel/framework/src/Illuminate/Session/Middleware/StartSession.php(120): Illuminate/Pipeline/Pipeline->Illuminate/Pipeline/{closure}(Object(Illuminate/Http/Request))
#20 C:/Users/USUARIO/Downloads/laravelProgramacion3/holalaravel-main/vendor/laravel/framework/src/Illuminate/Session/Middleware/StartSession.php(63): Illuminate/Session/Middleware/StartSession->handleStatefulRequest(Object(Illuminate/Http/Request), Object(Illuminate/Session/Store), Object(Closure))
#21 C:/Users/USUARIO/Downloads/laravelProgramacion3/holalaravel-main/vendor/laravel/framework/src/Illuminate/Pipeline/Pipeline.php(219): Illuminate/Session/Middleware/StartSession->handle(Object(Illuminate/Http/Request), Object(Closure))
#22 C:/Users/USUARIO/Downloads/laravelProgramacion3/holalaravel-main/vendor/laravel/framework/src/Illuminate/Cookie/Middleware/AddQueuedCookiesToResponse.php(36): Illuminate/Pipeline/Pipeline->Illuminate/Pipeline/{closure}(Object(Illuminate/Http/Request))
#23 C:/Users/USUARIO/Downloads/laravelProgramacion3/holalaravel-main/vendor/laravel/framework/src/Illuminate/Pipeline/Pipeline.php(219): Illuminate/Cookie/Middleware/AddQueuedCookiesToResponse->handle(Object(Illuminate/Http/Request), Object(Closure))
#24 C:/Users/USUARIO/Downloads/laravelProgramacion3/holalaravel-main/vendor/laravel/framework/src/Illuminate/Cookie/Middleware/EncryptCookies.php(74): Illuminate/Pipeline/Pipeline->Illuminate/Pipeline/{closure}(Object(Illuminate/Http/Request))
#25 C:/Users/USUARIO/Downloads/laravelProgramacion3/holalaravel-main/vendor/laravel/framework/src/Illuminate/Pipeline/Pipeline.php(219): Illuminate/Cookie/Middleware/EncryptCookies->handle(Object(Illuminate/Http/Request), Object(Closure))
#26 C:/Users/USUARIO/Downloads/laravelProgramacion3/holalaravel-main/vendor/laravel/framework/src/Illuminate/Pipeline/Pipeline.php(137): Illuminate/Pipeline/Pipeline->Illuminate/Pipeline/{closure}(Object(Illuminate/Http/Request))
#27 C:/Users/USUARIO/Downloads/laravelProgramacion3/holalaravel-main/vendor/laravel/framework/src/Illuminate/Routing/Router.php(821): Illuminate/Pipeline/Pipeline->then(Object(Closure))
#28 C:/Users/USUARIO/Downloads/laravelProgramacion3/holalaravel-main/vendor/laravel/framework/src/Illuminate/Routing/Router.php(800): Illuminate/Routing/Router->runRouteWithinStack(Object(Illuminate/Routing/Route), Object(Illuminate/Http/Request))
#29 C:/Users/USUARIO/Downloads/laravelProgramacion3/holalaravel-main/vendor/laravel/framework/src/Illuminate/Routing/Router.php(764): Illuminate/Routing/Router->runRoute(Object(Illuminate/Http/Request), Object(Illuminate/Routing/Route))
#30 C:/Users/USUARIO/Downloads/laravelProgramacion3/holalaravel-main/vendor/laravel/framework/src/Illuminate/Routing/Router.php(753): Illuminate/Routing/Router->dispatchToRoute(Object(Illuminate/Http/Request))
#31 C:/Users/USUARIO/Downloads/laravelProgramacion3/holalaravel-main/vendor/laravel/framework/src/Illuminate/Foundation/Http/Kernel.php(200): Illuminate/Routing/Router->dispatch(Object(Illuminate/Http/Request))
#32 C:/Users/USUARIO/Downloads/laravelProgramacion3/holalaravel-main/vendor/laravel/framework/src/Illuminate/Pipeline/Pipeline.php(180): Illuminate/Foundation/Http/Kernel->Illuminate/Foundation/Http/{closure}(Object(Illuminate/Http/Request))
#33 C:/Users/USUARIO/Downloads/laravelProgramacion3/holalaravel-main/vendor/laravel/framework/src/Illuminate/Foundation/Http/Middleware/TransformsRequest.php(21): Illuminate/Pipeline/Pipeline->Illuminate/Pipeline/{closure}(Object(Illuminate/Http/Request))
#34 C:/Users/USUARIO/Downloads/laravelProgramacion3/holalaravel-main/vendor/laravel/framework/src/Illuminate/Foundation/Http/Middleware/ConvertEmptyStringsToNull.php(31): Illuminate/Foundation/Http/Middleware/TransformsRequest->handle(Object(Illuminate/Http/Request), Object(Closure))
#35 C:/Users/USUARIO/Downloads/laravelProgramacion3/holalaravel-main/vendor/laravel/framework/src/Illuminate/Pipeline/Pipeline.php(219): Illuminate/Foundation/Http/Middleware/ConvertEmptyStringsToNull->handle(Object(Illuminate/Http/Request), Object(Closure))
#36 C:/Users/USUARIO/Downloads/laravelProgramacion3/holalaravel-main/vendor/laravel/framework/src/Illuminate/Foundation/Http/Middleware/TransformsRequest.php(21): Illuminate/Pipeline/Pipeline->Illuminate/Pipeline/{closure}(Object(Illuminate/Http/Request))
#37 C:/Users/USUARIO/Downloads/laravelProgramacion3/holalaravel-main/vendor/laravel/framework/src/Illuminate/Foundation/Http/Middleware/TrimStrings.php(51): Illuminate/Foundation/Http/Middleware/TransformsRequest->handle(Object(Illuminate/Http/Request), Object(Closure))
#38 C:/Users/USUARIO/Downloads/laravelProgramacion3/holalaravel-main/vendor/laravel/framework/src/Illuminate/Pipeline/Pipeline.php(219): Illuminate/Foundation/Http/Middleware/TrimStrings->handle(Object(Illuminate/Http/Request), Object(Closure))
#39 C:/Users/USUARIO/Downloads/laravelProgramacion3/holalaravel-main/vendor/laravel/framework/src/Illuminate/Http/Middleware/ValidatePostSize.php(27): Illuminate/Pipeline/Pipeline->Illuminate/Pipeline/{closure}(Object(Illuminate/Http/Request))
#40 C:/Users/USUARIO/Downloads/laravelProgramacion3/holalaravel-main/vendor/laravel/framework/src/Illuminate/Pipeline/Pipeline.php(219): Illuminate/Http/Middleware/ValidatePostSize->handle(Object(Illuminate/Http/Request), Object(Closure))
#41 C:/Users/USUARIO/Downloads/laravelProgramacion3/holalaravel-main/vendor/laravel/framework/src/Illuminate/Foundation/Http/Middleware/PreventRequestsDuringMaintenance.php(109): Illuminate/Pipeline/Pipeline->Illuminate/Pipeline/{closure}(Object(Illuminate/Http/Request))
#42 C:/Users/USUARIO/Downloads/laravelProgramacion3/holalaravel-main/vendor/laravel/framework/src/Illuminate/Pipeline/Pipeline.php(219): Illuminate/Foundation/Http/Middleware/PreventRequestsDuringMaintenance->handle(Object(Illuminate/Http/Request), Object(Closure))
#43 C:/Users/USUARIO/Downloads/laravelProgramacion3/holalaravel-main/vendor/laravel/framework/src/Illuminate/Http/Middleware/HandleCors.php(61): Illuminate/Pipeline/Pipeline->Illuminate/Pipeline/{closure}(Object(Illuminate/Http/Request))
#44 C:/Users/USUARIO/Downloads/laravelProgramacion3/holalaravel-main/vendor/laravel/framework/src/Illuminate/Pipeline/Pipeline.php(219): Illuminate/Http/Middleware/HandleCors->handle(Object(Illuminate/Http/Request), Object(Closure))
#45 C:/Users/USUARIO/Downloads/laravelProgramacion3/holalaravel-main/vendor/laravel/framework/src/Illuminate/Http/Middleware/TrustProxies.php(58): Illuminate/Pipeline/Pipeline->Illuminate/Pipeline/{closure}(Object(Illuminate/Http/Request))
#46 C:/Users/USUARIO/Downloads/laravelProgramacion3/holalaravel-main/vendor/laravel/framework/src/Illuminate/Pipeline/Pipeline.php(219): Illuminate/Http/Middleware/TrustProxies->handle(Object(Illuminate/Http/Request), Object(Closure))
#47 C:/Users/USUARIO/Downloads/laravelProgramacion3/holalaravel-main/vendor/laravel/framework/src/Illuminate/Foundation/Http/Middleware/InvokeDeferredCallbacks.php(22): Illuminate/Pipeline/Pipeline->Illuminate/Pipeline/{closure}(Object(Illuminate/Http/Request))
#48 C:/Users/USUARIO/Downloads/laravelProgramacion3/holalaravel-main/vendor/laravel/framework/src/Illuminate/Pipeline/Pipeline.php(219): Illuminate/Foundation/Http/Middleware/InvokeDeferredCallbacks->handle(Object(Illuminate/Http/Request), Object(Closure))
#49 C:/Users/USUARIO/Downloads/laravelProgramacion3/holalaravel-main/vendor/laravel/framework/src/Illuminate/Http/Middleware/ValidatePathEncoding.php(26): Illuminate/Pipeline/Pipeline->Illuminate/Pipeline/{closure}(Object(Illuminate/Http/Request))
#50 C:/Users/USUARIO/Downloads/laravelProgramacion3/holalaravel-main/vendor/laravel/framework/src/Illuminate/Pipeline/Pipeline.php(219): Illuminate/Http/Middleware/ValidatePathEncoding->handle(Object(Illuminate/Http/Request), Object(Closure))
#51 C:/Users/USUARIO/Downloads/laravelProgramacion3/holalaravel-main/vendor/laravel/framework/src/Illuminate/Pipeline/Pipeline.php(137): Illuminate/Pipeline/Pipeline->Illuminate/Pipeline/{closure}(Object(Illuminate/Http/Request))
#52 C:/Users/USUARIO/Downloads/laravelProgramacion3/holalaravel-main/vendor/laravel/framework/src/Illuminate/Foundation/Http/Kernel.php(175): Illuminate/Pipeline/Pipeline->then(Object(Closure))
#53 C:/Users/USUARIO/Downloads/laravelProgramacion3/holalaravel-main/vendor/laravel/framework/src/Illuminate/Foundation/Http/Kernel.php(144): Illuminate/Foundation/Http/Kernel->sendRequestThroughRouter(Object(Illuminate/Http/Request))
#54 C:/Users/USUARIO/Downloads/laravelProgramacion3/holalaravel-main/vendor/laravel/framework/src/Illuminate/Foundation/Application.php(1220): Illuminate/Foundation/Http/Kernel->handle(Object(Illuminate/Http/Request))
#55 C:/Users/USUARIO/Downloads/laravelProgramacion3/holalaravel-main/public/index.php(20): Illuminate/Foundation/Application->handleRequest(Object(Illuminate/Http/Request))
#56 C:/Users/USUARIO/Downloads/laravelProgramacion3/holalaravel-main/vendor/laravel/framework/src/Illuminate/Foundation/resources/server.php(23): require_once('C://Users//USUARI...')
#57 {main}

[previous exception] [object] (ParseError(code: 0): syntax error, unexpected end of file, expecting \"elseif\" or \"else\" or \"endif\" at C:/Users/USUARIO/Downloads/laravelProgramacion3/holalaravel-main/storage/framework/views/7fa6daa05ea85ea9c7bb553645429aa5.php:110)
[stacktrace]
#0 C:/Users/USUARIO/Downloads/laravelProgramacion3/holalaravel-main/vendor/laravel/framework/src/Illuminate/Filesystem/Filesystem.php(124): Illuminate/Filesystem/Filesystem::Illuminate/Filesystem/{closure}()
#1 C:/Users/USUARIO/Downloads/laravelProgramacion3/holalaravel-main/vendor/laravel/framework/src/Illuminate/View/Engines/PhpEngine.php(57): Illuminate/Filesystem/Filesystem->getRequire('C://Users//USUARI...', Array)
#2 C:/Users/USUARIO/Downloads/laravelProgramacion3/holalaravel-main/vendor/laravel/framework/src/Illuminate/View/Engines/CompilerEngine.php(76): Illuminate/View/Engines/PhpEngine->evaluatePath('C://Users//USUARI...', Array)
#3 C:/Users/USUARIO/Downloads/laravelProgramacion3/holalaravel-main/vendor/laravel/framework/src/Illuminate/View/View.php(208): Illuminate/View/Engines/CompilerEngine->get('C://Users//USUARI...', Array)
#4 C:/Users/USUARIO/Downloads/laravelProgramacion3/holalaravel-main/vendor/laravel/framework/src/Illuminate/View/View.php(191): Illuminate/View/View->getContents()
#5 C:/Users/USUARIO/Downloads/laravelProgramacion3/holalaravel-main/vendor/laravel/framework/src/Illuminate/View/View.php(160): Illuminate/View/View->renderContents()
#6 C:/Users/USUARIO/Downloads/laravelProgramacion3/holalaravel-main/vendor/laravel/framework/src/Illuminate/Http/Response.php(78): Illuminate/View/View->render()
#7 C:/Users/USUARIO/Downloads/laravelProgramacion3/holalaravel-main/vendor/laravel/framework/src/Illuminate/Http/Response.php(34): Illuminate/Http/Response->setContent(Object(Illuminate/View/View))
#8 C:/Users/USUARIO/Downloads/laravelProgramacion3/holalaravel-main/vendor/laravel/framework/src/Illuminate/Routing/Router.php(939): Illuminate/Http/Response->__construct(Object(Illuminate/View/View), 200, Array)
#9 C:/Users/USUARIO/Downloads/laravelProgramacion3/holalaravel-main/vendor/laravel/framework/src/Illuminate/Routing/Router.php(906): Illuminate/Routing/Router::toResponse(Object(Illuminate/Http/Request), Object(Illuminate/View/View))
#10 C:/Users/USUARIO/Downloads/laravelProgramacion3/holalaravel-main/vendor/laravel/framework/src/Illuminate/Routing/Router.php(821): Illuminate/Routing/Router->prepareResponse(Object(Illuminate/Http/Request), Object(Illuminate/View/View))
#11 C:/Users/USUARIO/Downloads/laravelProgramacion3/holalaravel-main/vendor/laravel/framework/src/Illuminate/Pipeline/Pipeline.php(180): Illuminate/Routing/Router->Illuminate/Routing/{closure}(Object(Illuminate/Http/Request))
#12 C:/Users/USUARIO/Downloads/laravelProgramacion3/holalaravel-main/vendor/laravel/framework/src/Illuminate/Routing/Middleware/SubstituteBindings.php(50): Illuminate/Pipeline/Pipeline->Illuminate/Pipeline/{closure}(Object(Illuminate/Http/Request))
#13 C:/Users/USUARIO/Downloads/laravelProgramacion3/holalaravel-main/vendor/laravel/framework/src/Illuminate/Pipeline/Pipeline.php(219): Illuminate/Routing/Middleware/SubstituteBindings->handle(Object(Illuminate/Http/Request), Object(Closure))
#14 C:/Users/USUARIO/Downloads/laravelProgramacion3/holalaravel-main/vendor/laravel/framework/src/Illuminate/Auth/Middleware/Authenticate.php(63): Illuminate/Pipeline/Pipeline->Illuminate/Pipeline/{closure}(Object(Illuminate/Http/Request))
#15 C:/Users/USUARIO/Downloads/laravelProgramacion3/holalaravel-main/vendor/laravel/framework/src/Illuminate/Pipeline/Pipeline.php(219): Illuminate/Auth/Middleware/Authenticate->handle(Object(Illuminate/Http/Request), Object(Closure))
#16 C:/Users/USUARIO/Downloads/laravelProgramacion3/holalaravel-main/vendor/laravel/framework/src/Illuminate/Foundation/Http/Middleware/VerifyCsrfToken.php(87): Illuminate/Pipeline/Pipeline->Illuminate/Pipeline/{closure}(Object(Illuminate/Http/Request))
#17 C:/Users/USUARIO/Downloads/laravelProgramacion3/holalaravel-main/vendor/laravel/framework/src/Illuminate/Pipeline/Pipeline.php(219): Illuminate/Foundation/Http/Middleware/VerifyCsrfToken->handle(Object(Illuminate/Http/Request), Object(Closure))
#18 C:/Users/USUARIO/Downloads/laravelProgramacion3/holalaravel-main/vendor/laravel/framework/src/Illuminate/View/Middleware/ShareErrorsFromSession.php(48): Illuminate/Pipeline/Pipeline->Illuminate/Pipeline/{closure}(Object(Illuminate/Http/Request))
#19 C:/Users/USUARIO/Downloads/laravelProgramacion3/holalaravel-main/vendor/laravel/framework/src/Illuminate/Pipeline/Pipeline.php(219): Illuminate/View/Middleware/ShareErrorsFromSession->handle(Object(Illuminate/Http/Request), Object(Closure))
#20 C:/Users/USUARIO/Downloads/laravelProgramacion3/holalaravel-main/vendor/laravel/framework/src/Illuminate/Session/Middleware/StartSession.php(120): Illuminate/Pipeline/Pipeline->Illuminate/Pipeline/{closure}(Object(Illuminate/Http/Request))
#21 C:/Users/USUARIO/Downloads/laravelProgramacion3/holalaravel-main/vendor/laravel/framework/src/Illuminate/Session/Middleware/StartSession.php(63): Illuminate/Session/Middleware/StartSession->handleStatefulRequest(Object(Illuminate/Http/Request), Object(Illuminate/Session/Store), Object(Closure))
#22 C:/Users/USUARIO/Downloads/laravelProgramacion3/holalaravel-main/vendor/laravel/framework/src/Illuminate/Pipeline/Pipeline.php(219): Illuminate/Session/Middleware/StartSession->handle(Object(Illuminate/Http/Request), Object(Closure))
#23 C:/Users/USUARIO/Downloads/laravelProgramacion3/holalaravel-main/vendor/laravel/framework/src/Illuminate/Cookie/Middleware/AddQueuedCookiesToResponse.php(36): Illuminate/Pipeline/Pipeline->Illuminate/Pipeline/{closure}(Object(Illuminate/Http/Request))
#24 C:/Users/USUARIO/Downloads/laravelProgramacion3/holalaravel-main/vendor/laravel/framework/src/Illuminate/Pipeline/Pipeline.php(219): Illuminate/Cookie/Middleware/AddQueuedCookiesToResponse->handle(Object(Illuminate/Http/Request), Object(Closure))
#25 C:/Users/USUARIO/Downloads/laravelProgramacion3/holalaravel-main/vendor/laravel/framework/src/Illuminate/Cookie/Middleware/EncryptCookies.php(74): Illuminate/Pipeline/Pipeline->Illuminate/Pipeline/{closure}(Object(Illuminate/Http/Request))
#26 C:/Users/USUARIO/Downloads/laravelProgramacion3/holalaravel-main/vendor/laravel/framework/src/Illuminate/Pipeline/Pipeline.php(219): Illuminate/Cookie/Middleware/EncryptCookies->handle(Object(Illuminate/Http/Request), Object(Closure))
#27 C:/Users/USUARIO/Downloads/laravelProgramacion3/holalaravel-main/vendor/laravel/framework/src/Illuminate/Pipeline/Pipeline.php(137): Illuminate/Pipeline/Pipeline->Illuminate/Pipeline/{closure}(Object(Illuminate/Http/Request))
#28 C:/Users/USUARIO/Downloads/laravelProgramacion3/holalaravel-main/vendor/laravel/framework/src/Illuminate/Routing/Router.php(821): Illuminate/Pipeline/Pipeline->then(Object(Closure))
#29 C:/Users/USUARIO/Downloads/laravelProgramacion3/holalaravel-main/vendor/laravel/framework/src/Illuminate/Routing/Router.php(800): Illuminate/Routing/Router->runRouteWithinStack(Object(Illuminate/Routing/Route), Object(Illuminate/Http/Request))
#30 C:/Users/USUARIO/Downloads/laravelProgramacion3/holalaravel-main/vendor/laravel/framework/src/Illuminate/Routing/Router.php(764): Illuminate/Routing/Router->runRoute(Object(Illuminate/Http/Request), Object(Illuminate/Routing/Route))
#31 C:/Users/USUARIO/Downloads/laravelProgramacion3/holalaravel-main/vendor/laravel/framework/src/Illuminate/Routing/Router.php(753): Illuminate/Routing/Router->dispatchToRoute(Object(Illuminate/Http/Request))
#32 C:/Users/USUARIO/Downloads/laravelProgramacion3/holalaravel-main/vendor/laravel/framework/src/Illuminate/Foundation/Http/Kernel.php(200): Illuminate/Routing/Router->dispatch(Object(Illuminate/Http/Request))
#33 C:/Users/USUARIO/Downloads/laravelProgramacion3/holalaravel-main/vendor/laravel/framework/src/Illuminate/Pipeline/Pipeline.php(180): Illuminate/Foundation/Http/Kernel->Illuminate/Foundation/Http/{closure}(Object(Illuminate/Http/Request))
#34 C:/Users/USUARIO/Downloads/laravelProgramacion3/holalaravel-main/vendor/laravel/framework/src/Illuminate/Foundation/Http/Middleware/TransformsRequest.php(21): Illuminate/Pipeline/Pipeline->Illuminate/Pipeline/{closure}(Object(Illuminate/Http/Request))
#35 C:/Users/USUARIO/Downloads/laravelProgramacion3/holalaravel-main/vendor/laravel/framework/src/Illuminate/Foundation/Http/Middleware/ConvertEmptyStringsToNull.php(31): Illuminate/Foundation/Http/Middleware/TransformsRequest->handle(Object(Illuminate/Http/Request), Object(Closure))
#36 C:/Users/USUARIO/Downloads/laravelProgramacion3/holalaravel-main/vendor/laravel/framework/src/Illuminate/Pipeline/Pipeline.php(219): Illuminate/Foundation/Http/Middleware/ConvertEmptyStringsToNull->handle(Object(Illuminate/Http/Request), Object(Closure))
#37 C:/Users/USUARIO/Downloads/laravelProgramacion3/holalaravel-main/vendor/laravel/framework/src/Illuminate/Foundation/Http/Middleware/TransformsRequest.php(21): Illuminate/Pipeline/Pipeline->Illuminate/Pipeline/{closure}(Object(Illuminate/Http/Request))
#38 C:/Users/USUARIO/Downloads/laravelProgramacion3/holalaravel-main/vendor/laravel/framework/src/Illuminate/Foundation/Http/Middleware/TrimStrings.php(51): Illuminate/Foundation/Http/Middleware/TransformsRequest->handle(Object(Illuminate/Http/Request), Object(Closure))
#39 C:/Users/USUARIO/Downloads/laravelProgramacion3/holalaravel-main/vendor/laravel/framework/src/Illuminate/Pipeline/Pipeline.php(219): Illuminate/Foundation/Http/Middleware/TrimStrings->handle(Object(Illuminate/Http/Request), Object(Closure))
#40 C:/Users/USUARIO/Downloads/laravelProgramacion3/holalaravel-main/vendor/laravel/framework/src/Illuminate/Http/Middleware/ValidatePostSize.php(27): Illuminate/Pipeline/Pipeline->Illuminate/Pipeline/{closure}(Object(Illuminate/Http/Request))
#41 C:/Users/USUARIO/Downloads/laravelProgramacion3/holalaravel-main/vendor/laravel/framework/src/Illuminate/Pipeline/Pipeline.php(219): Illuminate/Http/Middleware/ValidatePostSize->handle(Object(Illuminate/Http/Request), Object(Closure))
#42 C:/Users/USUARIO/Downloads/laravelProgramacion3/holalaravel-main/vendor/laravel/framework/src/Illuminate/Foundation/Http/Middleware/PreventRequestsDuringMaintenance.php(109): Illuminate/Pipeline/Pipeline->Illuminate/Pipeline/{closure}(Object(Illuminate/Http/Request))
#43 C:/Users/USUARIO/Downloads/laravelProgramacion3/holalaravel-main/vendor/laravel/framework/src/Illuminate/Pipeline/Pipeline.php(219): Illuminate/Foundation/Http/Middleware/PreventRequestsDuringMaintenance->handle(Object(Illuminate/Http/Request), Object(Closure))
#44 C:/Users/USUARIO/Downloads/laravelProgramacion3/holalaravel-main/vendor/laravel/framework/src/Illuminate/Http/Middleware/HandleCors.php(61): Illuminate/Pipeline/Pipeline->Illuminate/Pipeline/{closure}(Object(Illuminate/Http/Request))
#45 C:/Users/USUARIO/Downloads/laravelProgramacion3/holalaravel-main/vendor/laravel/framework/src/Illuminate/Pipeline/Pipeline.php(219): Illuminate/Http/Middleware/HandleCors->handle(Object(Illuminate/Http/Request), Object(Closure))
#46 C:/Users/USUARIO/Downloads/laravelProgramacion3/holalaravel-main/vendor/laravel/framework/src/Illuminate/Http/Middleware/TrustProxies.php(58): Illuminate/Pipeline/Pipeline->Illuminate/Pipeline/{closure}(Object(Illuminate/Http/Request))
#47 C:/Users/USUARIO/Downloads/laravelProgramacion3/holalaravel-main/vendor/laravel/framework/src/Illuminate/Pipeline/Pipeline.php(219): Illuminate/Http/Middleware/TrustProxies->handle(Object(Illuminate/Http/Request), Object(Closure))
#48 C:/Users/USUARIO/Downloads/laravelProgramacion3/holalaravel-main/vendor/laravel/framework/src/Illuminate/Foundation/Http/Middleware/InvokeDeferredCallbacks.php(22): Illuminate/Pipeline/Pipeline->Illuminate/Pipeline/{closure}(Object(Illuminate/Http/Request))
#49 C:/Users/USUARIO/Downloads/laravelProgramacion3/holalaravel-main/vendor/laravel/framework/src/Illuminate/Pipeline/Pipeline.php(219): Illuminate/Foundation/Http/Middleware/InvokeDeferredCallbacks->handle(Object(Illuminate/Http/Request), Object(Closure))
#50 C:/Users/USUARIO/Downloads/laravelProgramacion3/holalaravel-main/vendor/laravel/framework/src/Illuminate/Http/Middleware/ValidatePathEncoding.php(26): Illuminate/Pipeline/Pipeline->Illuminate/Pipeline/{closure}(Object(Illuminate/Http/Request))
#51 C:/Users/USUARIO/Downloads/laravelProgramacion3/holalaravel-main/vendor/laravel/framework/src/Illuminate/Pipeline/Pipeline.php(219): Illuminate/Http/Middleware/ValidatePathEncoding->handle(Object(Illuminate/Http/Request), Object(Closure))
#52 C:/Users/USUARIO/Downloads/laravelProgramacion3/holalaravel-main/vendor/laravel/framework/src/Illuminate/Pipeline/Pipeline.php(137): Illuminate/Pipeline/Pipeline->Illuminate/Pipeline/{closure}(Object(Illuminate/Http/Request))
#53 C:/Users/USUARIO/Downloads/laravelProgramacion3/holalaravel-main/vendor/laravel/framework/src/Illuminate/Foundation/Http/Kernel.php(175): Illuminate/Pipeline/Pipeline->then(Object(Closure))
#54 C:/Users/USUARIO/Downloads/laravelProgramacion3/holalaravel-main/vendor/laravel/framework/src/Illuminate/Foundation/Http/Kernel.php(144): Illuminate/Foundation/Http/Kernel->sendRequestThroughRouter(Object(Illuminate/Http/Request))
#55 C:/Users/USUARIO/Downloads/laravelProgramacion3/holalaravel-main/vendor/laravel/framework/src/Illuminate/Foundation/Application.php(1220): Illuminate/Foundation/Http/Kernel->handle(Object(Illuminate/Http/Request))
#56 C:/Users/USUARIO/Downloads/laravelProgramacion3/holalaravel-main/public/index.php(20): Illuminate/Foundation/Application->handleRequest(Object(Illuminate/Http/Request))
#57 C:/Users/USUARIO/Downloads/laravelProgramacion3/holalaravel-main/vendor/laravel/framework/src/Illuminate/Foundation/resources/server.php(23): require_once('C://Users//USUARI...')
#58 {main}
"} 
[2026-04-14 01:10:49] local.ERROR: syntax error, unexpected end of file, expecting "elseif" or "else" or "endif" (View: C:\Users\USUARIO\Downloads\laravelProgramacion3\holalaravel-main\resources\views\producto\index.blade.php) {"userId":2,"exception":"[object] (Illuminate\\View\\ViewException(code: 0): syntax error, unexpected end of file, expecting \"elseif\" or \"else\" or \"endif\" (View: C:\\Users\\USUARIO\\Downloads\\laravelProgramacion3\\holalaravel-main\\resources\\views\\producto\\index.blade.php) at C:/Users/USUARIO/Downloads/laravelProgramacion3/holalaravel-main/storage/framework/views/7fa6daa05ea85ea9c7bb553645429aa5.php:110)
[stacktrace]
#0 C:/Users/USUARIO/Downloads/laravelProgramacion3/holalaravel-main/vendor/laravel/framework/src/Illuminate/View/Engines/PhpEngine.php(59): Illuminate/View/Engines/CompilerEngine->handleViewException(Object(ParseError), 1)
#1 C:/Users/USUARIO/Downloads/laravelProgramacion3/holalaravel-main/vendor/laravel/framework/src/Illuminate/View/Engines/CompilerEngine.php(76): Illuminate/View/Engines/PhpEngine->evaluatePath('C://Users//USUARI...', Array)
#2 C:/Users/USUARIO/Downloads/laravelProgramacion3/holalaravel-main/vendor/laravel/framework/src/Illuminate/View/View.php(208): Illuminate/View/Engines/CompilerEngine->get('C://Users//USUARI...', Array)
#3 C:/Users/USUARIO/Downloads/laravelProgramacion3/holalaravel-main/vendor/laravel/framework/src/Illuminate/View/View.php(191): Illuminate/View/View->getContents()
#4 C:/Users/USUARIO/Downloads/laravelProgramacion3/holalaravel-main/vendor/laravel/framework/src/Illuminate/View/View.php(160): Illuminate/View/View->renderContents()
#5 C:/Users/USUARIO/Downloads/laravelProgramacion3/holalaravel-main/vendor/laravel/framework/src/Illuminate/Http/Response.php(78): Illuminate/View/View->render()
#6 C:/Users/USUARIO/Downloads/laravelProgramacion3/holalaravel-main/vendor/laravel/framework/src/Illuminate/Http/Response.php(34): Illuminate/Http/Response->setContent(Object(Illuminate/View/View))
#7 C:/Users/USUARIO/Downloads/laravelProgramacion3/holalaravel-main/vendor/laravel/framework/src/Illuminate/Routing/Router.php(939): Illuminate/Http/Response->__construct(Object(Illuminate/View/View), 200, Array)
#8 C:/Users/USUARIO/Downloads/laravelProgramacion3/holalaravel-main/vendor/laravel/framework/src/Illuminate/Routing/Router.php(906): Illuminate/Routing/Router::toResponse(Object(Illuminate/Http/Request), Object(Illuminate/View/View))
#9 C:/Users/USUARIO/Downloads/laravelProgramacion3/holalaravel-main/vendor/laravel/framework/src/Illuminate/Routing/Router.php(821): Illuminate/Routing/Router->prepareResponse(Object(Illuminate/Http/Request), Object(Illuminate/View/View))
#10 C:/Users/USUARIO/Downloads/laravelProgramacion3/holalaravel-main/vendor/laravel/framework/src/Illuminate/Pipeline/Pipeline.php(180): Illuminate/Routing/Router->Illuminate/Routing/{closure}(Object(Illuminate/Http/Request))
#11 C:/Users/USUARIO/Downloads/laravelProgramacion3/holalaravel-main/vendor/laravel/framework/src/Illuminate/Routing/Middleware/SubstituteBindings.php(50): Illuminate/Pipeline/Pipeline->Illuminate/Pipeline/{closure}(Object(Illuminate/Http/Request))
#12 C:/Users/USUARIO/Downloads/laravelProgramacion3/holalaravel-main/vendor/laravel/framework/src/Illuminate/Pipeline/Pipeline.php(219): Illuminate/Routing/Middleware/SubstituteBindings->handle(Object(Illuminate/Http/Request), Object(Closure))
#13 C:/Users/USUARIO/Downloads/laravelProgramacion3/holalaravel-main/vendor/laravel/framework/src/Illuminate/Auth/Middleware/Authenticate.php(63): Illuminate/Pipeline/Pipeline->Illuminate/Pipeline/{closure}(Object(Illuminate/Http/Request))
#14 C:/Users/USUARIO/Downloads/laravelProgramacion3/holalaravel-main/vendor/laravel/framework/src/Illuminate/Pipeline/Pipeline.php(219): Illuminate/Auth/Middleware/Authenticate->handle(Object(Illuminate/Http/Request), Object(Closure))
#15 C:/Users/USUARIO/Downloads/laravelProgramacion3/holalaravel-main/vendor/laravel/framework/src/Illuminate/Foundation/Http/Middleware/VerifyCsrfToken.php(87): Illuminate/Pipeline/Pipeline->Illuminate/Pipeline/{closure}(Object(Illuminate/Http/Request))
#16 C:/Users/USUARIO/Downloads/laravelProgramacion3/holalaravel-main/vendor/laravel/framework/src/Illuminate/Pipeline/Pipeline.php(219): Illuminate/Foundation/Http/Middleware/VerifyCsrfToken->handle(Object(Illuminate/Http/Request), Object(Closure))
#17 C:/Users/USUARIO/Downloads/laravelProgramacion3/holalaravel-main/vendor/laravel/framework/src/Illuminate/View/Middleware/ShareErrorsFromSession.php(48): Illuminate/Pipeline/Pipeline->Illuminate/Pipeline/{closure}(Object(Illuminate/Http/Request))
#18 C:/Users/USUARIO/Downloads/laravelProgramacion3/holalaravel-main/vendor/laravel/framework/src/Illuminate/Pipeline/Pipeline.php(219): Illuminate/View/Middleware/ShareErrorsFromSession->handle(Object(Illuminate/Http/Request), Object(Closure))
#19 C:/Users/USUARIO/Downloads/laravelProgramacion3/holalaravel-main/vendor/laravel/framework/src/Illuminate/Session/Middleware/StartSession.php(120): Illuminate/Pipeline/Pipeline->Illuminate/Pipeline/{closure}(Object(Illuminate/Http/Request))
#20 C:/Users/USUARIO/Downloads/laravelProgramacion3/holalaravel-main/vendor/laravel/framework/src/Illuminate/Session/Middleware/StartSession.php(63): Illuminate/Session/Middleware/StartSession->handleStatefulRequest(Object(Illuminate/Http/Request), Object(Illuminate/Session/Store), Object(Closure))
#21 C:/Users/USUARIO/Downloads/laravelProgramacion3/holalaravel-main/vendor/laravel/framework/src/Illuminate/Pipeline/Pipeline.php(219): Illuminate/Session/Middleware/StartSession->handle(Object(Illuminate/Http/Request), Object(Closure))
#22 C:/Users/USUARIO/Downloads/laravelProgramacion3/holalaravel-main/vendor/laravel/framework/src/Illuminate/Cookie/Middleware/AddQueuedCookiesToResponse.php(36): Illuminate/Pipeline/Pipeline->Illuminate/Pipeline/{closure}(Object(Illuminate/Http/Request))
#23 C:/Users/USUARIO/Downloads/laravelProgramacion3/holalaravel-main/vendor/laravel/framework/src/Illuminate/Pipeline/Pipeline.php(219): Illuminate/Cookie/Middleware/AddQueuedCookiesToResponse->handle(Object(Illuminate/Http/Request), Object(Closure))
#24 C:/Users/USUARIO/Downloads/laravelProgramacion3/holalaravel-main/vendor/laravel/framework/src/Illuminate/Cookie/Middleware/EncryptCookies.php(74): Illuminate/Pipeline/Pipeline->Illuminate/Pipeline/{closure}(Object(Illuminate/Http/Request))
#25 C:/Users/USUARIO/Downloads/laravelProgramacion3/holalaravel-main/vendor/laravel/framework/src/Illuminate/Pipeline/Pipeline.php(219): Illuminate/Cookie/Middleware/EncryptCookies->handle(Object(Illuminate/Http/Request), Object(Closure))
#26 C:/Users/USUARIO/Downloads/laravelProgramacion3/holalaravel-main/vendor/laravel/framework/src/Illuminate/Pipeline/Pipeline.php(137): Illuminate/Pipeline/Pipeline->Illuminate/Pipeline/{closure}(Object(Illuminate/Http/Request))
#27 C:/Users/USUARIO/Downloads/laravelProgramacion3/holalaravel-main/vendor/laravel/framework/src/Illuminate/Routing/Router.php(821): Illuminate/Pipeline/Pipeline->then(Object(Closure))
#28 C:/Users/USUARIO/Downloads/laravelProgramacion3/holalaravel-main/vendor/laravel/framework/src/Illuminate/Routing/Router.php(800): Illuminate/Routing/Router->runRouteWithinStack(Object(Illuminate/Routing/Route), Object(Illuminate/Http/Request))
#29 C:/Users/USUARIO/Downloads/laravelProgramacion3/holalaravel-main/vendor/laravel/framework/src/Illuminate/Routing/Router.php(764): Illuminate/Routing/Router->runRoute(Object(Illuminate/Http/Request), Object(Illuminate/Routing/Route))
#30 C:/Users/USUARIO/Downloads/laravelProgramacion3/holalaravel-main/vendor/laravel/framework/src/Illuminate/Routing/Router.php(753): Illuminate/Routing/Router->dispatchToRoute(Object(Illuminate/Http/Request))
#31 C:/Users/USUARIO/Downloads/laravelProgramacion3/holalaravel-main/vendor/laravel/framework/src/Illuminate/Foundation/Http/Kernel.php(200): Illuminate/Routing/Router->dispatch(Object(Illuminate/Http/Request))
#32 C:/Users/USUARIO/Downloads/laravelProgramacion3/holalaravel-main/vendor/laravel/framework/src/Illuminate/Pipeline/Pipeline.php(180): Illuminate/Foundation/Http/Kernel->Illuminate/Foundation/Http/{closure}(Object(Illuminate/Http/Request))
#33 C:/Users/USUARIO/Downloads/laravelProgramacion3/holalaravel-main/vendor/laravel/framework/src/Illuminate/Foundation/Http/Middleware/TransformsRequest.php(21): Illuminate/Pipeline/Pipeline->Illuminate/Pipeline/{closure}(Object(Illuminate/Http/Request))
#34 C:/Users/USUARIO/Downloads/laravelProgramacion3/holalaravel-main/vendor/laravel/framework/src/Illuminate/Foundation/Http/Middleware/ConvertEmptyStringsToNull.php(31): Illuminate/Foundation/Http/Middleware/TransformsRequest->handle(Object(Illuminate/Http/Request), Object(Closure))
#35 C:/Users/USUARIO/Downloads/laravelProgramacion3/holalaravel-main/vendor/laravel/framework/src/Illuminate/Pipeline/Pipeline.php(219): Illuminate/Foundation/Http/Middleware/ConvertEmptyStringsToNull->handle(Object(Illuminate/Http/Request), Object(Closure))
#36 C:/Users/USUARIO/Downloads/laravelProgramacion3/holalaravel-main/vendor/laravel/framework/src/Illuminate/Foundation/Http/Middleware/TransformsRequest.php(21): Illuminate/Pipeline/Pipeline->Illuminate/Pipeline/{closure}(Object(Illuminate/Http/Request))
#37 C:/Users/USUARIO/Downloads/laravelProgramacion3/holalaravel-main/vendor/laravel/framework/src/Illuminate/Foundation/Http/Middleware/TrimStrings.php(51): Illuminate/Foundation/Http/Middleware/TransformsRequest->handle(Object(Illuminate/Http/Request), Object(Closure))
#38 C:/Users/USUARIO/Downloads/laravelProgramacion3/holalaravel-main/vendor/laravel/framework/src/Illuminate/Pipeline/Pipeline.php(219): Illuminate/Foundation/Http/Middleware/TrimStrings->handle(Object(Illuminate/Http/Request), Object(Closure))
#39 C:/Users/USUARIO/Downloads/laravelProgramacion3/holalaravel-main/vendor/laravel/framework/src/Illuminate/Http/Middleware/ValidatePostSize.php(27): Illuminate/Pipeline/Pipeline->Illuminate/Pipeline/{closure}(Object(Illuminate/Http/Request))
#40 C:/Users/USUARIO/Downloads/laravelProgramacion3/holalaravel-main/vendor/laravel/framework/src/Illuminate/Pipeline/Pipeline.php(219): Illuminate/Http/Middleware/ValidatePostSize->handle(Object(Illuminate/Http/Request), Object(Closure))
#41 C:/Users/USUARIO/Downloads/laravelProgramacion3/holalaravel-main/vendor/laravel/framework/src/Illuminate/Foundation/Http/Middleware/PreventRequestsDuringMaintenance.php(109): Illuminate/Pipeline/Pipeline->Illuminate/Pipeline/{closure}(Object(Illuminate/Http/Request))
#42 C:/Users/USUARIO/Downloads/laravelProgramacion3/holalaravel-main/vendor/laravel/framework/src/Illuminate/Pipeline/Pipeline.php(219): Illuminate/Foundation/Http/Middleware/PreventRequestsDuringMaintenance->handle(Object(Illuminate/Http/Request), Object(Closure))
#43 C:/Users/USUARIO/Downloads/laravelProgramacion3/holalaravel-main/vendor/laravel/framework/src/Illuminate/Http/Middleware/HandleCors.php(61): Illuminate/Pipeline/Pipeline->Illuminate/Pipeline/{closure}(Object(Illuminate/Http/Request))
#44 C:/Users/USUARIO/Downloads/laravelProgramacion3/holalaravel-main/vendor/laravel/framework/src/Illuminate/Pipeline/Pipeline.php(219): Illuminate/Http/Middleware/HandleCors->handle(Object(Illuminate/Http/Request), Object(Closure))
#45 C:/Users/USUARIO/Downloads/laravelProgramacion3/holalaravel-main/vendor/laravel/framework/src/Illuminate/Http/Middleware/TrustProxies.php(58): Illuminate/Pipeline/Pipeline->Illuminate/Pipeline/{closure}(Object(Illuminate/Http/Request))
#46 C:/Users/USUARIO/Downloads/laravelProgramacion3/holalaravel-main/vendor/laravel/framework/src/Illuminate/Pipeline/Pipeline.php(219): Illuminate/Http/Middleware/TrustProxies->handle(Object(Illuminate/Http/Request), Object(Closure))
#47 C:/Users/USUARIO/Downloads/laravelProgramacion3/holalaravel-main/vendor/laravel/framework/src/Illuminate/Foundation/Http/Middleware/InvokeDeferredCallbacks.php(22): Illuminate/Pipeline/Pipeline->Illuminate/Pipeline/{closure}(Object(Illuminate/Http/Request))
#48 C:/Users/USUARIO/Downloads/laravelProgramacion3/holalaravel-main/vendor/laravel/framework/src/Illuminate/Pipeline/Pipeline.php(219): Illuminate/Foundation/Http/Middleware/InvokeDeferredCallbacks->handle(Object(Illuminate/Http/Request), Object(Closure))
#49 C:/Users/USUARIO/Downloads/laravelProgramacion3/holalaravel-main/vendor/laravel/framework/src/Illuminate/Http/Middleware/ValidatePathEncoding.php(26): Illuminate/Pipeline/Pipeline->Illuminate/Pipeline/{closure}(Object(Illuminate/Http/Request))
#50 C:/Users/USUARIO/Downloads/laravelProgramacion3/holalaravel-main/vendor/laravel/framework/src/Illuminate/Pipeline/Pipeline.php(219): Illuminate/Http/Middleware/ValidatePathEncoding->handle(Object(Illuminate/Http/Request), Object(Closure))
#51 C:/Users/USUARIO/Downloads/laravelProgramacion3/holalaravel-main/vendor/laravel/framework/src/Illuminate/Pipeline/Pipeline.php(137): Illuminate/Pipeline/Pipeline->Illuminate/Pipeline/{closure}(Object(Illuminate/Http/Request))
#52 C:/Users/USUARIO/Downloads/laravelProgramacion3/holalaravel-main/vendor/laravel/framework/src/Illuminate/Foundation/Http/Kernel.php(175): Illuminate/Pipeline/Pipeline->then(Object(Closure))
#53 C:/Users/USUARIO/Downloads/laravelProgramacion3/holalaravel-main/vendor/laravel/framework/src/Illuminate/Foundation/Http/Kernel.php(144): Illuminate/Foundation/Http/Kernel->sendRequestThroughRouter(Object(Illuminate/Http/Request))
#54 C:/Users/USUARIO/Downloads/laravelProgramacion3/holalaravel-main/vendor/laravel/framework/src/Illuminate/Foundation/Application.php(1220): Illuminate/Foundation/Http/Kernel->handle(Object(Illuminate/Http/Request))
#55 C:/Users/USUARIO/Downloads/laravelProgramacion3/holalaravel-main/public/index.php(20): Illuminate/Foundation/Application->handleRequest(Object(Illuminate/Http/Request))
#56 C:/Users/USUARIO/Downloads/laravelProgramacion3/holalaravel-main/vendor/laravel/framework/src/Illuminate/Foundation/resources/server.php(23): require_once('C://Users//USUARI...')
#57 {main}

[previous exception] [object] (ParseError(code: 0): syntax error, unexpected end of file, expecting \"elseif\" or \"else\" or \"endif\" at C:/Users/USUARIO/Downloads/laravelProgramacion3/holalaravel-main/storage/framework/views/7fa6daa05ea85ea9c7bb553645429aa5.php:110)
[stacktrace]
#0 C:/Users/USUARIO/Downloads/laravelProgramacion3/holalaravel-main/vendor/laravel/framework/src/Illuminate/Filesystem/Filesystem.php(124): Illuminate/Filesystem/Filesystem::Illuminate/Filesystem/{closure}()
#1 C:/Users/USUARIO/Downloads/laravelProgramacion3/holalaravel-main/vendor/laravel/framework/src/Illuminate/View/Engines/PhpEngine.php(57): Illuminate/Filesystem/Filesystem->getRequire('C://Users//USUARI...', Array)
#2 C:/Users/USUARIO/Downloads/laravelProgramacion3/holalaravel-main/vendor/laravel/framework/src/Illuminate/View/Engines/CompilerEngine.php(76): Illuminate/View/Engines/PhpEngine->evaluatePath('C://Users//USUARI...', Array)
#3 C:/Users/USUARIO/Downloads/laravelProgramacion3/holalaravel-main/vendor/laravel/framework/src/Illuminate/View/View.php(208): Illuminate/View/Engines/CompilerEngine->get('C://Users//USUARI...', Array)
#4 C:/Users/USUARIO/Downloads/laravelProgramacion3/holalaravel-main/vendor/laravel/framework/src/Illuminate/View/View.php(191): Illuminate/View/View->getContents()
#5 C:/Users/USUARIO/Downloads/laravelProgramacion3/holalaravel-main/vendor/laravel/framework/src/Illuminate/View/View.php(160): Illuminate/View/View->renderContents()
#6 C:/Users/USUARIO/Downloads/laravelProgramacion3/holalaravel-main/vendor/laravel/framework/src/Illuminate/Http/Response.php(78): Illuminate/View/View->render()
#7 C:/Users/USUARIO/Downloads/laravelProgramacion3/holalaravel-main/vendor/laravel/framework/src/Illuminate/Http/Response.php(34): Illuminate/Http/Response->setContent(Object(Illuminate/View/View))
#8 C:/Users/USUARIO/Downloads/laravelProgramacion3/holalaravel-main/vendor/laravel/framework/src/Illuminate/Routing/Router.php(939): Illuminate/Http/Response->__construct(Object(Illuminate/View/View), 200, Array)
#9 C:/Users/USUARIO/Downloads/laravelProgramacion3/holalaravel-main/vendor/laravel/framework/src/Illuminate/Routing/Router.php(906): Illuminate/Routing/Router::toResponse(Object(Illuminate/Http/Request), Object(Illuminate/View/View))
#10 C:/Users/USUARIO/Downloads/laravelProgramacion3/holalaravel-main/vendor/laravel/framework/src/Illuminate/Routing/Router.php(821): Illuminate/Routing/Router->prepareResponse(Object(Illuminate/Http/Request), Object(Illuminate/View/View))
#11 C:/Users/USUARIO/Downloads/laravelProgramacion3/holalaravel-main/vendor/laravel/framework/src/Illuminate/Pipeline/Pipeline.php(180): Illuminate/Routing/Router->Illuminate/Routing/{closure}(Object(Illuminate/Http/Request))
#12 C:/Users/USUARIO/Downloads/laravelProgramacion3/holalaravel-main/vendor/laravel/framework/src/Illuminate/Routing/Middleware/SubstituteBindings.php(50): Illuminate/Pipeline/Pipeline->Illuminate/Pipeline/{closure}(Object(Illuminate/Http/Request))
#13 C:/Users/USUARIO/Downloads/laravelProgramacion3/holalaravel-main/vendor/laravel/framework/src/Illuminate/Pipeline/Pipeline.php(219): Illuminate/Routing/Middleware/SubstituteBindings->handle(Object(Illuminate/Http/Request), Object(Closure))
#14 C:/Users/USUARIO/Downloads/laravelProgramacion3/holalaravel-main/vendor/laravel/framework/src/Illuminate/Auth/Middleware/Authenticate.php(63): Illuminate/Pipeline/Pipeline->Illuminate/Pipeline/{closure}(Object(Illuminate/Http/Request))
#15 C:/Users/USUARIO/Downloads/laravelProgramacion3/holalaravel-main/vendor/laravel/framework/src/Illuminate/Pipeline/Pipeline.php(219): Illuminate/Auth/Middleware/Authenticate->handle(Object(Illuminate/Http/Request), Object(Closure))
#16 C:/Users/USUARIO/Downloads/laravelProgramacion3/holalaravel-main/vendor/laravel/framework/src/Illuminate/Foundation/Http/Middleware/VerifyCsrfToken.php(87): Illuminate/Pipeline/Pipeline->Illuminate/Pipeline/{closure}(Object(Illuminate/Http/Request))
#17 C:/Users/USUARIO/Downloads/laravelProgramacion3/holalaravel-main/vendor/laravel/framework/src/Illuminate/Pipeline/Pipeline.php(219): Illuminate/Foundation/Http/Middleware/VerifyCsrfToken->handle(Object(Illuminate/Http/Request), Object(Closure))
#18 C:/Users/USUARIO/Downloads/laravelProgramacion3/holalaravel-main/vendor/laravel/framework/src/Illuminate/View/Middleware/ShareErrorsFromSession.php(48): Illuminate/Pipeline/Pipeline->Illuminate/Pipeline/{closure}(Object(Illuminate/Http/Request))
#19 C:/Users/USUARIO/Downloads/laravelProgramacion3/holalaravel-main/vendor/laravel/framework/src/Illuminate/Pipeline/Pipeline.php(219): Illuminate/View/Middleware/ShareErrorsFromSession->handle(Object(Illuminate/Http/Request), Object(Closure))
#20 C:/Users/USUARIO/Downloads/laravelProgramacion3/holalaravel-main/vendor/laravel/framework/src/Illuminate/Session/Middleware/StartSession.php(120): Illuminate/Pipeline/Pipeline->Illuminate/Pipeline/{closure}(Object(Illuminate/Http/Request))
#21 C:/Users/USUARIO/Downloads/laravelProgramacion3/holalaravel-main/vendor/laravel/framework/src/Illuminate/Session/Middleware/StartSession.php(63): Illuminate/Session/Middleware/StartSession->handleStatefulRequest(Object(Illuminate/Http/Request), Object(Illuminate/Session/Store), Object(Closure))
#22 C:/Users/USUARIO/Downloads/laravelProgramacion3/holalaravel-main/vendor/laravel/framework/src/Illuminate/Pipeline/Pipeline.php(219): Illuminate/Session/Middleware/StartSession->handle(Object(Illuminate/Http/Request), Object(Closure))
#23 C:/Users/USUARIO/Downloads/laravelProgramacion3/holalaravel-main/vendor/laravel/framework/src/Illuminate/Cookie/Middleware/AddQueuedCookiesToResponse.php(36): Illuminate/Pipeline/Pipeline->Illuminate/Pipeline/{closure}(Object(Illuminate/Http/Request))
#24 C:/Users/USUARIO/Downloads/laravelProgramacion3/holalaravel-main/vendor/laravel/framework/src/Illuminate/Pipeline/Pipeline.php(219): Illuminate/Cookie/Middleware/AddQueuedCookiesToResponse->handle(Object(Illuminate/Http/Request), Object(Closure))
#25 C:/Users/USUARIO/Downloads/laravelProgramacion3/holalaravel-main/vendor/laravel/framework/src/Illuminate/Cookie/Middleware/EncryptCookies.php(74): Illuminate/Pipeline/Pipeline->Illuminate/Pipeline/{closure}(Object(Illuminate/Http/Request))
#26 C:/Users/USUARIO/Downloads/laravelProgramacion3/holalaravel-main/vendor/laravel/framework/src/Illuminate/Pipeline/Pipeline.php(219): Illuminate/Cookie/Middleware/EncryptCookies->handle(Object(Illuminate/Http/Request), Object(Closure))
#27 C:/Users/USUARIO/Downloads/laravelProgramacion3/holalaravel-main/vendor/laravel/framework/src/Illuminate/Pipeline/Pipeline.php(137): Illuminate/Pipeline/Pipeline->Illuminate/Pipeline/{closure}(Object(Illuminate/Http/Request))
#28 C:/Users/USUARIO/Downloads/laravelProgramacion3/holalaravel-main/vendor/laravel/framework/src/Illuminate/Routing/Router.php(821): Illuminate/Pipeline/Pipeline->then(Object(Closure))
#29 C:/Users/USUARIO/Downloads/laravelProgramacion3/holalaravel-main/vendor/laravel/framework/src/Illuminate/Routing/Router.php(800): Illuminate/Routing/Router->runRouteWithinStack(Object(Illuminate/Routing/Route), Object(Illuminate/Http/Request))
#30 C:/Users/USUARIO/Downloads/laravelProgramacion3/holalaravel-main/vendor/laravel/framework/src/Illuminate/Routing/Router.php(764): Illuminate/Routing/Router->runRoute(Object(Illuminate/Http/Request), Object(Illuminate/Routing/Route))
#31 C:/Users/USUARIO/Downloads/laravelProgramacion3/holalaravel-main/vendor/laravel/framework/src/Illuminate/Routing/Router.php(753): Illuminate/Routing/Router->dispatchToRoute(Object(Illuminate/Http/Request))
#32 C:/Users/USUARIO/Downloads/laravelProgramacion3/holalaravel-main/vendor/laravel/framework/src/Illuminate/Foundation/Http/Kernel.php(200): Illuminate/Routing/Router->dispatch(Object(Illuminate/Http/Request))
#33 C:/Users/USUARIO/Downloads/laravelProgramacion3/holalaravel-main/vendor/laravel/framework/src/Illuminate/Pipeline/Pipeline.php(180): Illuminate/Foundation/Http/Kernel->Illuminate/Foundation/Http/{closure}(Object(Illuminate/Http/Request))
#34 C:/Users/USUARIO/Downloads/laravelProgramacion3/holalaravel-main/vendor/laravel/framework/src/Illuminate/Foundation/Http/Middleware/TransformsRequest.php(21): Illuminate/Pipeline/Pipeline->Illuminate/Pipeline/{closure}(Object(Illuminate/Http/Request))
#35 C:/Users/USUARIO/Downloads/laravelProgramacion3/holalaravel-main/vendor/laravel/framework/src/Illuminate/Foundation/Http/Middleware/ConvertEmptyStringsToNull.php(31): Illuminate/Foundation/Http/Middleware/TransformsRequest->handle(Object(Illuminate/Http/Request), Object(Closure))
#36 C:/Users/USUARIO/Downloads/laravelProgramacion3/holalaravel-main/vendor/laravel/framework/src/Illuminate/Pipeline/Pipeline.php(219): Illuminate/Foundation/Http/Middleware/ConvertEmptyStringsToNull->handle(Object(Illuminate/Http/Request), Object(Closure))
#37 C:/Users/USUARIO/Downloads/laravelProgramacion3/holalaravel-main/vendor/laravel/framework/src/Illuminate/Foundation/Http/Middleware/TransformsRequest.php(21): Illuminate/Pipeline/Pipeline->Illuminate/Pipeline/{closure}(Object(Illuminate/Http/Request))
#38 C:/Users/USUARIO/Downloads/laravelProgramacion3/holalaravel-main/vendor/laravel/framework/src/Illuminate/Foundation/Http/Middleware/TrimStrings.php(51): Illuminate/Foundation/Http/Middleware/TransformsRequest->handle(Object(Illuminate/Http/Request), Object(Closure))
#39 C:/Users/USUARIO/Downloads/laravelProgramacion3/holalaravel-main/vendor/laravel/framework/src/Illuminate/Pipeline/Pipeline.php(219): Illuminate/Foundation/Http/Middleware/TrimStrings->handle(Object(Illuminate/Http/Request), Object(Closure))
#40 C:/Users/USUARIO/Downloads/laravelProgramacion3/holalaravel-main/vendor/laravel/framework/src/Illuminate/Http/Middleware/ValidatePostSize.php(27): Illuminate/Pipeline/Pipeline->Illuminate/Pipeline/{closure}(Object(Illuminate/Http/Request))
#41 C:/Users/USUARIO/Downloads/laravelProgramacion3/holalaravel-main/vendor/laravel/framework/src/Illuminate/Pipeline/Pipeline.php(219): Illuminate/Http/Middleware/ValidatePostSize->handle(Object(Illuminate/Http/Request), Object(Closure))
#42 C:/Users/USUARIO/Downloads/laravelProgramacion3/holalaravel-main/vendor/laravel/framework/src/Illuminate/Foundation/Http/Middleware/PreventRequestsDuringMaintenance.php(109): Illuminate/Pipeline/Pipeline->Illuminate/Pipeline/{closure}(Object(Illuminate/Http/Request))
#43 C:/Users/USUARIO/Downloads/laravelProgramacion3/holalaravel-main/vendor/laravel/framework/src/Illuminate/Pipeline/Pipeline.php(219): Illuminate/Foundation/Http/Middleware/PreventRequestsDuringMaintenance->handle(Object(Illuminate/Http/Request), Object(Closure))
#44 C:/Users/USUARIO/Downloads/laravelProgramacion3/holalaravel-main/vendor/laravel/framework/src/Illuminate/Http/Middleware/HandleCors.php(61): Illuminate/Pipeline/Pipeline->Illuminate/Pipeline/{closure}(Object(Illuminate/Http/Request))
#45 C:/Users/USUARIO/Downloads/laravelProgramacion3/holalaravel-main/vendor/laravel/framework/src/Illuminate/Pipeline/Pipeline.php(219): Illuminate/Http/Middleware/HandleCors->handle(Object(Illuminate/Http/Request), Object(Closure))
#46 C:/Users/USUARIO/Downloads/laravelProgramacion3/holalaravel-main/vendor/laravel/framework/src/Illuminate/Http/Middleware/TrustProxies.php(58): Illuminate/Pipeline/Pipeline->Illuminate/Pipeline/{closure}(Object(Illuminate/Http/Request))
#47 C:/Users/USUARIO/Downloads/laravelProgramacion3/holalaravel-main/vendor/laravel/framework/src/Illuminate/Pipeline/Pipeline.php(219): Illuminate/Http/Middleware/TrustProxies->handle(Object(Illuminate/Http/Request), Object(Closure))
#48 C:/Users/USUARIO/Downloads/laravelProgramacion3/holalaravel-main/vendor/laravel/framework/src/Illuminate/Foundation/Http/Middleware/InvokeDeferredCallbacks.php(22): Illuminate/Pipeline/Pipeline->Illuminate/Pipeline/{closure}(Object(Illuminate/Http/Request))
#49 C:/Users/USUARIO/Downloads/laravelProgramacion3/holalaravel-main/vendor/laravel/framework/src/Illuminate/Pipeline/Pipeline.php(219): Illuminate/Foundation/Http/Middleware/InvokeDeferredCallbacks->handle(Object(Illuminate/Http/Request), Object(Closure))
#50 C:/Users/USUARIO/Downloads/laravelProgramacion3/holalaravel-main/vendor/laravel/framework/src/Illuminate/Http/Middleware/ValidatePathEncoding.php(26): Illuminate/Pipeline/Pipeline->Illuminate/Pipeline/{closure}(Object(Illuminate/Http/Request))
#51 C:/Users/USUARIO/Downloads/laravelProgramacion3/holalaravel-main/vendor/laravel/framework/src/Illuminate/Pipeline/Pipeline.php(219): Illuminate/Http/Middleware/ValidatePathEncoding->handle(Object(Illuminate/Http/Request), Object(Closure))
#52 C:/Users/USUARIO/Downloads/laravelProgramacion3/holalaravel-main/vendor/laravel/framework/src/Illuminate/Pipeline/Pipeline.php(137): Illuminate/Pipeline/Pipeline->Illuminate/Pipeline/{closure}(Object(Illuminate/Http/Request))
#53 C:/Users/USUARIO/Downloads/laravelProgramacion3/holalaravel-main/vendor/laravel/framework/src/Illuminate/Foundation/Http/Kernel.php(175): Illuminate/Pipeline/Pipeline->then(Object(Closure))
#54 C:/Users/USUARIO/Downloads/laravelProgramacion3/holalaravel-main/vendor/laravel/framework/src/Illuminate/Foundation/Http/Kernel.php(144): Illuminate/Foundation/Http/Kernel->sendRequestThroughRouter(Object(Illuminate/Http/Request))
#55 C:/Users/USUARIO/Downloads/laravelProgramacion3/holalaravel-main/vendor/laravel/framework/src/Illuminate/Foundation/Application.php(1220): Illuminate/Foundation/Http/Kernel->handle(Object(Illuminate/Http/Request))
#56 C:/Users/USUARIO/Downloads/laravelProgramacion3/holalaravel-main/public/index.php(20): Illuminate/Foundation/Application->handleRequest(Object(Illuminate/Http/Request))
#57 C:/Users/USUARIO/Downloads/laravelProgramacion3/holalaravel-main/vendor/laravel/framework/src/Illuminate/Foundation/resources/server.php(23): require_once('C://Users//USUARI...')
#58 {main}
"} 
[2026-04-14 01:11:17] local.ERROR: Route [producto.pdf] not defined. (View: C:\Users\USUARIO\Downloads\laravelProgramacion3\holalaravel-main\resources\views\producto\index.blade.php) {"userId":2,"exception":"[object] (Illuminate\\View\\ViewException(code: 0): Route [producto.pdf] not defined. (View: C:\\Users\\USUARIO\\Downloads\\laravelProgramacion3\\holalaravel-main\\resources\\views\\producto\\index.blade.php) at C:/Users/USUARIO/Downloads/laravelProgramacion3/holalaravel-main/vendor/laravel/framework/src/Illuminate/Routing/UrlGenerator.php:528)
[stacktrace]
#0 C:/Users/USUARIO/Downloads/laravelProgramacion3/holalaravel-main/vendor/laravel/framework/src/Illuminate/View/Engines/PhpEngine.php(59): Illuminate/View/Engines/CompilerEngine->handleViewException(Object(Symfony/Component/Routing/Exception/RouteNotFoundException), 1)
#1 C:/Users/USUARIO/Downloads/laravelProgramacion3/holalaravel-main/vendor/laravel/framework/src/Illuminate/View/Engines/CompilerEngine.php(76): Illuminate/View/Engines/PhpEngine->evaluatePath('C://Users//USUARI...', Array)
#2 C:/Users/USUARIO/Downloads/laravelProgramacion3/holalaravel-main/vendor/laravel/framework/src/Illuminate/View/View.php(208): Illuminate/View/Engines/CompilerEngine->get('C://Users//USUARI...', Array)
#3 C:/Users/USUARIO/Downloads/laravelProgramacion3/holalaravel-main/vendor/laravel/framework/src/Illuminate/View/View.php(191): Illuminate/View/View->getContents()
#4 C:/Users/USUARIO/Downloads/laravelProgramacion3/holalaravel-main/vendor/laravel/framework/src/Illuminate/View/View.php(160): Illuminate/View/View->renderContents()
#5 C:/Users/USUARIO/Downloads/laravelProgramacion3/holalaravel-main/vendor/laravel/framework/src/Illuminate/Http/Response.php(78): Illuminate/View/View->render()
#6 C:/Users/USUARIO/Downloads/laravelProgramacion3/holalaravel-main/vendor/laravel/framework/src/Illuminate/Http/Response.php(34): Illuminate/Http/Response->setContent(Object(Illuminate/View/View))
#7 C:/Users/USUARIO/Downloads/laravelProgramacion3/holalaravel-main/vendor/laravel/framework/src/Illuminate/Routing/Router.php(939): Illuminate/Http/Response->__construct(Object(Illuminate/View/View), 200, Array)
#8 C:/Users/USUARIO/Downloads/laravelProgramacion3/holalaravel-main/vendor/laravel/framework/src/Illuminate/Routing/Router.php(906): Illuminate/Routing/Router::toResponse(Object(Illuminate/Http/Request), Object(Illuminate/View/View))
#9 C:/Users/USUARIO/Downloads/laravelProgramacion3/holalaravel-main/vendor/laravel/framework/src/Illuminate/Routing/Router.php(821): Illuminate/Routing/Router->prepareResponse(Object(Illuminate/Http/Request), Object(Illuminate/View/View))
#10 C:/Users/USUARIO/Downloads/laravelProgramacion3/holalaravel-main/vendor/laravel/framework/src/Illuminate/Pipeline/Pipeline.php(180): Illuminate/Routing/Router->Illuminate/Routing/{closure}(Object(Illuminate/Http/Request))
#11 C:/Users/USUARIO/Downloads/laravelProgramacion3/holalaravel-main/vendor/laravel/framework/src/Illuminate/Routing/Middleware/SubstituteBindings.php(50): Illuminate/Pipeline/Pipeline->Illuminate/Pipeline/{closure}(Object(Illuminate/Http/Request))
#12 C:/Users/USUARIO/Downloads/laravelProgramacion3/holalaravel-main/vendor/laravel/framework/src/Illuminate/Pipeline/Pipeline.php(219): Illuminate/Routing/Middleware/SubstituteBindings->handle(Object(Illuminate/Http/Request), Object(Closure))
#13 C:/Users/USUARIO/Downloads/laravelProgramacion3/holalaravel-main/vendor/laravel/framework/src/Illuminate/Auth/Middleware/Authenticate.php(63): Illuminate/Pipeline/Pipeline->Illuminate/Pipeline/{closure}(Object(Illuminate/Http/Request))
#14 C:/Users/USUARIO/Downloads/laravelProgramacion3/holalaravel-main/vendor/laravel/framework/src/Illuminate/Pipeline/Pipeline.php(219): Illuminate/Auth/Middleware/Authenticate->handle(Object(Illuminate/Http/Request), Object(Closure))
#15 C:/Users/USUARIO/Downloads/laravelProgramacion3/holalaravel-main/vendor/laravel/framework/src/Illuminate/Foundation/Http/Middleware/VerifyCsrfToken.php(87): Illuminate/Pipeline/Pipeline->Illuminate/Pipeline/{closure}(Object(Illuminate/Http/Request))
#16 C:/Users/USUARIO/Downloads/laravelProgramacion3/holalaravel-main/vendor/laravel/framework/src/Illuminate/Pipeline/Pipeline.php(219): Illuminate/Foundation/Http/Middleware/VerifyCsrfToken->handle(Object(Illuminate/Http/Request), Object(Closure))
#17 C:/Users/USUARIO/Downloads/laravelProgramacion3/holalaravel-main/vendor/laravel/framework/src/Illuminate/View/Middleware/ShareErrorsFromSession.php(48): Illuminate/Pipeline/Pipeline->Illuminate/Pipeline/{closure}(Object(Illuminate/Http/Request))
#18 C:/Users/USUARIO/Downloads/laravelProgramacion3/holalaravel-main/vendor/laravel/framework/src/Illuminate/Pipeline/Pipeline.php(219): Illuminate/View/Middleware/ShareErrorsFromSession->handle(Object(Illuminate/Http/Request), Object(Closure))
#19 C:/Users/USUARIO/Downloads/laravelProgramacion3/holalaravel-main/vendor/laravel/framework/src/Illuminate/Session/Middleware/StartSession.php(120): Illuminate/Pipeline/Pipeline->Illuminate/Pipeline/{closure}(Object(Illuminate/Http/Request))
#20 C:/Users/USUARIO/Downloads/laravelProgramacion3/holalaravel-main/vendor/laravel/framework/src/Illuminate/Session/Middleware/StartSession.php(63): Illuminate/Session/Middleware/StartSession->handleStatefulRequest(Object(Illuminate/Http/Request), Object(Illuminate/Session/Store), Object(Closure))
#21 C:/Users/USUARIO/Downloads/laravelProgramacion3/holalaravel-main/vendor/laravel/framework/src/Illuminate/Pipeline/Pipeline.php(219): Illuminate/Session/Middleware/StartSession->handle(Object(Illuminate/Http/Request), Object(Closure))
#22 C:/Users/USUARIO/Downloads/laravelProgramacion3/holalaravel-main/vendor/laravel/framework/src/Illuminate/Cookie/Middleware/AddQueuedCookiesToResponse.php(36): Illuminate/Pipeline/Pipeline->Illuminate/Pipeline/{closure}(Object(Illuminate/Http/Request))
#23 C:/Users/USUARIO/Downloads/laravelProgramacion3/holalaravel-main/vendor/laravel/framework/src/Illuminate/Pipeline/Pipeline.php(219): Illuminate/Cookie/Middleware/AddQueuedCookiesToResponse->handle(Object(Illuminate/Http/Request), Object(Closure))
#24 C:/Users/USUARIO/Downloads/laravelProgramacion3/holalaravel-main/vendor/laravel/framework/src/Illuminate/Cookie/Middleware/EncryptCookies.php(74): Illuminate/Pipeline/Pipeline->Illuminate/Pipeline/{closure}(Object(Illuminate/Http/Request))
#25 C:/Users/USUARIO/Downloads/laravelProgramacion3/holalaravel-main/vendor/laravel/framework/src/Illuminate/Pipeline/Pipeline.php(219): Illuminate/Cookie/Middleware/EncryptCookies->handle(Object(Illuminate/Http/Request), Object(Closure))
#26 C:/Users/USUARIO/Downloads/laravelProgramacion3/holalaravel-main/vendor/laravel/framework/src/Illuminate/Pipeline/Pipeline.php(137): Illuminate/Pipeline/Pipeline->Illuminate/Pipeline/{closure}(Object(Illuminate/Http/Request))
#27 C:/Users/USUARIO/Downloads/laravelProgramacion3/holalaravel-main/vendor/laravel/framework/src/Illuminate/Routing/Router.php(821): Illuminate/Pipeline/Pipeline->then(Object(Closure))
#28 C:/Users/USUARIO/Downloads/laravelProgramacion3/holalaravel-main/vendor/laravel/framework/src/Illuminate/Routing/Router.php(800): Illuminate/Routing/Router->runRouteWithinStack(Object(Illuminate/Routing/Route), Object(Illuminate/Http/Request))
#29 C:/Users/USUARIO/Downloads/laravelProgramacion3/holalaravel-main/vendor/laravel/framework/src/Illuminate/Routing/Router.php(764): Illuminate/Routing/Router->runRoute(Object(Illuminate/Http/Request), Object(Illuminate/Routing/Route))
#30 C:/Users/USUARIO/Downloads/laravelProgramacion3/holalaravel-main/vendor/laravel/framework/src/Illuminate/Routing/Router.php(753): Illuminate/Routing/Router->dispatchToRoute(Object(Illuminate/Http/Request))
#31 C:/Users/USUARIO/Downloads/laravelProgramacion3/holalaravel-main/vendor/laravel/framework/src/Illuminate/Foundation/Http/Kernel.php(200): Illuminate/Routing/Router->dispatch(Object(Illuminate/Http/Request))
#32 C:/Users/USUARIO/Downloads/laravelProgramacion3/holalaravel-main/vendor/laravel/framework/src/Illuminate/Pipeline/Pipeline.php(180): Illuminate/Foundation/Http/Kernel->Illuminate/Foundation/Http/{closure}(Object(Illuminate/Http/Request))
#33 C:/Users/USUARIO/Downloads/laravelProgramacion3/holalaravel-main/vendor/laravel/framework/src/Illuminate/Foundation/Http/Middleware/TransformsRequest.php(21): Illuminate/Pipeline/Pipeline->Illuminate/Pipeline/{closure}(Object(Illuminate/Http/Request))
#34 C:/Users/USUARIO/Downloads/laravelProgramacion3/holalaravel-main/vendor/laravel/framework/src/Illuminate/Foundation/Http/Middleware/ConvertEmptyStringsToNull.php(31): Illuminate/Foundation/Http/Middleware/TransformsRequest->handle(Object(Illuminate/Http/Request), Object(Closure))
#35 C:/Users/USUARIO/Downloads/laravelProgramacion3/holalaravel-main/vendor/laravel/framework/src/Illuminate/Pipeline/Pipeline.php(219): Illuminate/Foundation/Http/Middleware/ConvertEmptyStringsToNull->handle(Object(Illuminate/Http/Request), Object(Closure))
#36 C:/Users/USUARIO/Downloads/laravelProgramacion3/holalaravel-main/vendor/laravel/framework/src/Illuminate/Foundation/Http/Middleware/TransformsRequest.php(21): Illuminate/Pipeline/Pipeline->Illuminate/Pipeline/{closure}(Object(Illuminate/Http/Request))
#37 C:/Users/USUARIO/Downloads/laravelProgramacion3/holalaravel-main/vendor/laravel/framework/src/Illuminate/Foundation/Http/Middleware/TrimStrings.php(51): Illuminate/Foundation/Http/Middleware/TransformsRequest->handle(Object(Illuminate/Http/Request), Object(Closure))
#38 C:/Users/USUARIO/Downloads/laravelProgramacion3/holalaravel-main/vendor/laravel/framework/src/Illuminate/Pipeline/Pipeline.php(219): Illuminate/Foundation/Http/Middleware/TrimStrings->handle(Object(Illuminate/Http/Request), Object(Closure))
#39 C:/Users/USUARIO/Downloads/laravelProgramacion3/holalaravel-main/vendor/laravel/framework/src/Illuminate/Http/Middleware/ValidatePostSize.php(27): Illuminate/Pipeline/Pipeline->Illuminate/Pipeline/{closure}(Object(Illuminate/Http/Request))
#40 C:/Users/USUARIO/Downloads/laravelProgramacion3/holalaravel-main/vendor/laravel/framework/src/Illuminate/Pipeline/Pipeline.php(219): Illuminate/Http/Middleware/ValidatePostSize->handle(Object(Illuminate/Http/Request), Object(Closure))
#41 C:/Users/USUARIO/Downloads/laravelProgramacion3/holalaravel-main/vendor/laravel/framework/src/Illuminate/Foundation/Http/Middleware/PreventRequestsDuringMaintenance.php(109): Illuminate/Pipeline/Pipeline->Illuminate/Pipeline/{closure}(Object(Illuminate/Http/Request))
#42 C:/Users/USUARIO/Downloads/laravelProgramacion3/holalaravel-main/vendor/laravel/framework/src/Illuminate/Pipeline/Pipeline.php(219): Illuminate/Foundation/Http/Middleware/PreventRequestsDuringMaintenance->handle(Object(Illuminate/Http/Request), Object(Closure))
#43 C:/Users/USUARIO/Downloads/laravelProgramacion3/holalaravel-main/vendor/laravel/framework/src/Illuminate/Http/Middleware/HandleCors.php(61): Illuminate/Pipeline/Pipeline->Illuminate/Pipeline/{closure}(Object(Illuminate/Http/Request))
#44 C:/Users/USUARIO/Downloads/laravelProgramacion3/holalaravel-main/vendor/laravel/framework/src/Illuminate/Pipeline/Pipeline.php(219): Illuminate/Http/Middleware/HandleCors->handle(Object(Illuminate/Http/Request), Object(Closure))
#45 C:/Users/USUARIO/Downloads/laravelProgramacion3/holalaravel-main/vendor/laravel/framework/src/Illuminate/Http/Middleware/TrustProxies.php(58): Illuminate/Pipeline/Pipeline->Illuminate/Pipeline/{closure}(Object(Illuminate/Http/Request))
#46 C:/Users/USUARIO/Downloads/laravelProgramacion3/holalaravel-main/vendor/laravel/framework/src/Illuminate/Pipeline/Pipeline.php(219): Illuminate/Http/Middleware/TrustProxies->handle(Object(Illuminate/Http/Request), Object(Closure))
#47 C:/Users/USUARIO/Downloads/laravelProgramacion3/holalaravel-main/vendor/laravel/framework/src/Illuminate/Foundation/Http/Middleware/InvokeDeferredCallbacks.php(22): Illuminate/Pipeline/Pipeline->Illuminate/Pipeline/{closure}(Object(Illuminate/Http/Request))
#48 C:/Users/USUARIO/Downloads/laravelProgramacion3/holalaravel-main/vendor/laravel/framework/src/Illuminate/Pipeline/Pipeline.php(219): Illuminate/Foundation/Http/Middleware/InvokeDeferredCallbacks->handle(Object(Illuminate/Http/Request), Object(Closure))
#49 C:/Users/USUARIO/Downloads/laravelProgramacion3/holalaravel-main/vendor/laravel/framework/src/Illuminate/Http/Middleware/ValidatePathEncoding.php(26): Illuminate/Pipeline/Pipeline->Illuminate/Pipeline/{closure}(Object(Illuminate/Http/Request))
#50 C:/Users/USUARIO/Downloads/laravelProgramacion3/holalaravel-main/vendor/laravel/framework/src/Illuminate/Pipeline/Pipeline.php(219): Illuminate/Http/Middleware/ValidatePathEncoding->handle(Object(Illuminate/Http/Request), Object(Closure))
#51 C:/Users/USUARIO/Downloads/laravelProgramacion3/holalaravel-main/vendor/laravel/framework/src/Illuminate/Pipeline/Pipeline.php(137): Illuminate/Pipeline/Pipeline->Illuminate/Pipeline/{closure}(Object(Illuminate/Http/Request))
#52 C:/Users/USUARIO/Downloads/laravelProgramacion3/holalaravel-main/vendor/laravel/framework/src/Illuminate/Foundation/Http/Kernel.php(175): Illuminate/Pipeline/Pipeline->then(Object(Closure))
#53 C:/Users/USUARIO/Downloads/laravelProgramacion3/holalaravel-main/vendor/laravel/framework/src/Illuminate/Foundation/Http/Kernel.php(144): Illuminate/Foundation/Http/Kernel->sendRequestThroughRouter(Object(Illuminate/Http/Request))
#54 C:/Users/USUARIO/Downloads/laravelProgramacion3/holalaravel-main/vendor/laravel/framework/src/Illuminate/Foundation/Application.php(1220): Illuminate/Foundation/Http/Kernel->handle(Object(Illuminate/Http/Request))
#55 C:/Users/USUARIO/Downloads/laravelProgramacion3/holalaravel-main/public/index.php(20): Illuminate/Foundation/Application->handleRequest(Object(Illuminate/Http/Request))
#56 C:/Users/USUARIO/Downloads/laravelProgramacion3/holalaravel-main/vendor/laravel/framework/src/Illuminate/Foundation/resources/server.php(23): require_once('C://Users//USUARI...')
#57 {main}

[previous exception] [object] (Symfony\\Component\\Routing\\Exception\\RouteNotFoundException(code: 0): Route [producto.pdf] not defined. at C:/Users/USUARIO/Downloads/laravelProgramacion3/holalaravel-main/vendor/laravel/framework/src/Illuminate/Routing/UrlGenerator.php:528)
[stacktrace]
#0 C:/Users/USUARIO/Downloads/laravelProgramacion3/holalaravel-main/vendor/laravel/framework/src/Illuminate/Foundation/helpers.php(870): Illuminate/Routing/UrlGenerator->route('producto.pdf', Array, true)
#1 C:/Users/USUARIO/Downloads/laravelProgramacion3/holalaravel-main/storage/framework/views/7fa6daa05ea85ea9c7bb553645429aa5.php(34): route('producto.pdf')
#2 C:/Users/USUARIO/Downloads/laravelProgramacion3/holalaravel-main/vendor/laravel/framework/src/Illuminate/Filesystem/Filesystem.php(123): require('C://Users//USUARI...')
#3 C:/Users/USUARIO/Downloads/laravelProgramacion3/holalaravel-main/vendor/laravel/framework/src/Illuminate/Filesystem/Filesystem.php(124): Illuminate/Filesystem/Filesystem::Illuminate/Filesystem/{closure}()
#4 C:/Users/USUARIO/Downloads/laravelProgramacion3/holalaravel-main/vendor/laravel/framework/src/Illuminate/View/Engines/PhpEngine.php(57): Illuminate/Filesystem/Filesystem->getRequire('C://Users//USUARI...', Array)
#5 C:/Users/USUARIO/Downloads/laravelProgramacion3/holalaravel-main/vendor/laravel/framework/src/Illuminate/View/Engines/CompilerEngine.php(76): Illuminate/View/Engines/PhpEngine->evaluatePath('C://Users//USUARI...', Array)
#6 C:/Users/USUARIO/Downloads/laravelProgramacion3/holalaravel-main/vendor/laravel/framework/src/Illuminate/View/View.php(208): Illuminate/View/Engines/CompilerEngine->get('C://Users//USUARI...', Array)
#7 C:/Users/USUARIO/Downloads/laravelProgramacion3/holalaravel-main/vendor/laravel/framework/src/Illuminate/View/View.php(191): Illuminate/View/View->getContents()
#8 C:/Users/USUARIO/Downloads/laravelProgramacion3/holalaravel-main/vendor/laravel/framework/src/Illuminate/View/View.php(160): Illuminate/View/View->renderContents()
#9 C:/Users/USUARIO/Downloads/laravelProgramacion3/holalaravel-main/vendor/laravel/framework/src/Illuminate/Http/Response.php(78): Illuminate/View/View->render()
#10 C:/Users/USUARIO/Downloads/laravelProgramacion3/holalaravel-main/vendor/laravel/framework/src/Illuminate/Http/Response.php(34): Illuminate/Http/Response->setContent(Object(Illuminate/View/View))
#11 C:/Users/USUARIO/Downloads/laravelProgramacion3/holalaravel-main/vendor/laravel/framework/src/Illuminate/Routing/Router.php(939): Illuminate/Http/Response->__construct(Object(Illuminate/View/View), 200, Array)
#12 C:/Users/USUARIO/Downloads/laravelProgramacion3/holalaravel-main/vendor/laravel/framework/src/Illuminate/Routing/Router.php(906): Illuminate/Routing/Router::toResponse(Object(Illuminate/Http/Request), Object(Illuminate/View/View))
#13 C:/Users/USUARIO/Downloads/laravelProgramacion3/holalaravel-main/vendor/laravel/framework/src/Illuminate/Routing/Router.php(821): Illuminate/Routing/Router->prepareResponse(Object(Illuminate/Http/Request), Object(Illuminate/View/View))
#14 C:/Users/USUARIO/Downloads/laravelProgramacion3/holalaravel-main/vendor/laravel/framework/src/Illuminate/Pipeline/Pipeline.php(180): Illuminate/Routing/Router->Illuminate/Routing/{closure}(Object(Illuminate/Http/Request))
#15 C:/Users/USUARIO/Downloads/laravelProgramacion3/holalaravel-main/vendor/laravel/framework/src/Illuminate/Routing/Middleware/SubstituteBindings.php(50): Illuminate/Pipeline/Pipeline->Illuminate/Pipeline/{closure}(Object(Illuminate/Http/Request))
#16 C:/Users/USUARIO/Downloads/laravelProgramacion3/holalaravel-main/vendor/laravel/framework/src/Illuminate/Pipeline/Pipeline.php(219): Illuminate/Routing/Middleware/SubstituteBindings->handle(Object(Illuminate/Http/Request), Object(Closure))
#17 C:/Users/USUARIO/Downloads/laravelProgramacion3/holalaravel-main/vendor/laravel/framework/src/Illuminate/Auth/Middleware/Authenticate.php(63): Illuminate/Pipeline/Pipeline->Illuminate/Pipeline/{closure}(Object(Illuminate/Http/Request))
#18 C:/Users/USUARIO/Downloads/laravelProgramacion3/holalaravel-main/vendor/laravel/framework/src/Illuminate/Pipeline/Pipeline.php(219): Illuminate/Auth/Middleware/Authenticate->handle(Object(Illuminate/Http/Request), Object(Closure))
#19 C:/Users/USUARIO/Downloads/laravelProgramacion3/holalaravel-main/vendor/laravel/framework/src/Illuminate/Foundation/Http/Middleware/VerifyCsrfToken.php(87): Illuminate/Pipeline/Pipeline->Illuminate/Pipeline/{closure}(Object(Illuminate/Http/Request))
#20 C:/Users/USUARIO/Downloads/laravelProgramacion3/holalaravel-main/vendor/laravel/framework/src/Illuminate/Pipeline/Pipeline.php(219): Illuminate/Foundation/Http/Middleware/VerifyCsrfToken->handle(Object(Illuminate/Http/Request), Object(Closure))
#21 C:/Users/USUARIO/Downloads/laravelProgramacion3/holalaravel-main/vendor/laravel/framework/src/Illuminate/View/Middleware/ShareErrorsFromSession.php(48): Illuminate/Pipeline/Pipeline->Illuminate/Pipeline/{closure}(Object(Illuminate/Http/Request))
#22 C:/Users/USUARIO/Downloads/laravelProgramacion3/holalaravel-main/vendor/laravel/framework/src/Illuminate/Pipeline/Pipeline.php(219): Illuminate/View/Middleware/ShareErrorsFromSession->handle(Object(Illuminate/Http/Request), Object(Closure))
#23 C:/Users/USUARIO/Downloads/laravelProgramacion3/holalaravel-main/vendor/laravel/framework/src/Illuminate/Session/Middleware/StartSession.php(120): Illuminate/Pipeline/Pipeline->Illuminate/Pipeline/{closure}(Object(Illuminate/Http/Request))
#24 C:/Users/USUARIO/Downloads/laravelProgramacion3/holalaravel-main/vendor/laravel/framework/src/Illuminate/Session/Middleware/StartSession.php(63): Illuminate/Session/Middleware/StartSession->handleStatefulRequest(Object(Illuminate/Http/Request), Object(Illuminate/Session/Store), Object(Closure))
#25 C:/Users/USUARIO/Downloads/laravelProgramacion3/holalaravel-main/vendor/laravel/framework/src/Illuminate/Pipeline/Pipeline.php(219): Illuminate/Session/Middleware/StartSession->handle(Object(Illuminate/Http/Request), Object(Closure))
#26 C:/Users/USUARIO/Downloads/laravelProgramacion3/holalaravel-main/vendor/laravel/framework/src/Illuminate/Cookie/Middleware/AddQueuedCookiesToResponse.php(36): Illuminate/Pipeline/Pipeline->Illuminate/Pipeline/{closure}(Object(Illuminate/Http/Request))
#27 C:/Users/USUARIO/Downloads/laravelProgramacion3/holalaravel-main/vendor/laravel/framework/src/Illuminate/Pipeline/Pipeline.php(219): Illuminate/Cookie/Middleware/AddQueuedCookiesToResponse->handle(Object(Illuminate/Http/Request), Object(Closure))
#28 C:/Users/USUARIO/Downloads/laravelProgramacion3/holalaravel-main/vendor/laravel/framework/src/Illuminate/Cookie/Middleware/EncryptCookies.php(74): Illuminate/Pipeline/Pipeline->Illuminate/Pipeline/{closure}(Object(Illuminate/Http/Request))
#29 C:/Users/USUARIO/Downloads/laravelProgramacion3/holalaravel-main/vendor/laravel/framework/src/Illuminate/Pipeline/Pipeline.php(219): Illuminate/Cookie/Middleware/EncryptCookies->handle(Object(Illuminate/Http/Request), Object(Closure))
#30 C:/Users/USUARIO/Downloads/laravelProgramacion3/holalaravel-main/vendor/laravel/framework/src/Illuminate/Pipeline/Pipeline.php(137): Illuminate/Pipeline/Pipeline->Illuminate/Pipeline/{closure}(Object(Illuminate/Http/Request))
#31 C:/Users/USUARIO/Downloads/laravelProgramacion3/holalaravel-main/vendor/laravel/framework/src/Illuminate/Routing/Router.php(821): Illuminate/Pipeline/Pipeline->then(Object(Closure))
#32 C:/Users/USUARIO/Downloads/laravelProgramacion3/holalaravel-main/vendor/laravel/framework/src/Illuminate/Routing/Router.php(800): Illuminate/Routing/Router->runRouteWithinStack(Object(Illuminate/Routing/Route), Object(Illuminate/Http/Request))
#33 C:/Users/USUARIO/Downloads/laravelProgramacion3/holalaravel-main/vendor/laravel/framework/src/Illuminate/Routing/Router.php(764): Illuminate/Routing/Router->runRoute(Object(Illuminate/Http/Request), Object(Illuminate/Routing/Route))
#34 C:/Users/USUARIO/Downloads/laravelProgramacion3/holalaravel-main/vendor/laravel/framework/src/Illuminate/Routing/Router.php(753): Illuminate/Routing/Router->dispatchToRoute(Object(Illuminate/Http/Request))
#35 C:/Users/USUARIO/Downloads/laravelProgramacion3/holalaravel-main/vendor/laravel/framework/src/Illuminate/Foundation/Http/Kernel.php(200): Illuminate/Routing/Router->dispatch(Object(Illuminate/Http/Request))
#36 C:/Users/USUARIO/Downloads/laravelProgramacion3/holalaravel-main/vendor/laravel/framework/src/Illuminate/Pipeline/Pipeline.php(180): Illuminate/Foundation/Http/Kernel->Illuminate/Foundation/Http/{closure}(Object(Illuminate/Http/Request))
#37 C:/Users/USUARIO/Downloads/laravelProgramacion3/holalaravel-main/vendor/laravel/framework/src/Illuminate/Foundation/Http/Middleware/TransformsRequest.php(21): Illuminate/Pipeline/Pipeline->Illuminate/Pipeline/{closure}(Object(Illuminate/Http/Request))
#38 C:/Users/USUARIO/Downloads/laravelProgramacion3/holalaravel-main/vendor/laravel/framework/src/Illuminate/Foundation/Http/Middleware/ConvertEmptyStringsToNull.php(31): Illuminate/Foundation/Http/Middleware/TransformsRequest->handle(Object(Illuminate/Http/Request), Object(Closure))
#39 C:/Users/USUARIO/Downloads/laravelProgramacion3/holalaravel-main/vendor/laravel/framework/src/Illuminate/Pipeline/Pipeline.php(219): Illuminate/Foundation/Http/Middleware/ConvertEmptyStringsToNull->handle(Object(Illuminate/Http/Request), Object(Closure))
#40 C:/Users/USUARIO/Downloads/laravelProgramacion3/holalaravel-main/vendor/laravel/framework/src/Illuminate/Foundation/Http/Middleware/TransformsRequest.php(21): Illuminate/Pipeline/Pipeline->Illuminate/Pipeline/{closure}(Object(Illuminate/Http/Request))
#41 C:/Users/USUARIO/Downloads/laravelProgramacion3/holalaravel-main/vendor/laravel/framework/src/Illuminate/Foundation/Http/Middleware/TrimStrings.php(51): Illuminate/Foundation/Http/Middleware/TransformsRequest->handle(Object(Illuminate/Http/Request), Object(Closure))
#42 C:/Users/USUARIO/Downloads/laravelProgramacion3/holalaravel-main/vendor/laravel/framework/src/Illuminate/Pipeline/Pipeline.php(219): Illuminate/Foundation/Http/Middleware/TrimStrings->handle(Object(Illuminate/Http/Request), Object(Closure))
#43 C:/Users/USUARIO/Downloads/laravelProgramacion3/holalaravel-main/vendor/laravel/framework/src/Illuminate/Http/Middleware/ValidatePostSize.php(27): Illuminate/Pipeline/Pipeline->Illuminate/Pipeline/{closure}(Object(Illuminate/Http/Request))
#44 C:/Users/USUARIO/Downloads/laravelProgramacion3/holalaravel-main/vendor/laravel/framework/src/Illuminate/Pipeline/Pipeline.php(219): Illuminate/Http/Middleware/ValidatePostSize->handle(Object(Illuminate/Http/Request), Object(Closure))
#45 C:/Users/USUARIO/Downloads/laravelProgramacion3/holalaravel-main/vendor/laravel/framework/src/Illuminate/Foundation/Http/Middleware/PreventRequestsDuringMaintenance.php(109): Illuminate/Pipeline/Pipeline->Illuminate/Pipeline/{closure}(Object(Illuminate/Http/Request))
#46 C:/Users/USUARIO/Downloads/laravelProgramacion3/holalaravel-main/vendor/laravel/framework/src/Illuminate/Pipeline/Pipeline.php(219): Illuminate/Foundation/Http/Middleware/PreventRequestsDuringMaintenance->handle(Object(Illuminate/Http/Request), Object(Closure))
#47 C:/Users/USUARIO/Downloads/laravelProgramacion3/holalaravel-main/vendor/laravel/framework/src/Illuminate/Http/Middleware/HandleCors.php(61): Illuminate/Pipeline/Pipeline->Illuminate/Pipeline/{closure}(Object(Illuminate/Http/Request))
#48 C:/Users/USUARIO/Downloads/laravelProgramacion3/holalaravel-main/vendor/laravel/framework/src/Illuminate/Pipeline/Pipeline.php(219): Illuminate/Http/Middleware/HandleCors->handle(Object(Illuminate/Http/Request), Object(Closure))
#49 C:/Users/USUARIO/Downloads/laravelProgramacion3/holalaravel-main/vendor/laravel/framework/src/Illuminate/Http/Middleware/TrustProxies.php(58): Illuminate/Pipeline/Pipeline->Illuminate/Pipeline/{closure}(Object(Illuminate/Http/Request))
#50 C:/Users/USUARIO/Downloads/laravelProgramacion3/holalaravel-main/vendor/laravel/framework/src/Illuminate/Pipeline/Pipeline.php(219): Illuminate/Http/Middleware/TrustProxies->handle(Object(Illuminate/Http/Request), Object(Closure))
#51 C:/Users/USUARIO/Downloads/laravelProgramacion3/holalaravel-main/vendor/laravel/framework/src/Illuminate/Foundation/Http/Middleware/InvokeDeferredCallbacks.php(22): Illuminate/Pipeline/Pipeline->Illuminate/Pipeline/{closure}(Object(Illuminate/Http/Request))
#52 C:/Users/USUARIO/Downloads/laravelProgramacion3/holalaravel-main/vendor/laravel/framework/src/Illuminate/Pipeline/Pipeline.php(219): Illuminate/Foundation/Http/Middleware/InvokeDeferredCallbacks->handle(Object(Illuminate/Http/Request), Object(Closure))
#53 C:/Users/USUARIO/Downloads/laravelProgramacion3/holalaravel-main/vendor/laravel/framework/src/Illuminate/Http/Middleware/ValidatePathEncoding.php(26): Illuminate/Pipeline/Pipeline->Illuminate/Pipeline/{closure}(Object(Illuminate/Http/Request))
#54 C:/Users/USUARIO/Downloads/laravelProgramacion3/holalaravel-main/vendor/laravel/framework/src/Illuminate/Pipeline/Pipeline.php(219): Illuminate/Http/Middleware/ValidatePathEncoding->handle(Object(Illuminate/Http/Request), Object(Closure))
#55 C:/Users/USUARIO/Downloads/laravelProgramacion3/holalaravel-main/vendor/laravel/framework/src/Illuminate/Pipeline/Pipeline.php(137): Illuminate/Pipeline/Pipeline->Illuminate/Pipeline/{closure}(Object(Illuminate/Http/Request))
#56 C:/Users/USUARIO/Downloads/laravelProgramacion3/holalaravel-main/vendor/laravel/framework/src/Illuminate/Foundation/Http/Kernel.php(175): Illuminate/Pipeline/Pipeline->then(Object(Closure))
#57 C:/Users/USUARIO/Downloads/laravelProgramacion3/holalaravel-main/vendor/laravel/framework/src/Illuminate/Foundation/Http/Kernel.php(144): Illuminate/Foundation/Http/Kernel->sendRequestThroughRouter(Object(Illuminate/Http/Request))
#58 C:/Users/USUARIO/Downloads/laravelProgramacion3/holalaravel-main/vendor/laravel/framework/src/Illuminate/Foundation/Application.php(1220): Illuminate/Foundation/Http/Kernel->handle(Object(Illuminate/Http/Request))
#59 C:/Users/USUARIO/Downloads/laravelProgramacion3/holalaravel-main/public/index.php(20): Illuminate/Foundation/Application->handleRequest(Object(Illuminate/Http/Request))
#60 C:/Users/USUARIO/Downloads/laravelProgramacion3/holalaravel-main/vendor/laravel/framework/src/Illuminate/Foundation/resources/server.php(23): require_once('C://Users//USUARI...')
#61 {main}
"} 
[2026-04-14 01:19:43] local.ERROR: Call to undefined method App\Http\Controllers\ProductoController::middleware() {"userId":3,"exception":"[object] (Error(code: 0): Call to undefined method App\\Http\\Controllers\\ProductoController::middleware() at C:/Users/USUARIO/Downloads/laravelProgramacion3/holalaravel-main/app/Http/Controllers/ProductoController.php:18)
[stacktrace]
#0 C:/Users/USUARIO/Downloads/laravelProgramacion3/holalaravel-main/vendor/laravel/framework/src/Illuminate/Container/Container.php(1168): App/Http/Controllers/ProductoController->__construct()
#1 C:/Users/USUARIO/Downloads/laravelProgramacion3/holalaravel-main/vendor/laravel/framework/src/Illuminate/Container/Container.php(933): Illuminate/Container/Container->build('App//Http//Contro...')
#2 C:/Users/USUARIO/Downloads/laravelProgramacion3/holalaravel-main/vendor/laravel/framework/src/Illuminate/Foundation/Application.php(1078): Illuminate/Container/Container->resolve('App//Http//Contro...', Array, true)
#3 C:/Users/USUARIO/Downloads/laravelProgramacion3/holalaravel-main/vendor/laravel/framework/src/Illuminate/Container/Container.php(864): Illuminate/Foundation/Application->resolve('App//Http//Contro...', Array)
#4 C:/Users/USUARIO/Downloads/laravelProgramacion3/holalaravel-main/vendor/laravel/framework/src/Illuminate/Foundation/Application.php(1058): Illuminate/Container/Container->make('App//Http//Contro...', Array)
#5 C:/Users/USUARIO/Downloads/laravelProgramacion3/holalaravel-main/vendor/laravel/framework/src/Illuminate/Routing/Route.php(286): Illuminate/Foundation/Application->make('App//Http//Contro...')
#6 C:/Users/USUARIO/Downloads/laravelProgramacion3/holalaravel-main/vendor/laravel/framework/src/Illuminate/Routing/Route.php(266): Illuminate/Routing/Route->getController()
#7 C:/Users/USUARIO/Downloads/laravelProgramacion3/holalaravel-main/vendor/laravel/framework/src/Illuminate/Routing/Route.php(211): Illuminate/Routing/Route->runController()
#8 C:/Users/USUARIO/Downloads/laravelProgramacion3/holalaravel-main/vendor/laravel/framework/src/Illuminate/Routing/Router.php(822): Illuminate/Routing/Route->run()
#9 C:/Users/USUARIO/Downloads/laravelProgramacion3/holalaravel-main/vendor/laravel/framework/src/Illuminate/Pipeline/Pipeline.php(180): Illuminate/Routing/Router->Illuminate/Routing/{closure}(Object(Illuminate/Http/Request))
#10 C:/Users/USUARIO/Downloads/laravelProgramacion3/holalaravel-main/vendor/laravel/framework/src/Illuminate/Routing/Middleware/SubstituteBindings.php(50): Illuminate/Pipeline/Pipeline->Illuminate/Pipeline/{closure}(Object(Illuminate/Http/Request))
#11 C:/Users/USUARIO/Downloads/laravelProgramacion3/holalaravel-main/vendor/laravel/framework/src/Illuminate/Pipeline/Pipeline.php(219): Illuminate/Routing/Middleware/SubstituteBindings->handle(Object(Illuminate/Http/Request), Object(Closure))
#12 C:/Users/USUARIO/Downloads/laravelProgramacion3/holalaravel-main/vendor/laravel/framework/src/Illuminate/Auth/Middleware/Authenticate.php(63): Illuminate/Pipeline/Pipeline->Illuminate/Pipeline/{closure}(Object(Illuminate/Http/Request))
#13 C:/Users/USUARIO/Downloads/laravelProgramacion3/holalaravel-main/vendor/laravel/framework/src/Illuminate/Pipeline/Pipeline.php(219): Illuminate/Auth/Middleware/Authenticate->handle(Object(Illuminate/Http/Request), Object(Closure))
#14 C:/Users/USUARIO/Downloads/laravelProgramacion3/holalaravel-main/vendor/laravel/framework/src/Illuminate/Foundation/Http/Middleware/VerifyCsrfToken.php(87): Illuminate/Pipeline/Pipeline->Illuminate/Pipeline/{closure}(Object(Illuminate/Http/Request))
#15 C:/Users/USUARIO/Downloads/laravelProgramacion3/holalaravel-main/vendor/laravel/framework/src/Illuminate/Pipeline/Pipeline.php(219): Illuminate/Foundation/Http/Middleware/VerifyCsrfToken->handle(Object(Illuminate/Http/Request), Object(Closure))
#16 C:/Users/USUARIO/Downloads/laravelProgramacion3/holalaravel-main/vendor/laravel/framework/src/Illuminate/View/Middleware/ShareErrorsFromSession.php(48): Illuminate/Pipeline/Pipeline->Illuminate/Pipeline/{closure}(Object(Illuminate/Http/Request))
#17 C:/Users/USUARIO/Downloads/laravelProgramacion3/holalaravel-main/vendor/laravel/framework/src/Illuminate/Pipeline/Pipeline.php(219): Illuminate/View/Middleware/ShareErrorsFromSession->handle(Object(Illuminate/Http/Request), Object(Closure))
#18 C:/Users/USUARIO/Downloads/laravelProgramacion3/holalaravel-main/vendor/laravel/framework/src/Illuminate/Session/Middleware/StartSession.php(120): Illuminate/Pipeline/Pipeline->Illuminate/Pipeline/{closure}(Object(Illuminate/Http/Request))
#19 C:/Users/USUARIO/Downloads/laravelProgramacion3/holalaravel-main/vendor/laravel/framework/src/Illuminate/Session/Middleware/StartSession.php(63): Illuminate/Session/Middleware/StartSession->handleStatefulRequest(Object(Illuminate/Http/Request), Object(Illuminate/Session/Store), Object(Closure))
#20 C:/Users/USUARIO/Downloads/laravelProgramacion3/holalaravel-main/vendor/laravel/framework/src/Illuminate/Pipeline/Pipeline.php(219): Illuminate/Session/Middleware/StartSession->handle(Object(Illuminate/Http/Request), Object(Closure))
#21 C:/Users/USUARIO/Downloads/laravelProgramacion3/holalaravel-main/vendor/laravel/framework/src/Illuminate/Cookie/Middleware/AddQueuedCookiesToResponse.php(36): Illuminate/Pipeline/Pipeline->Illuminate/Pipeline/{closure}(Object(Illuminate/Http/Request))
#22 C:/Users/USUARIO/Downloads/laravelProgramacion3/holalaravel-main/vendor/laravel/framework/src/Illuminate/Pipeline/Pipeline.php(219): Illuminate/Cookie/Middleware/AddQueuedCookiesToResponse->handle(Object(Illuminate/Http/Request), Object(Closure))
#23 C:/Users/USUARIO/Downloads/laravelProgramacion3/holalaravel-main/vendor/laravel/framework/src/Illuminate/Cookie/Middleware/EncryptCookies.php(74): Illuminate/Pipeline/Pipeline->Illuminate/Pipeline/{closure}(Object(Illuminate/Http/Request))
#24 C:/Users/USUARIO/Downloads/laravelProgramacion3/holalaravel-main/vendor/laravel/framework/src/Illuminate/Pipeline/Pipeline.php(219): Illuminate/Cookie/Middleware/EncryptCookies->handle(Object(Illuminate/Http/Request), Object(Closure))
#25 C:/Users/USUARIO/Downloads/laravelProgramacion3/holalaravel-main/vendor/laravel/framework/src/Illuminate/Pipeline/Pipeline.php(137): Illuminate/Pipeline/Pipeline->Illuminate/Pipeline/{closure}(Object(Illuminate/Http/Request))
#26 C:/Users/USUARIO/Downloads/laravelProgramacion3/holalaravel-main/vendor/laravel/framework/src/Illuminate/Routing/Router.php(821): Illuminate/Pipeline/Pipeline->then(Object(Closure))
#27 C:/Users/USUARIO/Downloads/laravelProgramacion3/holalaravel-main/vendor/laravel/framework/src/Illuminate/Routing/Router.php(800): Illuminate/Routing/Router->runRouteWithinStack(Object(Illuminate/Routing/Route), Object(Illuminate/Http/Request))
#28 C:/Users/USUARIO/Downloads/laravelProgramacion3/holalaravel-main/vendor/laravel/framework/src/Illuminate/Routing/Router.php(764): Illuminate/Routing/Router->runRoute(Object(Illuminate/Http/Request), Object(Illuminate/Routing/Route))
#29 C:/Users/USUARIO/Downloads/laravelProgramacion3/holalaravel-main/vendor/laravel/framework/src/Illuminate/Routing/Router.php(753): Illuminate/Routing/Router->dispatchToRoute(Object(Illuminate/Http/Request))
#30 C:/Users/USUARIO/Downloads/laravelProgramacion3/holalaravel-main/vendor/laravel/framework/src/Illuminate/Foundation/Http/Kernel.php(200): Illuminate/Routing/Router->dispatch(Object(Illuminate/Http/Request))
#31 C:/Users/USUARIO/Downloads/laravelProgramacion3/holalaravel-main/vendor/laravel/framework/src/Illuminate/Pipeline/Pipeline.php(180): Illuminate/Foundation/Http/Kernel->Illuminate/Foundation/Http/{closure}(Object(Illuminate/Http/Request))
#32 C:/Users/USUARIO/Downloads/laravelProgramacion3/holalaravel-main/vendor/laravel/framework/src/Illuminate/Foundation/Http/Middleware/TransformsRequest.php(21): Illuminate/Pipeline/Pipeline->Illuminate/Pipeline/{closure}(Object(Illuminate/Http/Request))
#33 C:/Users/USUARIO/Downloads/laravelProgramacion3/holalaravel-main/vendor/laravel/framework/src/Illuminate/Foundation/Http/Middleware/ConvertEmptyStringsToNull.php(31): Illuminate/Foundation/Http/Middleware/TransformsRequest->handle(Object(Illuminate/Http/Request), Object(Closure))
#34 C:/Users/USUARIO/Downloads/laravelProgramacion3/holalaravel-main/vendor/laravel/framework/src/Illuminate/Pipeline/Pipeline.php(219): Illuminate/Foundation/Http/Middleware/ConvertEmptyStringsToNull->handle(Object(Illuminate/Http/Request), Object(Closure))
#35 C:/Users/USUARIO/Downloads/laravelProgramacion3/holalaravel-main/vendor/laravel/framework/src/Illuminate/Foundation/Http/Middleware/TransformsRequest.php(21): Illuminate/Pipeline/Pipeline->Illuminate/Pipeline/{closure}(Object(Illuminate/Http/Request))
#36 C:/Users/USUARIO/Downloads/laravelProgramacion3/holalaravel-main/vendor/laravel/framework/src/Illuminate/Foundation/Http/Middleware/TrimStrings.php(51): Illuminate/Foundation/Http/Middleware/TransformsRequest->handle(Object(Illuminate/Http/Request), Object(Closure))
#37 C:/Users/USUARIO/Downloads/laravelProgramacion3/holalaravel-main/vendor/laravel/framework/src/Illuminate/Pipeline/Pipeline.php(219): Illuminate/Foundation/Http/Middleware/TrimStrings->handle(Object(Illuminate/Http/Request), Object(Closure))
#38 C:/Users/USUARIO/Downloads/laravelProgramacion3/holalaravel-main/vendor/laravel/framework/src/Illuminate/Http/Middleware/ValidatePostSize.php(27): Illuminate/Pipeline/Pipeline->Illuminate/Pipeline/{closure}(Object(Illuminate/Http/Request))
#39 C:/Users/USUARIO/Downloads/laravelProgramacion3/holalaravel-main/vendor/laravel/framework/src/Illuminate/Pipeline/Pipeline.php(219): Illuminate/Http/Middleware/ValidatePostSize->handle(Object(Illuminate/Http/Request), Object(Closure))
#40 C:/Users/USUARIO/Downloads/laravelProgramacion3/holalaravel-main/vendor/laravel/framework/src/Illuminate/Foundation/Http/Middleware/PreventRequestsDuringMaintenance.php(109): Illuminate/Pipeline/Pipeline->Illuminate/Pipeline/{closure}(Object(Illuminate/Http/Request))
#41 C:/Users/USUARIO/Downloads/laravelProgramacion3/holalaravel-main/vendor/laravel/framework/src/Illuminate/Pipeline/Pipeline.php(219): Illuminate/Foundation/Http/Middleware/PreventRequestsDuringMaintenance->handle(Object(Illuminate/Http/Request), Object(Closure))
#42 C:/Users/USUARIO/Downloads/laravelProgramacion3/holalaravel-main/vendor/laravel/framework/src/Illuminate/Http/Middleware/HandleCors.php(61): Illuminate/Pipeline/Pipeline->Illuminate/Pipeline/{closure}(Object(Illuminate/Http/Request))
#43 C:/Users/USUARIO/Downloads/laravelProgramacion3/holalaravel-main/vendor/laravel/framework/src/Illuminate/Pipeline/Pipeline.php(219): Illuminate/Http/Middleware/HandleCors->handle(Object(Illuminate/Http/Request), Object(Closure))
#44 C:/Users/USUARIO/Downloads/laravelProgramacion3/holalaravel-main/vendor/laravel/framework/src/Illuminate/Http/Middleware/TrustProxies.php(58): Illuminate/Pipeline/Pipeline->Illuminate/Pipeline/{closure}(Object(Illuminate/Http/Request))
#45 C:/Users/USUARIO/Downloads/laravelProgramacion3/holalaravel-main/vendor/laravel/framework/src/Illuminate/Pipeline/Pipeline.php(219): Illuminate/Http/Middleware/TrustProxies->handle(Object(Illuminate/Http/Request), Object(Closure))
#46 C:/Users/USUARIO/Downloads/laravelProgramacion3/holalaravel-main/vendor/laravel/framework/src/Illuminate/Foundation/Http/Middleware/InvokeDeferredCallbacks.php(22): Illuminate/Pipeline/Pipeline->Illuminate/Pipeline/{closure}(Object(Illuminate/Http/Request))
#47 C:/Users/USUARIO/Downloads/laravelProgramacion3/holalaravel-main/vendor/laravel/framework/src/Illuminate/Pipeline/Pipeline.php(219): Illuminate/Foundation/Http/Middleware/InvokeDeferredCallbacks->handle(Object(Illuminate/Http/Request), Object(Closure))
#48 C:/Users/USUARIO/Downloads/laravelProgramacion3/holalaravel-main/vendor/laravel/framework/src/Illuminate/Http/Middleware/ValidatePathEncoding.php(26): Illuminate/Pipeline/Pipeline->Illuminate/Pipeline/{closure}(Object(Illuminate/Http/Request))
#49 C:/Users/USUARIO/Downloads/laravelProgramacion3/holalaravel-main/vendor/laravel/framework/src/Illuminate/Pipeline/Pipeline.php(219): Illuminate/Http/Middleware/ValidatePathEncoding->handle(Object(Illuminate/Http/Request), Object(Closure))
#50 C:/Users/USUARIO/Downloads/laravelProgramacion3/holalaravel-main/vendor/laravel/framework/src/Illuminate/Pipeline/Pipeline.php(137): Illuminate/Pipeline/Pipeline->Illuminate/Pipeline/{closure}(Object(Illuminate/Http/Request))
#51 C:/Users/USUARIO/Downloads/laravelProgramacion3/holalaravel-main/vendor/laravel/framework/src/Illuminate/Foundation/Http/Kernel.php(175): Illuminate/Pipeline/Pipeline->then(Object(Closure))
#52 C:/Users/USUARIO/Downloads/laravelProgramacion3/holalaravel-main/vendor/laravel/framework/src/Illuminate/Foundation/Http/Kernel.php(144): Illuminate/Foundation/Http/Kernel->sendRequestThroughRouter(Object(Illuminate/Http/Request))
#53 C:/Users/USUARIO/Downloads/laravelProgramacion3/holalaravel-main/vendor/laravel/framework/src/Illuminate/Foundation/Application.php(1220): Illuminate/Foundation/Http/Kernel->handle(Object(Illuminate/Http/Request))
#54 C:/Users/USUARIO/Downloads/laravelProgramacion3/holalaravel-main/public/index.php(20): Illuminate/Foundation/Application->handleRequest(Object(Illuminate/Http/Request))
#55 C:/Users/USUARIO/Downloads/laravelProgramacion3/holalaravel-main/vendor/laravel/framework/src/Illuminate/Foundation/resources/server.php(23): require_once('C://Users//USUARI...')
#56 {main}
"} 
[2026-04-14 01:20:34] local.ERROR: Call to undefined method App\Http\Controllers\ProductoController::middleware() {"userId":3,"exception":"[object] (Error(code: 0): Call to undefined method App\\Http\\Controllers\\ProductoController::middleware() at C:/Users/USUARIO/Downloads/laravelProgramacion3/holalaravel-main/app/Http/Controllers/ProductoController.php:18)
[stacktrace]
#0 C:/Users/USUARIO/Downloads/laravelProgramacion3/holalaravel-main/vendor/laravel/framework/src/Illuminate/Container/Container.php(1168): App/Http/Controllers/ProductoController->__construct()
#1 C:/Users/USUARIO/Downloads/laravelProgramacion3/holalaravel-main/vendor/laravel/framework/src/Illuminate/Container/Container.php(933): Illuminate/Container/Container->build('App//Http//Contro...')
#2 C:/Users/USUARIO/Downloads/laravelProgramacion3/holalaravel-main/vendor/laravel/framework/src/Illuminate/Foundation/Application.php(1078): Illuminate/Container/Container->resolve('App//Http//Contro...', Array, true)
#3 C:/Users/USUARIO/Downloads/laravelProgramacion3/holalaravel-main/vendor/laravel/framework/src/Illuminate/Container/Container.php(864): Illuminate/Foundation/Application->resolve('App//Http//Contro...', Array)
#4 C:/Users/USUARIO/Downloads/laravelProgramacion3/holalaravel-main/vendor/laravel/framework/src/Illuminate/Foundation/Application.php(1058): Illuminate/Container/Container->make('App//Http//Contro...', Array)
#5 C:/Users/USUARIO/Downloads/laravelProgramacion3/holalaravel-main/vendor/laravel/framework/src/Illuminate/Routing/Route.php(286): Illuminate/Foundation/Application->make('App//Http//Contro...')
#6 C:/Users/USUARIO/Downloads/laravelProgramacion3/holalaravel-main/vendor/laravel/framework/src/Illuminate/Routing/Route.php(266): Illuminate/Routing/Route->getController()
#7 C:/Users/USUARIO/Downloads/laravelProgramacion3/holalaravel-main/vendor/laravel/framework/src/Illuminate/Routing/Route.php(211): Illuminate/Routing/Route->runController()
#8 C:/Users/USUARIO/Downloads/laravelProgramacion3/holalaravel-main/vendor/laravel/framework/src/Illuminate/Routing/Router.php(822): Illuminate/Routing/Route->run()
#9 C:/Users/USUARIO/Downloads/laravelProgramacion3/holalaravel-main/vendor/laravel/framework/src/Illuminate/Pipeline/Pipeline.php(180): Illuminate/Routing/Router->Illuminate/Routing/{closure}(Object(Illuminate/Http/Request))
#10 C:/Users/USUARIO/Downloads/laravelProgramacion3/holalaravel-main/vendor/laravel/framework/src/Illuminate/Routing/Middleware/SubstituteBindings.php(50): Illuminate/Pipeline/Pipeline->Illuminate/Pipeline/{closure}(Object(Illuminate/Http/Request))
#11 C:/Users/USUARIO/Downloads/laravelProgramacion3/holalaravel-main/vendor/laravel/framework/src/Illuminate/Pipeline/Pipeline.php(219): Illuminate/Routing/Middleware/SubstituteBindings->handle(Object(Illuminate/Http/Request), Object(Closure))
#12 C:/Users/USUARIO/Downloads/laravelProgramacion3/holalaravel-main/vendor/laravel/framework/src/Illuminate/Auth/Middleware/Authenticate.php(63): Illuminate/Pipeline/Pipeline->Illuminate/Pipeline/{closure}(Object(Illuminate/Http/Request))
#13 C:/Users/USUARIO/Downloads/laravelProgramacion3/holalaravel-main/vendor/laravel/framework/src/Illuminate/Pipeline/Pipeline.php(219): Illuminate/Auth/Middleware/Authenticate->handle(Object(Illuminate/Http/Request), Object(Closure))
#14 C:/Users/USUARIO/Downloads/laravelProgramacion3/holalaravel-main/vendor/laravel/framework/src/Illuminate/Foundation/Http/Middleware/VerifyCsrfToken.php(87): Illuminate/Pipeline/Pipeline->Illuminate/Pipeline/{closure}(Object(Illuminate/Http/Request))
#15 C:/Users/USUARIO/Downloads/laravelProgramacion3/holalaravel-main/vendor/laravel/framework/src/Illuminate/Pipeline/Pipeline.php(219): Illuminate/Foundation/Http/Middleware/VerifyCsrfToken->handle(Object(Illuminate/Http/Request), Object(Closure))
#16 C:/Users/USUARIO/Downloads/laravelProgramacion3/holalaravel-main/vendor/laravel/framework/src/Illuminate/View/Middleware/ShareErrorsFromSession.php(48): Illuminate/Pipeline/Pipeline->Illuminate/Pipeline/{closure}(Object(Illuminate/Http/Request))
#17 C:/Users/USUARIO/Downloads/laravelProgramacion3/holalaravel-main/vendor/laravel/framework/src/Illuminate/Pipeline/Pipeline.php(219): Illuminate/View/Middleware/ShareErrorsFromSession->handle(Object(Illuminate/Http/Request), Object(Closure))
#18 C:/Users/USUARIO/Downloads/laravelProgramacion3/holalaravel-main/vendor/laravel/framework/src/Illuminate/Session/Middleware/StartSession.php(120): Illuminate/Pipeline/Pipeline->Illuminate/Pipeline/{closure}(Object(Illuminate/Http/Request))
#19 C:/Users/USUARIO/Downloads/laravelProgramacion3/holalaravel-main/vendor/laravel/framework/src/Illuminate/Session/Middleware/StartSession.php(63): Illuminate/Session/Middleware/StartSession->handleStatefulRequest(Object(Illuminate/Http/Request), Object(Illuminate/Session/Store), Object(Closure))
#20 C:/Users/USUARIO/Downloads/laravelProgramacion3/holalaravel-main/vendor/laravel/framework/src/Illuminate/Pipeline/Pipeline.php(219): Illuminate/Session/Middleware/StartSession->handle(Object(Illuminate/Http/Request), Object(Closure))
#21 C:/Users/USUARIO/Downloads/laravelProgramacion3/holalaravel-main/vendor/laravel/framework/src/Illuminate/Cookie/Middleware/AddQueuedCookiesToResponse.php(36): Illuminate/Pipeline/Pipeline->Illuminate/Pipeline/{closure}(Object(Illuminate/Http/Request))
#22 C:/Users/USUARIO/Downloads/laravelProgramacion3/holalaravel-main/vendor/laravel/framework/src/Illuminate/Pipeline/Pipeline.php(219): Illuminate/Cookie/Middleware/AddQueuedCookiesToResponse->handle(Object(Illuminate/Http/Request), Object(Closure))
#23 C:/Users/USUARIO/Downloads/laravelProgramacion3/holalaravel-main/vendor/laravel/framework/src/Illuminate/Cookie/Middleware/EncryptCookies.php(74): Illuminate/Pipeline/Pipeline->Illuminate/Pipeline/{closure}(Object(Illuminate/Http/Request))
#24 C:/Users/USUARIO/Downloads/laravelProgramacion3/holalaravel-main/vendor/laravel/framework/src/Illuminate/Pipeline/Pipeline.php(219): Illuminate/Cookie/Middleware/EncryptCookies->handle(Object(Illuminate/Http/Request), Object(Closure))
#25 C:/Users/USUARIO/Downloads/laravelProgramacion3/holalaravel-main/vendor/laravel/framework/src/Illuminate/Pipeline/Pipeline.php(137): Illuminate/Pipeline/Pipeline->Illuminate/Pipeline/{closure}(Object(Illuminate/Http/Request))
#26 C:/Users/USUARIO/Downloads/laravelProgramacion3/holalaravel-main/vendor/laravel/framework/src/Illuminate/Routing/Router.php(821): Illuminate/Pipeline/Pipeline->then(Object(Closure))
#27 C:/Users/USUARIO/Downloads/laravelProgramacion3/holalaravel-main/vendor/laravel/framework/src/Illuminate/Routing/Router.php(800): Illuminate/Routing/Router->runRouteWithinStack(Object(Illuminate/Routing/Route), Object(Illuminate/Http/Request))
#28 C:/Users/USUARIO/Downloads/laravelProgramacion3/holalaravel-main/vendor/laravel/framework/src/Illuminate/Routing/Router.php(764): Illuminate/Routing/Router->runRoute(Object(Illuminate/Http/Request), Object(Illuminate/Routing/Route))
#29 C:/Users/USUARIO/Downloads/laravelProgramacion3/holalaravel-main/vendor/laravel/framework/src/Illuminate/Routing/Router.php(753): Illuminate/Routing/Router->dispatchToRoute(Object(Illuminate/Http/Request))
#30 C:/Users/USUARIO/Downloads/laravelProgramacion3/holalaravel-main/vendor/laravel/framework/src/Illuminate/Foundation/Http/Kernel.php(200): Illuminate/Routing/Router->dispatch(Object(Illuminate/Http/Request))
#31 C:/Users/USUARIO/Downloads/laravelProgramacion3/holalaravel-main/vendor/laravel/framework/src/Illuminate/Pipeline/Pipeline.php(180): Illuminate/Foundation/Http/Kernel->Illuminate/Foundation/Http/{closure}(Object(Illuminate/Http/Request))
#32 C:/Users/USUARIO/Downloads/laravelProgramacion3/holalaravel-main/vendor/laravel/framework/src/Illuminate/Foundation/Http/Middleware/TransformsRequest.php(21): Illuminate/Pipeline/Pipeline->Illuminate/Pipeline/{closure}(Object(Illuminate/Http/Request))
#33 C:/Users/USUARIO/Downloads/laravelProgramacion3/holalaravel-main/vendor/laravel/framework/src/Illuminate/Foundation/Http/Middleware/ConvertEmptyStringsToNull.php(31): Illuminate/Foundation/Http/Middleware/TransformsRequest->handle(Object(Illuminate/Http/Request), Object(Closure))
#34 C:/Users/USUARIO/Downloads/laravelProgramacion3/holalaravel-main/vendor/laravel/framework/src/Illuminate/Pipeline/Pipeline.php(219): Illuminate/Foundation/Http/Middleware/ConvertEmptyStringsToNull->handle(Object(Illuminate/Http/Request), Object(Closure))
#35 C:/Users/USUARIO/Downloads/laravelProgramacion3/holalaravel-main/vendor/laravel/framework/src/Illuminate/Foundation/Http/Middleware/TransformsRequest.php(21): Illuminate/Pipeline/Pipeline->Illuminate/Pipeline/{closure}(Object(Illuminate/Http/Request))
#36 C:/Users/USUARIO/Downloads/laravelProgramacion3/holalaravel-main/vendor/laravel/framework/src/Illuminate/Foundation/Http/Middleware/TrimStrings.php(51): Illuminate/Foundation/Http/Middleware/TransformsRequest->handle(Object(Illuminate/Http/Request), Object(Closure))
#37 C:/Users/USUARIO/Downloads/laravelProgramacion3/holalaravel-main/vendor/laravel/framework/src/Illuminate/Pipeline/Pipeline.php(219): Illuminate/Foundation/Http/Middleware/TrimStrings->handle(Object(Illuminate/Http/Request), Object(Closure))
#38 C:/Users/USUARIO/Downloads/laravelProgramacion3/holalaravel-main/vendor/laravel/framework/src/Illuminate/Http/Middleware/ValidatePostSize.php(27): Illuminate/Pipeline/Pipeline->Illuminate/Pipeline/{closure}(Object(Illuminate/Http/Request))
#39 C:/Users/USUARIO/Downloads/laravelProgramacion3/holalaravel-main/vendor/laravel/framework/src/Illuminate/Pipeline/Pipeline.php(219): Illuminate/Http/Middleware/ValidatePostSize->handle(Object(Illuminate/Http/Request), Object(Closure))
#40 C:/Users/USUARIO/Downloads/laravelProgramacion3/holalaravel-main/vendor/laravel/framework/src/Illuminate/Foundation/Http/Middleware/PreventRequestsDuringMaintenance.php(109): Illuminate/Pipeline/Pipeline->Illuminate/Pipeline/{closure}(Object(Illuminate/Http/Request))
#41 C:/Users/USUARIO/Downloads/laravelProgramacion3/holalaravel-main/vendor/laravel/framework/src/Illuminate/Pipeline/Pipeline.php(219): Illuminate/Foundation/Http/Middleware/PreventRequestsDuringMaintenance->handle(Object(Illuminate/Http/Request), Object(Closure))
#42 C:/Users/USUARIO/Downloads/laravelProgramacion3/holalaravel-main/vendor/laravel/framework/src/Illuminate/Http/Middleware/HandleCors.php(61): Illuminate/Pipeline/Pipeline->Illuminate/Pipeline/{closure}(Object(Illuminate/Http/Request))
#43 C:/Users/USUARIO/Downloads/laravelProgramacion3/holalaravel-main/vendor/laravel/framework/src/Illuminate/Pipeline/Pipeline.php(219): Illuminate/Http/Middleware/HandleCors->handle(Object(Illuminate/Http/Request), Object(Closure))
#44 C:/Users/USUARIO/Downloads/laravelProgramacion3/holalaravel-main/vendor/laravel/framework/src/Illuminate/Http/Middleware/TrustProxies.php(58): Illuminate/Pipeline/Pipeline->Illuminate/Pipeline/{closure}(Object(Illuminate/Http/Request))
#45 C:/Users/USUARIO/Downloads/laravelProgramacion3/holalaravel-main/vendor/laravel/framework/src/Illuminate/Pipeline/Pipeline.php(219): Illuminate/Http/Middleware/TrustProxies->handle(Object(Illuminate/Http/Request), Object(Closure))
#46 C:/Users/USUARIO/Downloads/laravelProgramacion3/holalaravel-main/vendor/laravel/framework/src/Illuminate/Foundation/Http/Middleware/InvokeDeferredCallbacks.php(22): Illuminate/Pipeline/Pipeline->Illuminate/Pipeline/{closure}(Object(Illuminate/Http/Request))
#47 C:/Users/USUARIO/Downloads/laravelProgramacion3/holalaravel-main/vendor/laravel/framework/src/Illuminate/Pipeline/Pipeline.php(219): Illuminate/Foundation/Http/Middleware/InvokeDeferredCallbacks->handle(Object(Illuminate/Http/Request), Object(Closure))
#48 C:/Users/USUARIO/Downloads/laravelProgramacion3/holalaravel-main/vendor/laravel/framework/src/Illuminate/Http/Middleware/ValidatePathEncoding.php(26): Illuminate/Pipeline/Pipeline->Illuminate/Pipeline/{closure}(Object(Illuminate/Http/Request))
#49 C:/Users/USUARIO/Downloads/laravelProgramacion3/holalaravel-main/vendor/laravel/framework/src/Illuminate/Pipeline/Pipeline.php(219): Illuminate/Http/Middleware/ValidatePathEncoding->handle(Object(Illuminate/Http/Request), Object(Closure))
#50 C:/Users/USUARIO/Downloads/laravelProgramacion3/holalaravel-main/vendor/laravel/framework/src/Illuminate/Pipeline/Pipeline.php(137): Illuminate/Pipeline/Pipeline->Illuminate/Pipeline/{closure}(Object(Illuminate/Http/Request))
#51 C:/Users/USUARIO/Downloads/laravelProgramacion3/holalaravel-main/vendor/laravel/framework/src/Illuminate/Foundation/Http/Kernel.php(175): Illuminate/Pipeline/Pipeline->then(Object(Closure))
#52 C:/Users/USUARIO/Downloads/laravelProgramacion3/holalaravel-main/vendor/laravel/framework/src/Illuminate/Foundation/Http/Kernel.php(144): Illuminate/Foundation/Http/Kernel->sendRequestThroughRouter(Object(Illuminate/Http/Request))
#53 C:/Users/USUARIO/Downloads/laravelProgramacion3/holalaravel-main/vendor/laravel/framework/src/Illuminate/Foundation/Application.php(1220): Illuminate/Foundation/Http/Kernel->handle(Object(Illuminate/Http/Request))
#54 C:/Users/USUARIO/Downloads/laravelProgramacion3/holalaravel-main/public/index.php(20): Illuminate/Foundation/Application->handleRequest(Object(Illuminate/Http/Request))
#55 C:/Users/USUARIO/Downloads/laravelProgramacion3/holalaravel-main/vendor/laravel/framework/src/Illuminate/Foundation/resources/server.php(23): require_once('C://Users//USUARI...')
#56 {main}
"} 
[2026-04-14 01:31:16] local.ERROR: Method App\Http\Controllers\ProductoController::pdf does not exist. {"userId":2,"exception":"[object] (BadMethodCallException(code: 0): Method App\\Http\\Controllers\\ProductoController::pdf does not exist. at C:/Users/USUARIO/Downloads/laravelProgramacion3/holalaravel-main/vendor/laravel/framework/src/Illuminate/Routing/Controller.php:68)
[stacktrace]
#0 C:/Users/USUARIO/Downloads/laravelProgramacion3/holalaravel-main/vendor/laravel/framework/src/Illuminate/Routing/Controller.php(54): Illuminate/Routing/Controller->__call('pdf', Array)
#1 C:/Users/USUARIO/Downloads/laravelProgramacion3/holalaravel-main/vendor/laravel/framework/src/Illuminate/Routing/ControllerDispatcher.php(43): Illuminate/Routing/Controller->callAction('pdf', Array)
#2 C:/Users/USUARIO/Downloads/laravelProgramacion3/holalaravel-main/vendor/laravel/framework/src/Illuminate/Routing/Route.php(265): Illuminate/Routing/ControllerDispatcher->dispatch(Object(Illuminate/Routing/Route), Object(App/Http/Controllers/ProductoController), 'pdf')
#3 C:/Users/USUARIO/Downloads/laravelProgramacion3/holalaravel-main/vendor/laravel/framework/src/Illuminate/Routing/Route.php(211): Illuminate/Routing/Route->runController()
#4 C:/Users/USUARIO/Downloads/laravelProgramacion3/holalaravel-main/vendor/laravel/framework/src/Illuminate/Routing/Router.php(822): Illuminate/Routing/Route->run()
#5 C:/Users/USUARIO/Downloads/laravelProgramacion3/holalaravel-main/vendor/laravel/framework/src/Illuminate/Pipeline/Pipeline.php(180): Illuminate/Routing/Router->Illuminate/Routing/{closure}(Object(Illuminate/Http/Request))
#6 C:/Users/USUARIO/Downloads/laravelProgramacion3/holalaravel-main/vendor/laravel/framework/src/Illuminate/Routing/Middleware/SubstituteBindings.php(50): Illuminate/Pipeline/Pipeline->Illuminate/Pipeline/{closure}(Object(Illuminate/Http/Request))
#7 C:/Users/USUARIO/Downloads/laravelProgramacion3/holalaravel-main/vendor/laravel/framework/src/Illuminate/Pipeline/Pipeline.php(219): Illuminate/Routing/Middleware/SubstituteBindings->handle(Object(Illuminate/Http/Request), Object(Closure))
#8 C:/Users/USUARIO/Downloads/laravelProgramacion3/holalaravel-main/vendor/laravel/framework/src/Illuminate/Auth/Middleware/Authenticate.php(63): Illuminate/Pipeline/Pipeline->Illuminate/Pipeline/{closure}(Object(Illuminate/Http/Request))
#9 C:/Users/USUARIO/Downloads/laravelProgramacion3/holalaravel-main/vendor/laravel/framework/src/Illuminate/Pipeline/Pipeline.php(219): Illuminate/Auth/Middleware/Authenticate->handle(Object(Illuminate/Http/Request), Object(Closure))
#10 C:/Users/USUARIO/Downloads/laravelProgramacion3/holalaravel-main/vendor/laravel/framework/src/Illuminate/Foundation/Http/Middleware/VerifyCsrfToken.php(87): Illuminate/Pipeline/Pipeline->Illuminate/Pipeline/{closure}(Object(Illuminate/Http/Request))
#11 C:/Users/USUARIO/Downloads/laravelProgramacion3/holalaravel-main/vendor/laravel/framework/src/Illuminate/Pipeline/Pipeline.php(219): Illuminate/Foundation/Http/Middleware/VerifyCsrfToken->handle(Object(Illuminate/Http/Request), Object(Closure))
#12 C:/Users/USUARIO/Downloads/laravelProgramacion3/holalaravel-main/vendor/laravel/framework/src/Illuminate/View/Middleware/ShareErrorsFromSession.php(48): Illuminate/Pipeline/Pipeline->Illuminate/Pipeline/{closure}(Object(Illuminate/Http/Request))
#13 C:/Users/USUARIO/Downloads/laravelProgramacion3/holalaravel-main/vendor/laravel/framework/src/Illuminate/Pipeline/Pipeline.php(219): Illuminate/View/Middleware/ShareErrorsFromSession->handle(Object(Illuminate/Http/Request), Object(Closure))
#14 C:/Users/USUARIO/Downloads/laravelProgramacion3/holalaravel-main/vendor/laravel/framework/src/Illuminate/Session/Middleware/StartSession.php(120): Illuminate/Pipeline/Pipeline->Illuminate/Pipeline/{closure}(Object(Illuminate/Http/Request))
#15 C:/Users/USUARIO/Downloads/laravelProgramacion3/holalaravel-main/vendor/laravel/framework/src/Illuminate/Session/Middleware/StartSession.php(63): Illuminate/Session/Middleware/StartSession->handleStatefulRequest(Object(Illuminate/Http/Request), Object(Illuminate/Session/Store), Object(Closure))
#16 C:/Users/USUARIO/Downloads/laravelProgramacion3/holalaravel-main/vendor/laravel/framework/src/Illuminate/Pipeline/Pipeline.php(219): Illuminate/Session/Middleware/StartSession->handle(Object(Illuminate/Http/Request), Object(Closure))
#17 C:/Users/USUARIO/Downloads/laravelProgramacion3/holalaravel-main/vendor/laravel/framework/src/Illuminate/Cookie/Middleware/AddQueuedCookiesToResponse.php(36): Illuminate/Pipeline/Pipeline->Illuminate/Pipeline/{closure}(Object(Illuminate/Http/Request))
#18 C:/Users/USUARIO/Downloads/laravelProgramacion3/holalaravel-main/vendor/laravel/framework/src/Illuminate/Pipeline/Pipeline.php(219): Illuminate/Cookie/Middleware/AddQueuedCookiesToResponse->handle(Object(Illuminate/Http/Request), Object(Closure))
#19 C:/Users/USUARIO/Downloads/laravelProgramacion3/holalaravel-main/vendor/laravel/framework/src/Illuminate/Cookie/Middleware/EncryptCookies.php(74): Illuminate/Pipeline/Pipeline->Illuminate/Pipeline/{closure}(Object(Illuminate/Http/Request))
#20 C:/Users/USUARIO/Downloads/laravelProgramacion3/holalaravel-main/vendor/laravel/framework/src/Illuminate/Pipeline/Pipeline.php(219): Illuminate/Cookie/Middleware/EncryptCookies->handle(Object(Illuminate/Http/Request), Object(Closure))
#21 C:/Users/USUARIO/Downloads/laravelProgramacion3/holalaravel-main/vendor/laravel/framework/src/Illuminate/Pipeline/Pipeline.php(137): Illuminate/Pipeline/Pipeline->Illuminate/Pipeline/{closure}(Object(Illuminate/Http/Request))
#22 C:/Users/USUARIO/Downloads/laravelProgramacion3/holalaravel-main/vendor/laravel/framework/src/Illuminate/Routing/Router.php(821): Illuminate/Pipeline/Pipeline->then(Object(Closure))
#23 C:/Users/USUARIO/Downloads/laravelProgramacion3/holalaravel-main/vendor/laravel/framework/src/Illuminate/Routing/Router.php(800): Illuminate/Routing/Router->runRouteWithinStack(Object(Illuminate/Routing/Route), Object(Illuminate/Http/Request))
#24 C:/Users/USUARIO/Downloads/laravelProgramacion3/holalaravel-main/vendor/laravel/framework/src/Illuminate/Routing/Router.php(764): Illuminate/Routing/Router->runRoute(Object(Illuminate/Http/Request), Object(Illuminate/Routing/Route))
#25 C:/Users/USUARIO/Downloads/laravelProgramacion3/holalaravel-main/vendor/laravel/framework/src/Illuminate/Routing/Router.php(753): Illuminate/Routing/Router->dispatchToRoute(Object(Illuminate/Http/Request))
#26 C:/Users/USUARIO/Downloads/laravelProgramacion3/holalaravel-main/vendor/laravel/framework/src/Illuminate/Foundation/Http/Kernel.php(200): Illuminate/Routing/Router->dispatch(Object(Illuminate/Http/Request))
#27 C:/Users/USUARIO/Downloads/laravelProgramacion3/holalaravel-main/vendor/laravel/framework/src/Illuminate/Pipeline/Pipeline.php(180): Illuminate/Foundation/Http/Kernel->Illuminate/Foundation/Http/{closure}(Object(Illuminate/Http/Request))
#28 C:/Users/USUARIO/Downloads/laravelProgramacion3/holalaravel-main/vendor/laravel/framework/src/Illuminate/Foundation/Http/Middleware/TransformsRequest.php(21): Illuminate/Pipeline/Pipeline->Illuminate/Pipeline/{closure}(Object(Illuminate/Http/Request))
#29 C:/Users/USUARIO/Downloads/laravelProgramacion3/holalaravel-main/vendor/laravel/framework/src/Illuminate/Foundation/Http/Middleware/ConvertEmptyStringsToNull.php(31): Illuminate/Foundation/Http/Middleware/TransformsRequest->handle(Object(Illuminate/Http/Request), Object(Closure))
#30 C:/Users/USUARIO/Downloads/laravelProgramacion3/holalaravel-main/vendor/laravel/framework/src/Illuminate/Pipeline/Pipeline.php(219): Illuminate/Foundation/Http/Middleware/ConvertEmptyStringsToNull->handle(Object(Illuminate/Http/Request), Object(Closure))
#31 C:/Users/USUARIO/Downloads/laravelProgramacion3/holalaravel-main/vendor/laravel/framework/src/Illuminate/Foundation/Http/Middleware/TransformsRequest.php(21): Illuminate/Pipeline/Pipeline->Illuminate/Pipeline/{closure}(Object(Illuminate/Http/Request))
#32 C:/Users/USUARIO/Downloads/laravelProgramacion3/holalaravel-main/vendor/laravel/framework/src/Illuminate/Foundation/Http/Middleware/TrimStrings.php(51): Illuminate/Foundation/Http/Middleware/TransformsRequest->handle(Object(Illuminate/Http/Request), Object(Closure))
#33 C:/Users/USUARIO/Downloads/laravelProgramacion3/holalaravel-main/vendor/laravel/framework/src/Illuminate/Pipeline/Pipeline.php(219): Illuminate/Foundation/Http/Middleware/TrimStrings->handle(Object(Illuminate/Http/Request), Object(Closure))
#34 C:/Users/USUARIO/Downloads/laravelProgramacion3/holalaravel-main/vendor/laravel/framework/src/Illuminate/Http/Middleware/ValidatePostSize.php(27): Illuminate/Pipeline/Pipeline->Illuminate/Pipeline/{closure}(Object(Illuminate/Http/Request))
#35 C:/Users/USUARIO/Downloads/laravelProgramacion3/holalaravel-main/vendor/laravel/framework/src/Illuminate/Pipeline/Pipeline.php(219): Illuminate/Http/Middleware/ValidatePostSize->handle(Object(Illuminate/Http/Request), Object(Closure))
#36 C:/Users/USUARIO/Downloads/laravelProgramacion3/holalaravel-main/vendor/laravel/framework/src/Illuminate/Foundation/Http/Middleware/PreventRequestsDuringMaintenance.php(109): Illuminate/Pipeline/Pipeline->Illuminate/Pipeline/{closure}(Object(Illuminate/Http/Request))
#37 C:/Users/USUARIO/Downloads/laravelProgramacion3/holalaravel-main/vendor/laravel/framework/src/Illuminate/Pipeline/Pipeline.php(219): Illuminate/Foundation/Http/Middleware/PreventRequestsDuringMaintenance->handle(Object(Illuminate/Http/Request), Object(Closure))
#38 C:/Users/USUARIO/Downloads/laravelProgramacion3/holalaravel-main/vendor/laravel/framework/src/Illuminate/Http/Middleware/HandleCors.php(61): Illuminate/Pipeline/Pipeline->Illuminate/Pipeline/{closure}(Object(Illuminate/Http/Request))
#39 C:/Users/USUARIO/Downloads/laravelProgramacion3/holalaravel-main/vendor/laravel/framework/src/Illuminate/Pipeline/Pipeline.php(219): Illuminate/Http/Middleware/HandleCors->handle(Object(Illuminate/Http/Request), Object(Closure))
#40 C:/Users/USUARIO/Downloads/laravelProgramacion3/holalaravel-main/vendor/laravel/framework/src/Illuminate/Http/Middleware/TrustProxies.php(58): Illuminate/Pipeline/Pipeline->Illuminate/Pipeline/{closure}(Object(Illuminate/Http/Request))
#41 C:/Users/USUARIO/Downloads/laravelProgramacion3/holalaravel-main/vendor/laravel/framework/src/Illuminate/Pipeline/Pipeline.php(219): Illuminate/Http/Middleware/TrustProxies->handle(Object(Illuminate/Http/Request), Object(Closure))
#42 C:/Users/USUARIO/Downloads/laravelProgramacion3/holalaravel-main/vendor/laravel/framework/src/Illuminate/Foundation/Http/Middleware/InvokeDeferredCallbacks.php(22): Illuminate/Pipeline/Pipeline->Illuminate/Pipeline/{closure}(Object(Illuminate/Http/Request))
#43 C:/Users/USUARIO/Downloads/laravelProgramacion3/holalaravel-main/vendor/laravel/framework/src/Illuminate/Pipeline/Pipeline.php(219): Illuminate/Foundation/Http/Middleware/InvokeDeferredCallbacks->handle(Object(Illuminate/Http/Request), Object(Closure))
#44 C:/Users/USUARIO/Downloads/laravelProgramacion3/holalaravel-main/vendor/laravel/framework/src/Illuminate/Http/Middleware/ValidatePathEncoding.php(26): Illuminate/Pipeline/Pipeline->Illuminate/Pipeline/{closure}(Object(Illuminate/Http/Request))
#45 C:/Users/USUARIO/Downloads/laravelProgramacion3/holalaravel-main/vendor/laravel/framework/src/Illuminate/Pipeline/Pipeline.php(219): Illuminate/Http/Middleware/ValidatePathEncoding->handle(Object(Illuminate/Http/Request), Object(Closure))
#46 C:/Users/USUARIO/Downloads/laravelProgramacion3/holalaravel-main/vendor/laravel/framework/src/Illuminate/Pipeline/Pipeline.php(137): Illuminate/Pipeline/Pipeline->Illuminate/Pipeline/{closure}(Object(Illuminate/Http/Request))
#47 C:/Users/USUARIO/Downloads/laravelProgramacion3/holalaravel-main/vendor/laravel/framework/src/Illuminate/Foundation/Http/Kernel.php(175): Illuminate/Pipeline/Pipeline->then(Object(Closure))
#48 C:/Users/USUARIO/Downloads/laravelProgramacion3/holalaravel-main/vendor/laravel/framework/src/Illuminate/Foundation/Http/Kernel.php(144): Illuminate/Foundation/Http/Kernel->sendRequestThroughRouter(Object(Illuminate/Http/Request))
#49 C:/Users/USUARIO/Downloads/laravelProgramacion3/holalaravel-main/vendor/laravel/framework/src/Illuminate/Foundation/Application.php(1220): Illuminate/Foundation/Http/Kernel->handle(Object(Illuminate/Http/Request))
#50 C:/Users/USUARIO/Downloads/laravelProgramacion3/holalaravel-main/public/index.php(20): Illuminate/Foundation/Application->handleRequest(Object(Illuminate/Http/Request))
#51 C:/Users/USUARIO/Downloads/laravelProgramacion3/holalaravel-main/vendor/laravel/framework/src/Illuminate/Foundation/resources/server.php(23): require_once('C://Users//USUARI...')
#52 {main}
"} 
[2026-04-14 01:31:55] local.ERROR: View [producto.pdf] not found. {"userId":2,"exception":"[object] (InvalidArgumentException(code: 0): View [producto.pdf] not found. at C:/Users/USUARIO/Downloads/laravelProgramacion3/holalaravel-main/vendor/laravel/framework/src/Illuminate/View/FileViewFinder.php:138)
[stacktrace]
#0 C:/Users/USUARIO/Downloads/laravelProgramacion3/holalaravel-main/vendor/laravel/framework/src/Illuminate/View/FileViewFinder.php(78): Illuminate/View/FileViewFinder->findInPaths('producto.pdf', Array)
#1 C:/Users/USUARIO/Downloads/laravelProgramacion3/holalaravel-main/vendor/laravel/framework/src/Illuminate/View/Factory.php(150): Illuminate/View/FileViewFinder->find('producto.pdf')
#2 C:/Users/USUARIO/Downloads/laravelProgramacion3/holalaravel-main/vendor/barryvdh/laravel-dompdf/src/PDF.php(142): Illuminate/View/Factory->make('producto.pdf', Array, Array)
#3 C:/Users/USUARIO/Downloads/laravelProgramacion3/holalaravel-main/vendor/barryvdh/laravel-dompdf/src/Facade/Pdf.php(66): Barryvdh/DomPDF/PDF->loadView('producto.pdf', Array)
#4 C:/Users/USUARIO/Downloads/laravelProgramacion3/holalaravel-main/app/Http/Controllers/ProductoController.php(38): Barryvdh/DomPDF/Facade/Pdf::__callStatic('loadView', Array)
#5 C:/Users/USUARIO/Downloads/laravelProgramacion3/holalaravel-main/vendor/laravel/framework/src/Illuminate/Routing/Controller.php(54): App/Http/Controllers/ProductoController->pdf(Object(Illuminate/Http/Request))
#6 C:/Users/USUARIO/Downloads/laravelProgramacion3/holalaravel-main/vendor/laravel/framework/src/Illuminate/Routing/ControllerDispatcher.php(43): Illuminate/Routing/Controller->callAction('pdf', Array)
#7 C:/Users/USUARIO/Downloads/laravelProgramacion3/holalaravel-main/vendor/laravel/framework/src/Illuminate/Routing/Route.php(265): Illuminate/Routing/ControllerDispatcher->dispatch(Object(Illuminate/Routing/Route), Object(App/Http/Controllers/ProductoController), 'pdf')
#8 C:/Users/USUARIO/Downloads/laravelProgramacion3/holalaravel-main/vendor/laravel/framework/src/Illuminate/Routing/Route.php(211): Illuminate/Routing/Route->runController()
#9 C:/Users/USUARIO/Downloads/laravelProgramacion3/holalaravel-main/vendor/laravel/framework/src/Illuminate/Routing/Router.php(822): Illuminate/Routing/Route->run()
#10 C:/Users/USUARIO/Downloads/laravelProgramacion3/holalaravel-main/vendor/laravel/framework/src/Illuminate/Pipeline/Pipeline.php(180): Illuminate/Routing/Router->Illuminate/Routing/{closure}(Object(Illuminate/Http/Request))
#11 C:/Users/USUARIO/Downloads/laravelProgramacion3/holalaravel-main/vendor/laravel/framework/src/Illuminate/Routing/Middleware/SubstituteBindings.php(50): Illuminate/Pipeline/Pipeline->Illuminate/Pipeline/{closure}(Object(Illuminate/Http/Request))
#12 C:/Users/USUARIO/Downloads/laravelProgramacion3/holalaravel-main/vendor/laravel/framework/src/Illuminate/Pipeline/Pipeline.php(219): Illuminate/Routing/Middleware/SubstituteBindings->handle(Object(Illuminate/Http/Request), Object(Closure))
#13 C:/Users/USUARIO/Downloads/laravelProgramacion3/holalaravel-main/vendor/laravel/framework/src/Illuminate/Auth/Middleware/Authenticate.php(63): Illuminate/Pipeline/Pipeline->Illuminate/Pipeline/{closure}(Object(Illuminate/Http/Request))
#14 C:/Users/USUARIO/Downloads/laravelProgramacion3/holalaravel-main/vendor/laravel/framework/src/Illuminate/Pipeline/Pipeline.php(219): Illuminate/Auth/Middleware/Authenticate->handle(Object(Illuminate/Http/Request), Object(Closure))
#15 C:/Users/USUARIO/Downloads/laravelProgramacion3/holalaravel-main/vendor/laravel/framework/src/Illuminate/Foundation/Http/Middleware/VerifyCsrfToken.php(87): Illuminate/Pipeline/Pipeline->Illuminate/Pipeline/{closure}(Object(Illuminate/Http/Request))
#16 C:/Users/USUARIO/Downloads/laravelProgramacion3/holalaravel-main/vendor/laravel/framework/src/Illuminate/Pipeline/Pipeline.php(219): Illuminate/Foundation/Http/Middleware/VerifyCsrfToken->handle(Object(Illuminate/Http/Request), Object(Closure))
#17 C:/Users/USUARIO/Downloads/laravelProgramacion3/holalaravel-main/vendor/laravel/framework/src/Illuminate/View/Middleware/ShareErrorsFromSession.php(48): Illuminate/Pipeline/Pipeline->Illuminate/Pipeline/{closure}(Object(Illuminate/Http/Request))
#18 C:/Users/USUARIO/Downloads/laravelProgramacion3/holalaravel-main/vendor/laravel/framework/src/Illuminate/Pipeline/Pipeline.php(219): Illuminate/View/Middleware/ShareErrorsFromSession->handle(Object(Illuminate/Http/Request), Object(Closure))
#19 C:/Users/USUARIO/Downloads/laravelProgramacion3/holalaravel-main/vendor/laravel/framework/src/Illuminate/Session/Middleware/StartSession.php(120): Illuminate/Pipeline/Pipeline->Illuminate/Pipeline/{closure}(Object(Illuminate/Http/Request))
#20 C:/Users/USUARIO/Downloads/laravelProgramacion3/holalaravel-main/vendor/laravel/framework/src/Illuminate/Session/Middleware/StartSession.php(63): Illuminate/Session/Middleware/StartSession->handleStatefulRequest(Object(Illuminate/Http/Request), Object(Illuminate/Session/Store), Object(Closure))
#21 C:/Users/USUARIO/Downloads/laravelProgramacion3/holalaravel-main/vendor/laravel/framework/src/Illuminate/Pipeline/Pipeline.php(219): Illuminate/Session/Middleware/StartSession->handle(Object(Illuminate/Http/Request), Object(Closure))
#22 C:/Users/USUARIO/Downloads/laravelProgramacion3/holalaravel-main/vendor/laravel/framework/src/Illuminate/Cookie/Middleware/AddQueuedCookiesToResponse.php(36): Illuminate/Pipeline/Pipeline->Illuminate/Pipeline/{closure}(Object(Illuminate/Http/Request))
#23 C:/Users/USUARIO/Downloads/laravelProgramacion3/holalaravel-main/vendor/laravel/framework/src/Illuminate/Pipeline/Pipeline.php(219): Illuminate/Cookie/Middleware/AddQueuedCookiesToResponse->handle(Object(Illuminate/Http/Request), Object(Closure))
#24 C:/Users/USUARIO/Downloads/laravelProgramacion3/holalaravel-main/vendor/laravel/framework/src/Illuminate/Cookie/Middleware/EncryptCookies.php(74): Illuminate/Pipeline/Pipeline->Illuminate/Pipeline/{closure}(Object(Illuminate/Http/Request))
#25 C:/Users/USUARIO/Downloads/laravelProgramacion3/holalaravel-main/vendor/laravel/framework/src/Illuminate/Pipeline/Pipeline.php(219): Illuminate/Cookie/Middleware/EncryptCookies->handle(Object(Illuminate/Http/Request), Object(Closure))
#26 C:/Users/USUARIO/Downloads/laravelProgramacion3/holalaravel-main/vendor/laravel/framework/src/Illuminate/Pipeline/Pipeline.php(137): Illuminate/Pipeline/Pipeline->Illuminate/Pipeline/{closure}(Object(Illuminate/Http/Request))
#27 C:/Users/USUARIO/Downloads/laravelProgramacion3/holalaravel-main/vendor/laravel/framework/src/Illuminate/Routing/Router.php(821): Illuminate/Pipeline/Pipeline->then(Object(Closure))
#28 C:/Users/USUARIO/Downloads/laravelProgramacion3/holalaravel-main/vendor/laravel/framework/src/Illuminate/Routing/Router.php(800): Illuminate/Routing/Router->runRouteWithinStack(Object(Illuminate/Routing/Route), Object(Illuminate/Http/Request))
#29 C:/Users/USUARIO/Downloads/laravelProgramacion3/holalaravel-main/vendor/laravel/framework/src/Illuminate/Routing/Router.php(764): Illuminate/Routing/Router->runRoute(Object(Illuminate/Http/Request), Object(Illuminate/Routing/Route))
#30 C:/Users/USUARIO/Downloads/laravelProgramacion3/holalaravel-main/vendor/laravel/framework/src/Illuminate/Routing/Router.php(753): Illuminate/Routing/Router->dispatchToRoute(Object(Illuminate/Http/Request))
#31 C:/Users/USUARIO/Downloads/laravelProgramacion3/holalaravel-main/vendor/laravel/framework/src/Illuminate/Foundation/Http/Kernel.php(200): Illuminate/Routing/Router->dispatch(Object(Illuminate/Http/Request))
#32 C:/Users/USUARIO/Downloads/laravelProgramacion3/holalaravel-main/vendor/laravel/framework/src/Illuminate/Pipeline/Pipeline.php(180): Illuminate/Foundation/Http/Kernel->Illuminate/Foundation/Http/{closure}(Object(Illuminate/Http/Request))
#33 C:/Users/USUARIO/Downloads/laravelProgramacion3/holalaravel-main/vendor/laravel/framework/src/Illuminate/Foundation/Http/Middleware/TransformsRequest.php(21): Illuminate/Pipeline/Pipeline->Illuminate/Pipeline/{closure}(Object(Illuminate/Http/Request))
#34 C:/Users/USUARIO/Downloads/laravelProgramacion3/holalaravel-main/vendor/laravel/framework/src/Illuminate/Foundation/Http/Middleware/ConvertEmptyStringsToNull.php(31): Illuminate/Foundation/Http/Middleware/TransformsRequest->handle(Object(Illuminate/Http/Request), Object(Closure))
#35 C:/Users/USUARIO/Downloads/laravelProgramacion3/holalaravel-main/vendor/laravel/framework/src/Illuminate/Pipeline/Pipeline.php(219): Illuminate/Foundation/Http/Middleware/ConvertEmptyStringsToNull->handle(Object(Illuminate/Http/Request), Object(Closure))
#36 C:/Users/USUARIO/Downloads/laravelProgramacion3/holalaravel-main/vendor/laravel/framework/src/Illuminate/Foundation/Http/Middleware/TransformsRequest.php(21): Illuminate/Pipeline/Pipeline->Illuminate/Pipeline/{closure}(Object(Illuminate/Http/Request))
#37 C:/Users/USUARIO/Downloads/laravelProgramacion3/holalaravel-main/vendor/laravel/framework/src/Illuminate/Foundation/Http/Middleware/TrimStrings.php(51): Illuminate/Foundation/Http/Middleware/TransformsRequest->handle(Object(Illuminate/Http/Request), Object(Closure))
#38 C:/Users/USUARIO/Downloads/laravelProgramacion3/holalaravel-main/vendor/laravel/framework/src/Illuminate/Pipeline/Pipeline.php(219): Illuminate/Foundation/Http/Middleware/TrimStrings->handle(Object(Illuminate/Http/Request), Object(Closure))
#39 C:/Users/USUARIO/Downloads/laravelProgramacion3/holalaravel-main/vendor/laravel/framework/src/Illuminate/Http/Middleware/ValidatePostSize.php(27): Illuminate/Pipeline/Pipeline->Illuminate/Pipeline/{closure}(Object(Illuminate/Http/Request))
#40 C:/Users/USUARIO/Downloads/laravelProgramacion3/holalaravel-main/vendor/laravel/framework/src/Illuminate/Pipeline/Pipeline.php(219): Illuminate/Http/Middleware/ValidatePostSize->handle(Object(Illuminate/Http/Request), Object(Closure))
#41 C:/Users/USUARIO/Downloads/laravelProgramacion3/holalaravel-main/vendor/laravel/framework/src/Illuminate/Foundation/Http/Middleware/PreventRequestsDuringMaintenance.php(109): Illuminate/Pipeline/Pipeline->Illuminate/Pipeline/{closure}(Object(Illuminate/Http/Request))
#42 C:/Users/USUARIO/Downloads/laravelProgramacion3/holalaravel-main/vendor/laravel/framework/src/Illuminate/Pipeline/Pipeline.php(219): Illuminate/Foundation/Http/Middleware/PreventRequestsDuringMaintenance->handle(Object(Illuminate/Http/Request), Object(Closure))
#43 C:/Users/USUARIO/Downloads/laravelProgramacion3/holalaravel-main/vendor/laravel/framework/src/Illuminate/Http/Middleware/HandleCors.php(61): Illuminate/Pipeline/Pipeline->Illuminate/Pipeline/{closure}(Object(Illuminate/Http/Request))
#44 C:/Users/USUARIO/Downloads/laravelProgramacion3/holalaravel-main/vendor/laravel/framework/src/Illuminate/Pipeline/Pipeline.php(219): Illuminate/Http/Middleware/HandleCors->handle(Object(Illuminate/Http/Request), Object(Closure))
#45 C:/Users/USUARIO/Downloads/laravelProgramacion3/holalaravel-main/vendor/laravel/framework/src/Illuminate/Http/Middleware/TrustProxies.php(58): Illuminate/Pipeline/Pipeline->Illuminate/Pipeline/{closure}(Object(Illuminate/Http/Request))
#46 C:/Users/USUARIO/Downloads/laravelProgramacion3/holalaravel-main/vendor/laravel/framework/src/Illuminate/Pipeline/Pipeline.php(219): Illuminate/Http/Middleware/TrustProxies->handle(Object(Illuminate/Http/Request), Object(Closure))
#47 C:/Users/USUARIO/Downloads/laravelProgramacion3/holalaravel-main/vendor/laravel/framework/src/Illuminate/Foundation/Http/Middleware/InvokeDeferredCallbacks.php(22): Illuminate/Pipeline/Pipeline->Illuminate/Pipeline/{closure}(Object(Illuminate/Http/Request))
#48 C:/Users/USUARIO/Downloads/laravelProgramacion3/holalaravel-main/vendor/laravel/framework/src/Illuminate/Pipeline/Pipeline.php(219): Illuminate/Foundation/Http/Middleware/InvokeDeferredCallbacks->handle(Object(Illuminate/Http/Request), Object(Closure))
#49 C:/Users/USUARIO/Downloads/laravelProgramacion3/holalaravel-main/vendor/laravel/framework/src/Illuminate/Http/Middleware/ValidatePathEncoding.php(26): Illuminate/Pipeline/Pipeline->Illuminate/Pipeline/{closure}(Object(Illuminate/Http/Request))
#50 C:/Users/USUARIO/Downloads/laravelProgramacion3/holalaravel-main/vendor/laravel/framework/src/Illuminate/Pipeline/Pipeline.php(219): Illuminate/Http/Middleware/ValidatePathEncoding->handle(Object(Illuminate/Http/Request), Object(Closure))
#51 C:/Users/USUARIO/Downloads/laravelProgramacion3/holalaravel-main/vendor/laravel/framework/src/Illuminate/Pipeline/Pipeline.php(137): Illuminate/Pipeline/Pipeline->Illuminate/Pipeline/{closure}(Object(Illuminate/Http/Request))
#52 C:/Users/USUARIO/Downloads/laravelProgramacion3/holalaravel-main/vendor/laravel/framework/src/Illuminate/Foundation/Http/Kernel.php(175): Illuminate/Pipeline/Pipeline->then(Object(Closure))
#53 C:/Users/USUARIO/Downloads/laravelProgramacion3/holalaravel-main/vendor/laravel/framework/src/Illuminate/Foundation/Http/Kernel.php(144): Illuminate/Foundation/Http/Kernel->sendRequestThroughRouter(Object(Illuminate/Http/Request))
#54 C:/Users/USUARIO/Downloads/laravelProgramacion3/holalaravel-main/vendor/laravel/framework/src/Illuminate/Foundation/Application.php(1220): Illuminate/Foundation/Http/Kernel->handle(Object(Illuminate/Http/Request))
#55 C:/Users/USUARIO/Downloads/laravelProgramacion3/holalaravel-main/public/index.php(20): Illuminate/Foundation/Application->handleRequest(Object(Illuminate/Http/Request))
#56 C:/Users/USUARIO/Downloads/laravelProgramacion3/holalaravel-main/vendor/laravel/framework/src/Illuminate/Foundation/resources/server.php(23): require_once('C://Users//USUARI...')
#57 {main}
"} 
